evento_id,edicion_id,deporte_id,nombre_evento
1,1,1,Basketball Men's Basketball
2,2,2,Judo Men's Extra-Lightweight
3,3,3,Football Men's Football
4,4,4,Tug-Of-War Men's Tug-Of-War
5,5,5,Speed Skating Women's 500 metres
6,5,5,"Speed Skating Women's 1,000 metres"
7,6,5,Speed Skating Women's 500 metres
8,6,5,"Speed Skating Women's 1,000 metres"
9,7,5,Speed Skating Women's 500 metres
10,7,5,"Speed Skating Women's 1,000 metres"
11,6,6,Cross Country Skiing Men's 10 kilometres
12,6,6,Cross Country Skiing Men's 50 kilometres
13,6,6,Cross Country Skiing Men's 10/15 kilometres Pursuit
14,6,6,Cross Country Skiing Men's 4 x 10 kilometres Relay
15,7,6,Cross Country Skiing Men's 10 kilometres
16,7,6,Cross Country Skiing Men's 30 kilometres
17,7,6,Cross Country Skiing Men's 10/15 kilometres Pursuit
18,7,6,Cross Country Skiing Men's 4 x 10 kilometres Relay
19,8,7,Athletics Women's 100 metres
20,8,7,Athletics Women's 4 x 100 metres Relay
21,9,8,Ice Hockey Men's Ice Hockey
22,10,9,Swimming Men's 400 metres Freestyle
23,11,6,Cross Country Skiing Men's 30 kilometres
24,12,10,Badminton Men's Singles
25,13,11,Sailing Women's Windsurfer
26,12,11,Sailing Women's Windsurfer
27,7,12,Biathlon Women's 7.5 kilometres Sprint
28,14,9,Swimming Men's 200 metres Breaststroke
29,14,9,Swimming Men's 400 metres Breaststroke
30,3,9,Swimming Men's 200 metres Breaststroke
31,3,9,Swimming Men's 400 metres Breaststroke
32,15,9,Swimming Men's 200 metres Breaststroke
33,16,8,Ice Hockey Men's Ice Hockey
34,17,13,Gymnastics Men's Individual All-Around
35,17,13,Gymnastics Men's Team All-Around
36,17,13,Gymnastics Men's Floor Exercise
37,17,13,Gymnastics Men's Horse Vault
38,17,13,Gymnastics Men's Parallel Bars
39,17,13,Gymnastics Men's Horizontal Bar
40,17,13,Gymnastics Men's Rings
41,17,13,Gymnastics Men's Pommelled Horse
42,10,13,Gymnastics Men's Individual All-Around
43,10,13,Gymnastics Men's Team All-Around
44,10,13,Gymnastics Men's Floor Exercise
45,10,13,Gymnastics Men's Horse Vault
46,10,13,Gymnastics Men's Parallel Bars
47,10,13,Gymnastics Men's Horizontal Bar
48,10,13,Gymnastics Men's Rings
49,10,13,Gymnastics Men's Pommelled Horse
50,12,7,Athletics Men's Shot Put
51,17,14,"Art Competitions Mixed Sculpturing, Unknown Event"
52,6,15,Alpine Skiing Men's Downhill
53,6,15,Alpine Skiing Men's Super G
54,6,15,Alpine Skiing Men's Giant Slalom
55,6,15,Alpine Skiing Men's Slalom
56,7,15,Alpine Skiing Men's Downhill
57,7,15,Alpine Skiing Men's Super G
58,7,15,Alpine Skiing Men's Giant Slalom
59,7,15,Alpine Skiing Men's Slalom
60,7,15,Alpine Skiing Men's Combined
61,18,15,Alpine Skiing Men's Downhill
62,18,15,Alpine Skiing Men's Super G
63,18,15,Alpine Skiing Men's Giant Slalom
64,18,15,Alpine Skiing Men's Combined
65,9,15,Alpine Skiing Men's Downhill
66,9,15,Alpine Skiing Men's Super G
67,9,15,Alpine Skiing Men's Giant Slalom
68,9,15,Alpine Skiing Men's Slalom
69,9,15,Alpine Skiing Men's Combined
70,19,15,Alpine Skiing Men's Downhill
71,19,15,Alpine Skiing Men's Super G
72,20,16,Handball Women's Handball
73,21,17,Weightlifting Women's Super-Heavyweight
74,12,18,"Wrestling Men's Light-Heavyweight, Greco-Roman"
75,22,18,"Wrestling Men's Light-Heavyweight, Greco-Roman"
76,23,5,Speed Skating Men's 500 metres
77,23,5,"Speed Skating Men's 1,500 metres"
78,24,5,"Speed Skating Men's 1,500 metres"
79,3,13,"Gymnastics Men's Team All-Around, Free System"
80,25,19,Luge Women's Singles
81,26,20,Water Polo Men's Water Polo
82,27,11,Sailing Mixed Three Person Keelboat
83,28,11,Sailing Mixed Three Person Keelboat
84,29,21,Hockey Women's Hockey
85,13,22,Rowing Men's Lightweight Double Sculls
86,12,22,Rowing Men's Lightweight Double Sculls
87,30,7,Athletics Men's Pole Vault
88,14,7,Athletics Men's High Jump
89,1,11,Sailing Men's Two Person Dinghy
90,13,11,Sailing Men's Two Person Dinghy
91,2,7,"Athletics Men's 1,500 metres"
92,18,23,Bobsleigh Men's Four
93,13,9,Swimming Men's 100 metres Butterfly
94,13,9,Swimming Men's 200 metres Butterfly
95,13,9,Swimming Men's 4 x 100 metres Medley Relay
96,12,9,Swimming Men's 100 metres Butterfly
97,12,9,Swimming Men's 200 metres Butterfly
98,13,3,Football Women's Football
99,14,24,"Fencing Men's Foil, Individual"
100,14,24,"Fencing Men's epee, Individual"
101,14,24,"Fencing Men's epee, Team"
102,31,5,"Speed Skating Men's 1,500 metres"
103,32,5,"Speed Skating Men's 1,500 metres"
104,32,5,"Speed Skating Men's 5,000 metres"
105,23,5,"Speed Skating Men's 5,000 metres"
106,23,5,"Speed Skating Men's 10,000 metres"
107,14,11,Sailing Mixed 8 metres
108,1,25,"Equestrianism Mixed Jumping, Individual"
109,18,6,Cross Country Skiing Men's 30 kilometres
110,18,6,Cross Country Skiing Men's 50 kilometres
111,9,6,Cross Country Skiing Men's 15 kilometres
112,9,6,Cross Country Skiing Men's 50 kilometres
113,9,6,Cross Country Skiing Men's 4 x 10 kilometres Relay
114,30,26,"Shooting Men's Small-Bore Rifle, Prone, 50 metres"
115,30,26,"Shooting Men's Rapid-Fire Pistol, 25 metres"
116,17,26,"Shooting Men's Rapid-Fire Pistol, 25 metres"
117,10,26,Shooting Men's Trap
118,33,26,Shooting Men's Trap
119,34,26,Shooting Men's Trap
120,3,7,Athletics Men's 4 x 100 metres Relay
121,3,7,Athletics Men's Long Jump
122,15,7,Athletics Men's Long Jump
123,35,7,Athletics Men's Long Jump
124,2,27,Boxing Men's Light-Welterweight
125,22,7,Athletics Women's Javelin Throw
126,20,7,Athletics Women's Javelin Throw
127,1,18,"Wrestling Men's Heavyweight, Freestyle"
128,13,18,"Wrestling Men's Heavyweight, Freestyle"
129,21,13,Gymnastics Men's Individual All-Around
130,21,13,Gymnastics Men's Floor Exercise
131,21,13,Gymnastics Men's Parallel Bars
132,21,13,Gymnastics Men's Horizontal Bar
133,21,13,Gymnastics Men's Rings
134,21,13,Gymnastics Men's Pommelled Horse
135,36,7,Athletics Men's Pole Vault
136,12,28,Taekwondo Men's Flyweight
137,17,27,Boxing Men's Heavyweight
138,21,7,"Athletics Men's 5,000 metres"
139,33,29,"Cycling Men's Road Race, Individual"
140,33,29,"Cycling Men's Road Race, Team"
141,29,27,Boxing Men's Light-Welterweight
142,15,29,"Cycling Men's Road Race, Individual"
143,15,29,"Cycling Men's Road Race, Team"
144,33,17,Weightlifting Men's Lightweight
145,34,17,Weightlifting Men's Middleweight
146,34,3,Football Men's Football
147,21,22,Rowing Men's Coxless Pairs
148,20,24,"Fencing Men's epee, Individual"
149,1,2,Judo Men's Half-Middleweight
150,21,28,Taekwondo Women's Flyweight
151,28,27,Boxing Men's Flyweight
152,2,7,Athletics Women's Javelin Throw
153,12,9,Swimming Men's 4 x 100 metres Medley Relay
154,20,1,Basketball Women's Basketball
155,12,30,Diving Men's Platform
156,1,31,"Canoeing Men's Canadian Doubles, 500 metres"
157,1,31,"Canoeing Men's Canadian Doubles, 1,000 metres"
158,22,31,"Canoeing Men's Kayak Fours, 1,000 metres"
159,20,31,"Canoeing Men's Kayak Fours, 1,000 metres"
160,20,16,Handball Men's Handball
161,2,16,Handball Men's Handball
162,21,16,Handball Men's Handball
163,2,22,Rowing Women's Coxless Pairs
164,22,24,"Fencing Men's epee, Individual"
165,12,3,Football Men's Football
166,27,27,Boxing Men's Middleweight
167,13,2,Judo Men's Lightweight
168,15,27,Boxing Men's Featherweight
169,13,20,Water Polo Men's Water Polo
170,22,3,Football Men's Football
171,12,32,Tennis Men's Doubles
172,1,26,Shooting Mixed Skeet
173,22,18,"Wrestling Men's Featherweight, Freestyle"
174,36,11,Sailing Mixed Two Person Heavyweight Dinghy
175,37,11,Sailing Mixed Two Person Heavyweight Dinghy
176,26,11,Sailing Mixed Two Person Heavyweight Dinghy
177,37,7,"Athletics Men's 1,500 metres"
178,26,7,"Athletics Men's 1,500 metres"
179,38,18,"Wrestling Men's Light-Heavyweight, Greco-Roman"
180,37,7,Athletics Women's Shot Put
181,26,22,Rowing Men's Coxed Eights
182,22,29,Cycling Women's Sprint
183,22,29,Cycling Women's 500 metres Time Trial
184,2,7,Athletics Men's 110 metres Hurdles
185,20,3,Football Men's Football
186,22,16,Handball Men's Handball
187,26,26,Shooting Mixed Trap
188,22,7,Athletics Women's Marathon
189,22,7,Athletics Men's 100 metres
190,36,7,Athletics Men's High Jump
191,27,24,"Fencing Men's Foil, Individual"
192,27,24,"Fencing Men's Foil, Team"
193,27,24,"Fencing Men's Sabre, Team"
194,1,24,"Fencing Men's Sabre, Team"
195,30,9,Swimming Men's 100 metres Freestyle
196,30,9,Swimming Men's 4 x 200 metres Freestyle Relay
197,28,27,Boxing Men's Lightweight
198,35,3,Football Men's Football
199,30,33,Modern Pentathlon Men's Individual
200,28,7,Athletics Men's 100 metres
201,2,27,Boxing Men's Welterweight
202,21,27,Boxing Men's Middleweight
203,29,22,Rowing Men's Quadruple Sculls
204,13,22,Rowing Men's Double Sculls
205,12,22,Rowing Men's Quadruple Sculls
206,26,22,Rowing Men's Coxed Pairs
207,29,22,Rowing Men's Coxed Pairs
208,1,22,Rowing Men's Coxed Pairs
209,13,22,Rowing Men's Coxed Eights
210,37,22,Rowing Men's Coxed Pairs
211,36,7,Athletics Men's 400 metres Hurdles
212,36,7,Athletics Men's 4 x 100 metres Relay
213,37,7,Athletics Men's 400 metres Hurdles
214,21,7,Athletics Men's 400 metres
215,13,7,Athletics Men's Hammer Throw
216,38,17,Weightlifting Men's Lightweight
217,37,7,Athletics Men's Long Jump
218,1,7,Athletics Men's 400 metres Hurdles
219,34,17,Weightlifting Men's Featherweight
220,38,17,Weightlifting Men's Featherweight
221,29,7,Athletics Men's 400 metres
222,29,7,Athletics Men's 800 metres
223,12,29,"Cycling Men's Road Race, Individual"
224,10,30,Diving Men's Platform
225,22,9,Swimming Men's 100 metres Freestyle
226,39,15,Alpine Skiing Men's Giant Slalom
227,22,17,Weightlifting Men's Middleweight
228,12,21,Hockey Men's Hockey
229,22,21,Hockey Men's Hockey
230,2,21,Hockey Men's Hockey
231,10,1,Basketball Men's Basketball
232,26,21,Hockey Men's Hockey
233,16,15,Alpine Skiing Women's Slalom
234,20,21,Hockey Men's Hockey
235,2,22,Rowing Women's Single Sculls
236,20,7,Athletics Men's 100 metres
237,20,9,Swimming Men's 50 metres Freestyle
238,12,17,Weightlifting Women's Featherweight
239,2,20,Water Polo Women's Water Polo
240,4,13,Gymnastics Men's Individual All-Around
241,21,16,Handball Women's Handball
242,12,1,Basketball Men's Basketball
243,24,34,Figure Skating Men's Singles
244,40,34,Figure Skating Men's Singles
245,21,17,Weightlifting Men's Heavyweight
246,41,3,Football Men's Football
247,13,11,Sailing Mixed Three Person Keelboat
248,12,11,Sailing Mixed Three Person Keelboat
249,21,25,"Equestrianism Mixed Three-Day Event, Individual"
250,21,25,"Equestrianism Mixed Three-Day Event, Team"
251,35,7,"Athletics Men's 5,000 metres"
252,39,34,Figure Skating Men's Singles
253,16,34,Figure Skating Men's Singles
254,16,34,Figure Skating Mixed Team
255,36,31,"Canoeing Men's Canadian Doubles, 1,000 metres"
256,20,11,Sailing Women's Three Person Keelboat
257,21,29,"Cycling Women's Road Race, Individual"
258,4,35,Golf Women's Individual
259,20,36,Softball Women's Softball
260,20,37,Archery Women's Individual
261,2,18,"Wrestling Men's Heavyweight, Greco-Roman"
262,20,38,Volleyball Men's Volleyball
263,20,28,Taekwondo Women's Heavyweight
264,20,39,Synchronized Swimming Women's Duet
265,20,39,Synchronized Swimming Women's Team
266,2,39,Synchronized Swimming Women's Team
267,20,7,"Athletics Men's 5,000 metres"
268,21,38,Volleyball Men's Volleyball
269,1,16,Handball Men's Handball
270,13,16,Handball Men's Handball
271,34,13,Gymnastics Men's Individual All-Around
272,34,13,Gymnastics Men's Team All-Around
273,34,13,Gymnastics Men's Floor Exercise
274,34,13,Gymnastics Men's Horse Vault
275,34,13,Gymnastics Men's Parallel Bars
276,34,13,Gymnastics Men's Horizontal Bar
277,34,13,Gymnastics Men's Rings
278,34,13,Gymnastics Men's Pommelled Horse
279,1,24,"Fencing Men's Foil, Individual"
280,22,28,Taekwondo Women's Featherweight
281,38,7,Athletics Men's Marathon
282,28,7,Athletics Men's 4 x 400 metres Relay
283,10,7,"Athletics Men's 10,000 metres"
284,26,7,"Athletics Women's 3,000 metres"
285,21,30,Diving Women's Platform
286,12,38,Volleyball Men's Volleyball
287,12,26,"Shooting Men's Air Rifle, 10 metres"
288,28,3,Football Men's Football
289,10,7,Athletics Men's Marathon
290,34,7,Athletics Men's Long Jump
291,34,27,Boxing Men's Featherweight
292,27,27,Boxing Men's Lightweight
293,28,7,Athletics Men's 200 metres
294,12,39,Synchronized Swimming Women's Duet
295,22,39,Synchronized Swimming Women's Duet
296,1,21,Hockey Men's Hockey
297,34,22,Rowing Men's Coxed Eights
298,22,20,Water Polo Men's Water Polo
299,17,24,"Fencing Men's Foil, Individual"
300,17,24,"Fencing Men's Foil, Team"
301,17,24,"Fencing Men's epee, Team"
302,10,24,"Fencing Men's Foil, Team"
303,10,24,"Fencing Men's epee, Team"
304,34,20,Water Polo Men's Water Polo
305,36,17,Weightlifting Men's Flyweight
306,26,38,Volleyball Men's Volleyball
307,27,27,Boxing Men's Featherweight
308,17,18,"Wrestling Men's Featherweight, Freestyle"
309,1,3,Football Men's Football
310,28,1,Basketball Men's Basketball
311,17,20,Water Polo Men's Water Polo
312,17,9,Swimming Men's 100 metres Freestyle
313,17,9,Swimming Men's 100 metres Backstroke
314,10,20,Water Polo Men's Water Polo
315,10,9,Swimming Men's 100 metres Freestyle
316,34,7,Athletics Men's 100 metres
317,10,17,Weightlifting Men's Light-Heavyweight
318,34,17,Weightlifting Men's Light-Heavyweight
319,36,16,Handball Men's Handball
320,29,18,"Wrestling Men's Lightweight, Greco-Roman"
321,26,1,Basketball Men's Basketball
322,29,1,Basketball Men's Basketball
323,36,1,Basketball Men's Basketball
324,13,7,Athletics Men's 400 metres
325,38,22,Rowing Men's Coxed Eights
326,38,20,Water Polo Men's Water Polo
327,30,24,"Fencing Men's Sabre, Individual"
328,17,24,"Fencing Men's epee, Individual"
329,10,24,"Fencing Men's epee, Individual"
330,10,24,"Fencing Men's Sabre, Individual"
331,10,24,"Fencing Men's Sabre, Team"
332,10,27,Boxing Men's Welterweight
333,34,24,"Fencing Men's Foil, Team"
334,38,24,"Fencing Men's Foil, Individual"
335,38,24,"Fencing Men's Foil, Team"
336,20,18,"Wrestling Men's Super-Heavyweight, Greco-Roman"
337,20,26,"Shooting Men's Free Pistol, 50 metres"
338,21,26,"Shooting Men's Air Pistol, 10 metres"
339,21,26,"Shooting Men's Free Pistol, 50 metres"
340,22,24,"Fencing Men's epee, Team"
341,12,22,Rowing Men's Coxless Fours
342,12,27,Boxing Men's Light-Flyweight
343,12,27,Boxing Men's Super-Heavyweight
344,36,27,Boxing Men's Light-Flyweight
345,17,18,"Wrestling Men's Flyweight, Greco-Roman"
346,22,26,"Shooting Women's Air Rifle, 10 metres"
347,20,26,"Shooting Women's Air Rifle, 10 metres"
348,21,26,"Shooting Women's Air Rifle, 10 metres"
349,21,27,Boxing Men's Lightweight
350,21,2,Judo Men's Half-Middleweight
351,20,26,"Shooting Men's Air Pistol, 10 metres"
352,2,17,Weightlifting Men's Middleweight
353,21,17,Weightlifting Men's Middleweight
354,20,7,"Athletics Men's 1,500 metres"
355,26,3,Football Men's Football
356,2,17,Weightlifting Men's Light-Heavyweight
357,21,17,Weightlifting Men's Middle-Heavyweight
358,10,7,"Athletics Men's 5,000 metres"
359,22,26,"Shooting Men's Air Rifle, 10 metres"
360,20,26,"Shooting Men's Air Rifle, 10 metres"
361,21,3,Football Men's Football
362,21,39,Synchronized Swimming Women's Team
363,2,18,"Wrestling Men's Lightweight, Greco-Roman"
364,21,2,Judo Men's Extra-Lightweight
365,2,7,Athletics Men's Javelin Throw
366,12,13,Gymnastics Men's Individual All-Around
367,12,13,Gymnastics Men's Horse Vault
368,12,13,Gymnastics Men's Parallel Bars
369,12,13,Gymnastics Men's Rings
370,12,13,Gymnastics Men's Pommelled Horse
371,37,7,"Athletics Men's 5,000 metres"
372,1,7,Athletics Men's 800 metres
373,20,38,Volleyball Women's Volleyball
374,2,38,Volleyball Women's Volleyball
375,2,18,"Wrestling Men's Welterweight, Greco-Roman"
376,21,18,"Wrestling Men's Middleweight, Greco-Roman"
377,21,7,"Athletics Men's 10,000 metres"
378,20,7,"Athletics Men's 3,000 metres Steeplechase"
379,2,7,"Athletics Men's 3,000 metres Steeplechase"
380,1,7,"Athletics Men's 3,000 metres Steeplechase"
381,13,7,"Athletics Men's 3,000 metres Steeplechase"
382,29,7,"Athletics Men's 10,000 metres"
383,1,7,Athletics Men's Marathon
384,35,24,"Fencing Men's Foil, Individual"
385,35,24,"Fencing Men's Foil, Team"
386,30,24,"Fencing Men's Foil, Individual"
387,30,24,"Fencing Men's Foil, Team"
388,30,24,"Fencing Men's epee, Individual"
389,30,24,"Fencing Men's epee, Team"
390,12,7,"Athletics Men's 10,000 metres"
391,22,7,"Athletics Men's 10,000 metres"
392,20,7,"Athletics Men's 10,000 metres"
393,2,7,Athletics Men's Marathon
394,12,18,"Wrestling Men's Welterweight, Greco-Roman"
395,22,18,"Wrestling Men's Middleweight, Freestyle"
396,20,18,"Wrestling Men's Middleweight, Freestyle"
397,26,9,Swimming Women's 100 metres Backstroke
398,26,9,Swimming Women's 200 metres Backstroke
399,26,9,Swimming Women's 4 x 100 metres Medley Relay
400,36,3,Football Men's Football
401,2,27,Boxing Men's Lightweight
402,12,18,"Wrestling Men's Light-Heavyweight, Freestyle"
403,22,33,Modern Pentathlon Men's Individual
404,29,33,Modern Pentathlon Men's Individual
405,29,33,Modern Pentathlon Men's Team
406,1,33,Modern Pentathlon Men's Individual
407,1,33,Modern Pentathlon Men's Team
408,13,7,Athletics Men's 200 metres
409,21,38,Volleyball Women's Volleyball
410,10,27,Boxing Men's Bantamweight
411,21,7,Athletics Women's 200 metres
412,37,7,Athletics Men's 4 x 400 metres Relay
413,13,21,Hockey Men's Hockey
414,12,40,Table Tennis Women's Singles
415,12,40,Table Tennis Women's Doubles
416,20,40,Table Tennis Women's Singles
417,13,26,Shooting Men's Skeet
418,12,26,Shooting Men's Skeet
419,12,9,Swimming Men's 50 metres Freestyle
420,35,7,Athletics Men's 110 metres Hurdles
421,35,7,Athletics Men's 400 metres Hurdles
422,34,17,Weightlifting Men's Heavyweight
423,38,17,Weightlifting Men's Heavyweight
424,37,3,Football Men's Football
425,37,17,Weightlifting Men's Light-Heavyweight
426,36,7,Athletics Men's 200 metres
427,34,27,Boxing Men's Lightweight
428,1,7,Athletics Men's 4 x 400 metres Relay
429,29,7,Athletics Men's Marathon
430,12,9,Swimming Women's 50 metres Freestyle
431,36,20,Water Polo Men's Water Polo
432,26,26,"Shooting Men's Small-Bore Rifle, Three Positions, 50 metres"
433,26,26,"Shooting Men's Rapid-Fire Pistol, 25 metres"
434,28,29,"Cycling Men's Road Race, Individual"
435,27,7,Athletics Men's 400 metres Hurdles
436,34,21,Hockey Men's Hockey
437,38,21,Hockey Men's Hockey
438,20,7,Athletics Women's 100 metres
439,2,7,Athletics Women's 100 metres
440,34,7,Athletics Men's Triple Jump
441,34,7,Athletics Men's High Jump
442,17,21,Hockey Men's Hockey
443,37,18,"Wrestling Men's Flyweight, Greco-Roman"
444,30,30,Diving Men's Platform
445,17,30,Diving Men's Platform
446,13,26,"Shooting Men's Air Rifle, 10 metres"
447,37,9,Swimming Men's 400 metres Freestyle
448,37,9,Swimming Men's 100 metres Butterfly
449,10,21,Hockey Men's Hockey
450,22,17,Weightlifting Women's Lightweight
451,27,7,Athletics Men's 100 metres
452,27,7,Athletics Men's 4 x 100 metres Relay
453,28,7,Athletics Men's 4 x 100 metres Relay
454,20,7,Athletics Women's Long Jump
455,2,24,"Fencing Women's epee, Individual"
456,28,18,"Wrestling Men's Featherweight, Freestyle"
457,27,9,Swimming Men's 100 metres Freestyle
458,27,9,Swimming Men's 200 metres Freestyle
459,27,9,Swimming Men's 4 x 100 metres Freestyle Relay
460,27,9,Swimming Men's 4 x 200 metres Freestyle Relay
461,27,9,Swimming Men's 4 x 100 metres Medley Relay
462,29,9,Swimming Men's 200 metres Butterfly
463,22,22,Rowing Men's Double Sculls
464,1,17,Weightlifting Men's Middle-Heavyweight
465,29,9,Swimming Men's 4 x 100 metres Freestyle Relay
466,29,9,Swimming Men's 4 x 200 metres Freestyle Relay
467,29,9,Swimming Men's 100 metres Backstroke
468,29,9,Swimming Men's 200 metres Backstroke
469,29,9,Swimming Men's 200 metres Individual Medley
470,29,9,Swimming Men's 4 x 100 metres Medley Relay
471,26,7,Athletics Men's 100 metres
472,34,7,Athletics Men's Pole Vault
473,13,9,Swimming Men's 200 metres Individual Medley
474,13,9,Swimming Men's 400 metres Individual Medley
475,12,9,Swimming Men's 400 metres Individual Medley
476,1,10,Badminton Women's Singles
477,13,10,Badminton Women's Singles
478,27,27,Boxing Men's Light-Middleweight
479,28,27,Boxing Men's Middleweight
480,29,32,Tennis Men's Singles
481,21,27,Boxing Men's Heavyweight
482,13,18,"Wrestling Men's Bantamweight, Freestyle"
483,12,18,"Wrestling Men's Featherweight, Freestyle"
484,13,27,Boxing Men's Lightweight
485,12,27,Boxing Men's Light-Welterweight
486,2,18,"Wrestling Men's Super-Heavyweight, Greco-Roman"
487,21,18,"Wrestling Men's Super-Heavyweight, Greco-Roman"
488,13,18,"Wrestling Men's Flyweight, Freestyle"
489,12,18,"Wrestling Men's Bantamweight, Freestyle"
490,2,7,"Athletics Women's 5,000 metres"
491,20,18,"Wrestling Men's Middleweight, Greco-Roman"
492,28,9,Swimming Men's 100 metres Freestyle
493,20,17,Weightlifting Women's Light-Heavyweight
494,2,17,Weightlifting Women's Heavyweight
495,2,3,Football Men's Football
496,2,39,Synchronized Swimming Women's Duet
497,37,7,Athletics Men's Discus Throw
498,29,7,Athletics Men's 110 metres Hurdles
499,1,7,Athletics Men's 110 metres Hurdles
500,20,17,Weightlifting Men's Featherweight
501,2,17,Weightlifting Men's Lightweight
502,22,27,Boxing Men's Middleweight
503,20,28,Taekwondo Men's Featherweight
504,2,28,Taekwondo Men's Welterweight
505,21,18,"Wrestling Men's Middleweight, Freestyle"
506,21,2,Judo Men's Heavyweight
507,20,18,"Wrestling Men's Light-Heavyweight, Freestyle"
508,2,18,"Wrestling Men's Light-Heavyweight, Freestyle"
509,37,29,Cycling Men's Sprint
510,1,7,Athletics Men's Hammer Throw
511,12,7,Athletics Men's Hammer Throw
512,29,29,"Cycling Men's Road Race, Individual"
513,13,29,"Cycling Men's Road Race, Individual"
514,22,27,Boxing Men's Bantamweight
515,30,7,Athletics Men's Hammer Throw
516,42,23,Bobsleigh Men's Two
517,42,23,Bobsleigh Men's Four
518,43,23,Bobsleigh Men's Two
519,43,23,Bobsleigh Men's Four
520,34,18,"Wrestling Men's Lightweight, Freestyle"
521,5,41,Nordic Combined Men's Team
522,5,41,Nordic Combined Men's Individual
523,6,41,Nordic Combined Men's Individual
524,7,41,Nordic Combined Men's Team
525,7,41,Nordic Combined Men's Individual
526,27,7,Athletics Men's Long Jump
527,30,22,Rowing Men's Coxed Pairs
528,12,42,Baseball Men's Baseball
529,20,42,Baseball Men's Baseball
530,26,22,Rowing Men's Coxed Fours
531,29,22,Rowing Men's Coxed Eights
532,1,22,Rowing Men's Coxed Eights
533,26,29,"Cycling Women's Road Race, Individual"
534,37,16,Handball Women's Handball
535,1,7,"Athletics Men's 5,000 metres"
536,1,7,"Athletics Men's 10,000 metres"
537,1,29,"Cycling Men's Road Race, Individual"
538,1,29,Cycling Men's 100 kilometres Team Time Trial
539,29,27,Boxing Men's Flyweight
540,2,24,"Fencing Men's Sabre, Individual"
541,21,24,"Fencing Men's Sabre, Individual"
542,15,3,Football Men's Football
543,28,38,Volleyball Men's Volleyball
544,36,38,Volleyball Men's Volleyball
545,22,43,Rhythmic Gymnastics Women's Group
546,35,14,"Art Competitions Mixed Architecture, Designs For Town Planning"
547,35,14,"Art Competitions Mixed Architecture, Architectural Designs"
548,44,8,Ice Hockey Men's Ice Hockey
549,31,8,Ice Hockey Men's Ice Hockey
550,43,41,Nordic Combined Men's Individual
551,11,41,Nordic Combined Men's Individual
552,28,13,Gymnastics Women's Individual All-Around
553,28,13,Gymnastics Women's Team All-Around
554,28,13,Gymnastics Women's Floor Exercise
555,28,13,Gymnastics Women's Horse Vault
556,28,13,Gymnastics Women's Uneven Bars
557,28,13,Gymnastics Women's Balance Beam
558,20,30,Diving Women's Springboard
559,2,30,Diving Women's Springboard
560,2,30,Diving Women's Synchronized Springboard
561,21,30,Diving Women's Springboard
562,21,30,Diving Women's Synchronized Springboard
563,20,13,Gymnastics Women's Individual All-Around
564,20,13,Gymnastics Women's Team All-Around
565,20,13,Gymnastics Women's Floor Exercise
566,20,13,Gymnastics Women's Uneven Bars
567,20,13,Gymnastics Women's Balance Beam
568,12,7,"Athletics Women's 10,000 metres"
569,15,26,"Shooting Men's Small-Bore Rifle, Prone, 50 metres"
570,17,26,"Shooting Men's Small-Bore Rifle, Prone, 50 metres"
571,10,26,"Shooting Men's Small-Bore Rifle, Three Positions, 50 metres"
572,10,26,"Shooting Men's Small-Bore Rifle, Prone, 50 metres"
573,3,11,Sailing Mixed 7 metres
574,2,2,Judo Women's Half-Middleweight
575,20,7,Athletics Men's Decathlon
576,21,7,Athletics Men's Decathlon
577,34,13,Gymnastics Women's Individual All-Around
578,34,13,Gymnastics Women's Floor Exercise
579,34,13,Gymnastics Women's Horse Vault
580,34,13,Gymnastics Women's Uneven Bars
581,34,13,Gymnastics Women's Balance Beam
582,4,22,Rowing Men's Coxed Eights
583,45,22,Rowing Men's Coxed Eights
584,11,12,Biathlon Men's 10 kilometres Sprint
585,11,12,Biathlon Men's 20 kilometres
586,11,12,Biathlon Men's 4 x 7.5 kilometres Relay
587,13,7,Athletics Women's 4 x 100 metres Relay
588,12,7,Athletics Men's Marathon
589,21,7,Athletics Men's Marathon
590,27,22,Rowing Men's Coxed Fours
591,28,22,Rowing Men's Coxed Eights
592,36,22,Rowing Men's Coxed Fours
593,14,7,Athletics Men's Hammer Throw
594,6,44,Freestyle Skiing Men's Moguls
595,14,7,Athletics Men's Long Jump
596,14,7,Athletics Men's Triple Jump
597,29,9,Swimming Women's 50 metres Freestyle
598,14,18,"Wrestling Men's Middleweight A, Greco-Roman"
599,17,7,Athletics Women's Discus Throw
600,10,7,"Athletics Men's 1,500 metres"
601,5,19,Luge Women's Singles
602,6,19,Luge Women's Singles
603,7,19,Luge Women's Singles
604,18,19,Luge Women's Singles
605,9,19,Luge Women's Singles
606,33,9,Swimming Women's 4 x 100 metres Freestyle Relay
607,33,9,Swimming Women's 100 metres Backstroke
608,31,15,Alpine Skiing Women's Slalom
609,22,7,"Athletics Women's 1,500 metres"
610,22,7,"Athletics Women's 5,000 metres"
611,20,7,"Athletics Women's 5,000 metres"
612,20,7,"Athletics Women's 10,000 metres"
613,12,26,"Shooting Women's Air Pistol, 10 metres"
614,12,26,"Shooting Women's Sporting Pistol, 25 metres"
615,21,9,Swimming Men's 100 metres Freestyle
616,21,27,Boxing Men's Flyweight
617,1,31,"Canoeing Men's Kayak Doubles, 500 metres"
618,13,31,"Canoeing Men's Kayak Singles, 500 metres"
619,20,31,"Canoeing Men's Kayak Singles, 500 metres"
620,20,31,"Canoeing Men's Kayak Singles, 1,000 metres"
621,20,10,Badminton Men's Singles
622,2,10,Badminton Men's Singles
623,21,10,Badminton Men's Singles
624,26,26,"Shooting Men's Running Target, 50 metres"
625,29,30,Diving Women's Platform
626,29,3,Football Men's Football
627,28,7,Athletics Men's 800 metres
628,28,7,"Athletics Men's 1,500 metres"
629,20,2,Judo Women's Half-Heavyweight
630,20,7,Athletics Men's 4 x 400 metres Relay
631,2,7,Athletics Women's Pole Vault
632,21,45,Rugby Sevens Women's Rugby Sevens
633,36,18,"Wrestling Men's Middleweight, Freestyle"
634,37,18,"Wrestling Men's Middleweight, Freestyle"
635,2,3,Football Women's Football
636,21,3,Football Women's Football
637,2,7,Athletics Women's 4 x 100 metres Relay
638,21,40,Table Tennis Men's Team
639,37,27,Boxing Men's Bantamweight
640,26,27,Boxing Men's Bantamweight
641,18,34,Figure Skating Mixed Pairs
642,22,27,Boxing Men's Light-Flyweight
643,21,20,Water Polo Women's Water Polo
644,9,44,Freestyle Skiing Men's Aerials
645,19,44,Freestyle Skiing Men's Aerials
646,39,44,Freestyle Skiing Men's Aerials
647,35,20,Water Polo Men's Water Polo
648,30,20,Water Polo Men's Water Polo
649,8,7,Athletics Men's 4 x 400 metres Relay
650,2,13,Gymnastics Men's Team All-Around
651,2,13,Gymnastics Men's Floor Exercise
652,2,13,Gymnastics Men's Horse Vault
653,2,13,Gymnastics Men's Parallel Bars
654,2,13,Gymnastics Men's Horizontal Bar
655,2,13,Gymnastics Men's Rings
656,21,13,Gymnastics Men's Team All-Around
657,21,13,Gymnastics Men's Horse Vault
658,36,22,Rowing Women's Coxed Eights
659,13,3,Football Men's Football
660,2,7,Athletics Women's 4 x 400 metres Relay
661,28,9,Swimming Men's 400 metres Freestyle
662,28,9,Swimming Men's 4 x 100 metres Freestyle Relay
663,28,9,Swimming Men's 4 x 200 metres Freestyle Relay
664,28,9,Swimming Men's 4 x 100 metres Medley Relay
665,18,15,Alpine Skiing Women's Giant Slalom
666,16,15,Alpine Skiing Women's Super G
667,16,15,Alpine Skiing Women's Giant Slalom
668,29,7,Athletics Men's 4 x 100 metres Relay
669,21,9,Swimming Men's 50 metres Freestyle
670,21,9,Swimming Men's 4 x 100 metres Freestyle Relay
671,5,6,Cross Country Skiing Women's 5 kilometres
672,5,6,Cross Country Skiing Women's 10 kilometres
673,5,6,Cross Country Skiing Women's 20 kilometres
674,26,7,Athletics Men's 400 metres Hurdles
675,26,7,Athletics Men's 4 x 400 metres Relay
676,27,29,"Cycling Men's Road Race, Individual"
677,27,29,Cycling Men's Sprint
678,27,29,"Cycling Men's 1,000 metres Time Trial"
679,27,29,"Cycling Men's Individual Pursuit, 4,000 metres"
680,28,29,"Cycling Men's Individual Pursuit, 4,000 metres"
681,28,18,"Wrestling Men's Welterweight, Freestyle"
682,12,16,Handball Men's Handball
683,12,18,"Wrestling Men's Bantamweight, Greco-Roman"
684,17,3,Football Men's Football
685,12,7,Athletics Men's 400 metres Hurdles
686,17,1,Basketball Men's Basketball
687,17,24,"Fencing Men's Sabre, Individual"
688,17,24,"Fencing Men's Sabre, Team"
689,29,27,Boxing Men's Light-Flyweight
690,22,7,Athletics Men's Triple Jump
691,20,7,Athletics Men's Triple Jump
692,1,27,Boxing Men's Bantamweight
693,29,7,Athletics Men's Triple Jump
694,26,27,Boxing Men's Welterweight
695,26,18,"Wrestling Men's Bantamweight, Freestyle"
696,2,7,"Athletics Men's 5,000 metres"
697,2,24,"Fencing Men's Foil, Individual"
698,2,24,"Fencing Men's Foil, Team"
699,21,24,"Fencing Men's Foil, Individual"
700,21,24,"Fencing Men's Foil, Team"
701,27,30,Diving Men's Platform
702,22,2,Judo Men's Half-Middleweight
703,33,21,Hockey Men's Hockey
704,28,7,Athletics Men's 110 metres Hurdles
705,13,16,Handball Women's Handball
706,14,7,Athletics Men's Decathlon
707,30,13,Gymnastics Men's Individual All-Around
708,30,13,Gymnastics Men's Team All-Around
709,30,13,Gymnastics Men's Floor Exercise
710,30,13,Gymnastics Men's Horse Vault
711,30,13,Gymnastics Men's Parallel Bars
712,30,13,Gymnastics Men's Horizontal Bar
713,30,13,Gymnastics Men's Rings
714,30,13,Gymnastics Men's Pommelled Horse
715,29,31,"Canoeing Men's Kayak Doubles, 500 metres"
716,29,31,"Canoeing Men's Kayak Fours, 1,000 metres"
717,1,31,"Canoeing Men's Kayak Fours, 1,000 metres"
718,41,13,Gymnastics Men's Team All-Around
719,36,9,Swimming Men's 100 metres Backstroke
720,36,9,Swimming Men's 4 x 100 metres Medley Relay
721,37,9,Swimming Men's 100 metres Backstroke
722,37,9,Swimming Men's 4 x 100 metres Medley Relay
723,21,22,Rowing Women's Lightweight Double Sculls
724,26,7,Athletics Women's 800 metres
725,26,7,Athletics Women's 4 x 400 metres Relay
726,29,7,Athletics Women's 800 metres
727,29,7,Athletics Women's 4 x 400 metres Relay
728,1,7,Athletics Women's 800 metres
729,13,7,Athletics Women's 4 x 400 metres Relay
730,37,22,Rowing Women's Coxed Quadruple Sculls
731,12,18,"Wrestling Men's Middleweight, Greco-Roman"
732,20,18,"Wrestling Men's Light-Heavyweight, Greco-Roman"
733,26,7,Athletics Men's 200 metres
734,36,7,Athletics Men's 100 metres
735,3,7,Athletics Men's 100 metres
736,3,7,Athletics Men's 200 metres
737,15,7,Athletics Men's 100 metres
738,15,7,Athletics Men's 200 metres
739,15,7,Athletics Men's 4 x 100 metres Relay
740,41,7,Athletics Men's 100 metres
741,41,7,Athletics Men's Long Jump
742,14,13,"Gymnastics Men's Team All-Around, Free System"
743,11,8,Ice Hockey Men's Ice Hockey
744,25,8,Ice Hockey Men's Ice Hockey
745,26,17,Weightlifting Men's Lightweight
746,28,16,Handball Men's Handball
747,42,8,Ice Hockey Men's Ice Hockey
748,34,24,"Fencing Men's Foil, Individual"
749,34,24,"Fencing Men's epee, Individual"
750,34,24,"Fencing Men's epee, Team"
751,38,24,"Fencing Men's epee, Individual"
752,38,24,"Fencing Men's epee, Team"
753,46,8,Ice Hockey Men's Ice Hockey
754,19,15,Alpine Skiing Men's Giant Slalom
755,19,15,Alpine Skiing Men's Slalom
756,39,15,Alpine Skiing Men's Slalom
757,16,15,Alpine Skiing Men's Giant Slalom
758,16,15,Alpine Skiing Men's Slalom
759,21,7,Athletics Women's Shot Put
760,16,44,Freestyle Skiing Men's Aerials
761,39,12,Biathlon Men's 10 kilometres Sprint
762,39,12,Biathlon Men's 12.5 kilometres Pursuit
763,39,12,Biathlon Men's 20 kilometres
764,39,12,Biathlon Men's 4 x 7.5 kilometres Relay
765,16,12,Biathlon Men's 10 kilometres Sprint
766,16,12,Biathlon Mixed 2 x 6 kilometres and 2 x 7.5 kilometres Relay
767,16,12,Biathlon Men's 12.5 kilometres Pursuit
768,16,12,Biathlon Men's 20 kilometres
769,16,12,Biathlon Men's 4 x 7.5 kilometres Relay
770,13,43,Rhythmic Gymnastics Women's Individual
771,13,31,"Canoeing Men's Kayak Singles, Slalom"
772,18,15,Alpine Skiing Men's Slalom
773,34,27,Boxing Men's Heavyweight
774,20,37,Archery Men's Individual
775,20,37,Archery Men's Team
776,22,38,Volleyball Men's Volleyball
777,7,8,Ice Hockey Men's Ice Hockey
778,29,9,Swimming Women's 4 x 100 metres Freestyle Relay
779,38,38,Volleyball Women's Volleyball
780,19,5,"Speed Skating Women's 1,000 metres"
781,19,5,"Speed Skating Women's 1,500 metres"
782,19,5,Speed Skating Women's Team Pursuit (6 laps)
783,39,5,"Speed Skating Women's 1,500 metres"
784,19,6,Cross Country Skiing Men's Sprint
785,19,6,Cross Country Skiing Men's 15 kilometres
786,39,23,Bobsleigh Men's Two
787,39,23,Bobsleigh Men's Four
788,21,7,Athletics Women's 400 metres
789,29,29,Cycling Men's Sprint
790,21,7,Athletics Men's Shot Put
791,29,7,Athletics Men's 4 x 400 metres Relay
792,13,7,Athletics Men's 800 metres
793,20,7,Athletics Men's 200 metres
794,2,7,Athletics Men's 200 metres
795,7,34,Figure Skating Women's Singles
796,6,5,Speed Skating Men's 500 metres
797,6,5,"Speed Skating Men's 1,000 metres"
798,18,5,Speed Skating Men's 500 metres
799,18,5,"Speed Skating Men's 1,000 metres"
800,9,5,Speed Skating Men's 500 metres
801,9,5,"Speed Skating Men's 1,000 metres"
802,21,46,Trampolining Men's Individual
803,36,18,"Wrestling Men's Flyweight, Freestyle"
804,27,13,Gymnastics Men's Individual All-Around
805,27,13,Gymnastics Men's Floor Exercise
806,27,13,Gymnastics Men's Horse Vault
807,27,13,Gymnastics Men's Parallel Bars
808,27,13,Gymnastics Men's Horizontal Bar
809,27,13,Gymnastics Men's Rings
810,27,13,Gymnastics Men's Pommelled Horse
811,36,9,Swimming Men's 200 metres Breaststroke
812,36,9,Swimming Men's 200 metres Butterfly
813,36,9,Swimming Men's 400 metres Individual Medley
814,20,47,Beach Volleyball Men's Beach Volleyball
815,37,1,Basketball Men's Basketball
816,36,9,Swimming Men's 400 metres Freestyle
817,36,9,Swimming Men's 4 x 200 metres Freestyle Relay
818,37,9,Swimming Men's 100 metres Freestyle
819,37,9,Swimming Men's 200 metres Freestyle
820,2,7,Athletics Women's Marathon
821,21,7,Athletics Women's Marathon
822,2,29,"Cycling Women's Mountainbike, Cross-Country"
823,21,1,Basketball Men's Basketball
824,14,7,Athletics Men's Javelin Throw
825,14,7,"Athletics Men's Javelin Throw, Both Hands"
826,21,48,Triathlon Women's Olympic Distance
827,12,1,Basketball Women's Basketball
828,10,13,Gymnastics Women's Individual All-Around
829,10,13,Gymnastics Women's Team All-Around
830,10,13,Gymnastics Women's Team Portable Apparatus
831,10,13,Gymnastics Women's Floor Exercise
832,10,13,Gymnastics Women's Horse Vault
833,10,13,Gymnastics Women's Uneven Bars
834,10,13,Gymnastics Women's Balance Beam
835,37,18,"Wrestling Men's Lightweight, Freestyle"
836,22,29,"Cycling Men's Mountainbike, Cross-Country"
837,20,29,"Cycling Men's Mountainbike, Cross-Country"
838,2,29,"Cycling Men's Mountainbike, Cross-Country"
839,21,29,"Cycling Men's Mountainbike, Cross-Country"
840,29,7,"Athletics Men's 3,000 metres Steeplechase"
841,29,7,Athletics Women's 400 metres Hurdles
842,9,34,Figure Skating Men's Singles
843,26,24,"Fencing Men's epee, Individual"
844,26,24,"Fencing Men's epee, Team"
845,13,7,"Athletics Men's 10,000 metres"
846,2,2,Judo Men's Lightweight
847,30,7,"Athletics Men's 5,000 metres"
848,12,9,Swimming Men's 200 metres Individual Medley
849,22,9,Swimming Men's 100 metres Backstroke
850,13,27,Boxing Men's Bantamweight
851,22,7,Athletics Men's 400 metres
852,20,7,Athletics Men's 400 metres
853,22,7,Athletics Women's 800 metres
854,12,27,Boxing Men's Middleweight
855,29,17,Weightlifting Men's Featherweight
856,20,7,Athletics Women's 400 metres
857,20,7,Athletics Women's 4 x 400 metres Relay
858,27,7,Athletics Men's High Jump
859,38,7,Athletics Men's High Jump
860,22,17,Weightlifting Men's Light-Heavyweight
861,21,28,Taekwondo Men's Featherweight
862,22,7,Athletics Women's 100 metres
863,34,13,Gymnastics Women's Team All-Around
864,38,13,Gymnastics Women's Individual All-Around
865,38,13,Gymnastics Women's Team All-Around
866,38,13,Gymnastics Women's Floor Exercise
867,38,13,Gymnastics Women's Horse Vault
868,38,13,Gymnastics Women's Uneven Bars
869,38,13,Gymnastics Women's Balance Beam
870,21,7,Athletics Men's 100 metres
871,2,28,Taekwondo Men's Featherweight
872,21,7,Athletics Women's 100 metres
873,26,30,Diving Men's Springboard
874,26,30,Diving Men's Platform
875,22,7,Athletics Men's Marathon
876,22,2,Judo Men's Extra-Lightweight
877,36,24,"Fencing Men's epee, Individual"
878,36,24,"Fencing Men's epee, Team"
879,37,24,"Fencing Men's epee, Individual"
880,37,24,"Fencing Men's epee, Team"
881,37,18,"Wrestling Men's Featherweight, Freestyle"
882,20,27,Boxing Men's Bantamweight
883,2,27,Boxing Men's Bantamweight
884,22,9,Swimming Men's 400 metres Freestyle
885,29,24,"Fencing Men's epee, Individual"
886,20,48,Triathlon Women's Olympic Distance
887,2,48,Triathlon Women's Olympic Distance
888,27,18,"Wrestling Men's Welterweight, Greco-Roman"
889,17,7,Athletics Men's 400 metres
890,17,7,Athletics Men's 4 x 400 metres Relay
891,10,7,Athletics Men's 400 metres
892,10,7,Athletics Men's 400 metres Hurdles
893,28,31,"Canoeing Men's Canadian Doubles, 1,000 metres"
894,28,7,Athletics Men's Hammer Throw
895,36,7,Athletics Men's Hammer Throw
896,13,22,Rowing Women's Lightweight Double Sculls
897,17,22,Rowing Men's Coxed Eights
898,7,15,Alpine Skiing Women's Slalom
899,18,15,Alpine Skiing Women's Slalom
900,5,15,Alpine Skiing Men's Slalom
901,5,15,Alpine Skiing Men's Combined
902,6,15,Alpine Skiing Men's Combined
903,47,13,Gymnastics Men's Team All-Around
904,2,7,Athletics Men's 4 x 400 metres Relay
905,1,43,Rhythmic Gymnastics Women's Individual
906,34,7,"Athletics Men's 5,000 metres"
907,35,24,"Fencing Men's Sabre, Team"
908,29,7,Athletics Women's 100 metres
909,29,7,Athletics Women's 200 metres
910,27,3,Football Men's Football
911,1,27,Boxing Men's Welterweight
912,1,17,Weightlifting Men's Lightweight
913,28,29,Cycling Men's 100 kilometres Team Time Trial
914,27,7,Athletics Men's 200 metres
915,28,7,Athletics Men's 400 metres
916,21,9,Swimming Men's 100 metres Backstroke
917,21,9,Swimming Men's 4 x 100 metres Medley Relay
918,26,18,"Wrestling Men's Flyweight, Greco-Roman"
919,26,18,"Wrestling Men's Featherweight, Greco-Roman"
920,28,24,"Fencing Men's Sabre, Team"
921,36,29,"Cycling Men's Road Race, Individual"
922,21,39,Synchronized Swimming Women's Duet
923,34,1,Basketball Men's Basketball
924,2,43,Rhythmic Gymnastics Women's Group
925,22,40,Table Tennis Men's Singles
926,20,40,Table Tennis Men's Singles
927,21,40,Table Tennis Men's Singles
928,2,1,Basketball Men's Basketball
929,48,23,Bobsleigh Men's Four
930,12,28,Taekwondo Men's Featherweight
931,38,3,Football Men's Football
932,21,7,Athletics Women's 4 x 100 metres Relay
933,26,29,Cycling Men's 100 kilometres Team Time Trial
934,26,7,Athletics Men's Marathon
935,29,27,Boxing Men's Featherweight
936,29,27,Boxing Men's Bantamweight
937,13,27,Boxing Men's Featherweight
938,12,7,Athletics Men's Triple Jump
939,4,24,"Fencing Men's epee, Individual"
940,15,14,Art Competitions Mixed Painting
941,26,26,"Shooting Men's Small-Bore Rifle, Prone, 50 metres"
942,16,15,Alpine Skiing Men's Downhill
943,16,15,Alpine Skiing Men's Combined
944,24,6,Cross Country Skiing Women's 5 kilometres
945,40,6,Cross Country Skiing Women's 5 kilometres
946,40,6,Cross Country Skiing Women's 3 x 5 kilometres Relay
947,2,7,"Athletics Women's 1,500 metres"
948,13,7,"Athletics Men's 1,500 metres"
949,12,7,"Athletics Men's 1,500 metres"
950,2,1,Basketball Women's Basketball
951,21,1,Basketball Women's Basketball
952,26,7,Athletics Men's Shot Put
953,29,7,Athletics Men's Shot Put
954,2,18,"Wrestling Men's Light-Heavyweight, Greco-Roman"
955,37,2,Judo Men's Open Class
956,33,24,"Fencing Men's epee, Individual"
957,33,24,"Fencing Men's epee, Team"
958,2,22,Rowing Women's Coxed Eights
959,21,22,Rowing Women's Quadruple Sculls
960,29,7,Athletics Women's 400 metres
961,33,7,Athletics Men's Javelin Throw
962,38,27,Boxing Men's Lightweight
963,29,7,Athletics Women's 4 x 100 metres Relay
964,29,32,Tennis Men's Doubles
965,15,24,"Fencing Men's Sabre, Individual"
966,3,13,"Gymnastics Men's Team All-Around, Swedish System"
967,36,21,Hockey Men's Hockey
968,3,18,"Wrestling Men's Featherweight, Freestyle"
969,13,7,Athletics Men's Long Jump
970,18,41,Nordic Combined Men's Team
971,18,41,Nordic Combined Men's Individual
972,9,41,Nordic Combined Men's Team
973,9,41,Nordic Combined Men's Individual
974,9,41,Nordic Combined Men's Sprint
975,19,41,Nordic Combined Men's Team
976,19,41,Nordic Combined Men's Individual
977,19,41,Nordic Combined Men's Sprint
978,27,7,Athletics Women's Pentathlon
979,8,14,"Art Competitions Mixed Painting, Unknown Event"
980,5,23,Bobsleigh Men's Two
981,6,23,Bobsleigh Men's Two
982,6,23,Bobsleigh Men's Four
983,7,23,Bobsleigh Men's Two
984,7,23,Bobsleigh Men's Four
985,18,23,Bobsleigh Men's Two
986,9,23,Bobsleigh Men's Four
987,12,7,Athletics Men's 4 x 100 metres Relay
988,1,30,Diving Men's Platform
989,13,30,Diving Men's Platform
990,28,7,Athletics Women's 400 metres
991,28,7,Athletics Women's 4 x 400 metres Relay
992,34,29,"Cycling Men's Team Pursuit, 4,000 metres"
993,38,29,Cycling Men's 100 kilometres Team Time Trial
994,27,25,"Equestrianism Mixed Three-Day Event, Individual"
995,27,25,"Equestrianism Mixed Three-Day Event, Team"
996,28,25,"Equestrianism Mixed Three-Day Event, Individual"
997,28,25,"Equestrianism Mixed Three-Day Event, Team"
998,30,7,Athletics Men's Marathon
999,21,17,Weightlifting Men's Featherweight
1000,26,7,Athletics Men's 800 metres
1001,27,9,Swimming Men's 100 metres Backstroke
1002,27,9,Swimming Men's 200 metres Backstroke
1003,20,17,Weightlifting Women's Middleweight
1004,2,17,Weightlifting Women's Middleweight
1005,21,9,Swimming Men's 200 metres Freestyle
1006,21,9,Swimming Men's 400 metres Freestyle
1007,21,9,"Swimming Men's 1,500 metres Freestyle"
1008,21,18,"Wrestling Women's Light-Heavyweight, Freestyle"
1009,10,7,Athletics Men's 100 metres
1010,10,7,Athletics Men's 4 x 100 metres Relay
1011,20,27,Boxing Men's Heavyweight
1012,30,9,Swimming Women's 100 metres Freestyle
1013,30,9,Swimming Women's 4 x 100 metres Freestyle Relay
1014,17,25,"Equestrianism Men's Jumping, Individual"
1015,17,25,"Equestrianism Men's Jumping, Team"
1016,10,25,"Equestrianism Men's Three-Day Event, Individual"
1017,10,25,"Equestrianism Men's Three-Day Event, Team"
1018,23,8,Ice Hockey Men's Ice Hockey
1019,19,15,Alpine Skiing Women's Giant Slalom
1020,19,15,Alpine Skiing Women's Slalom
1021,19,15,Alpine Skiing Women's Combined
1022,39,15,Alpine Skiing Women's Slalom
1023,13,7,Athletics Women's High Jump
1024,12,7,Athletics Women's High Jump
1025,22,7,Athletics Women's High Jump
1026,20,7,Athletics Women's High Jump
1027,2,7,Athletics Women's High Jump
1028,20,9,Swimming Men's 200 metres Freestyle
1029,2,9,Swimming Men's 4 x 100 metres Freestyle Relay
1030,13,2,Judo Men's Extra-Lightweight
1031,37,27,Boxing Men's Lightweight
1032,49,49,"Ski Jumping Men's Normal Hill, Individual"
1033,50,49,"Ski Jumping Men's Normal Hill, Individual"
1034,22,31,"Canoeing Women's Kayak Fours, 500 metres"
1035,21,20,Water Polo Men's Water Polo
1036,1,18,"Wrestling Men's Featherweight, Freestyle"
1037,16,8,Ice Hockey Women's Ice Hockey
1038,26,29,"Cycling Men's 1,000 metres Time Trial"
1039,26,29,"Cycling Men's Team Pursuit, 4,000 metres"
1040,12,11,Sailing Men's One Person Dinghy
1041,22,11,Sailing Men's One Person Dinghy
1042,4,9,Swimming Men's 200 metres Freestyle
1043,21,22,Rowing Men's Coxless Fours
1044,20,9,Swimming Men's 100 metres Freestyle
1045,30,22,Rowing Men's Coxed Eights
1046,2,7,Athletics Men's 100 metres
1047,1,9,Swimming Men's 200 metres Freestyle
1048,1,9,Swimming Men's 400 metres Freestyle
1049,1,9,Swimming Men's 200 metres Individual Medley
1050,36,33,Modern Pentathlon Men's Individual
1051,36,33,Modern Pentathlon Men's Team
1052,47,24,"Fencing Men's epee, Individual"
1053,47,24,"Fencing Men's Sabre, Individual"
1054,14,24,"Fencing Men's Sabre, Team"
1055,1,7,Athletics Men's 400 metres
1056,21,46,Trampolining Women's Individual
1057,1,7,Athletics Men's 100 metres
1058,1,7,Athletics Men's 200 metres
1059,1,7,Athletics Men's 4 x 100 metres Relay
1060,9,23,Bobsleigh Men's Two
1061,28,7,Athletics Women's Shot Put
1062,36,7,Athletics Women's Shot Put
1063,19,50,Curling Men's Curling
1064,14,13,Gymnastics Men's Team All-Around
1065,14,14,Art Competitions Mixed Literature
1066,17,29,"Cycling Men's Team Pursuit, 4,000 metres"
1067,14,20,Water Polo Men's Water Polo
1068,26,26,"Shooting Men's Free Pistol, 50 metres"
1069,29,26,"Shooting Men's Air Pistol, 10 metres"
1070,29,26,"Shooting Men's Free Pistol, 50 metres"
1071,1,26,"Shooting Men's Air Pistol, 10 metres"
1072,1,26,"Shooting Men's Free Pistol, 50 metres"
1073,22,30,Diving Men's Platform
1074,13,7,Athletics Men's Marathon
1075,29,18,"Wrestling Men's Light-Heavyweight, Greco-Roman"
1076,29,18,"Wrestling Men's Light-Heavyweight, Freestyle"
1077,15,7,Athletics Men's Pole Vault
1078,29,11,Sailing Mixed Three Person Keelboat
1079,28,2,Judo Men's Middleweight
1080,36,2,Judo Men's Middleweight
1081,17,7,Athletics Men's Long Jump
1082,17,7,Athletics Men's Decathlon
1083,29,26,Shooting Mixed Skeet
1084,37,9,Swimming Men's 4 x 200 metres Freestyle Relay
1085,34,30,Diving Women's Springboard
1086,34,30,Diving Women's Platform
1087,6,12,Biathlon Women's 7.5 kilometres Sprint
1088,6,12,Biathlon Women's 15 kilometres
1089,6,12,Biathlon Women's 3 x 7.5 kilometres Relay
1090,7,12,Biathlon Women's 15 kilometres
1091,7,12,Biathlon Women's 4 x 7.5 kilometres Relay
1092,18,12,Biathlon Women's 7.5 kilometres Sprint
1093,18,12,Biathlon Women's 15 kilometres
1094,18,12,Biathlon Women's 4 x 7.5 kilometres Relay
1095,13,9,Swimming Men's 100 metres Backstroke
1096,13,9,Swimming Men's 200 metres Backstroke
1097,5,8,Ice Hockey Men's Ice Hockey
1098,6,8,Ice Hockey Men's Ice Hockey
1099,20,2,Judo Men's Half-Lightweight
1100,1,16,Handball Women's Handball
1101,10,7,Athletics Men's 4 x 400 metres Relay
1102,28,24,"Fencing Men's epee, Individual"
1103,2,9,Swimming Women's 50 metres Freestyle
1104,38,13,Gymnastics Men's Individual All-Around
1105,38,13,Gymnastics Men's Team All-Around
1106,38,13,Gymnastics Men's Floor Exercise
1107,38,13,Gymnastics Men's Horse Vault
1108,38,13,Gymnastics Men's Parallel Bars
1109,38,13,Gymnastics Men's Horizontal Bar
1110,38,13,Gymnastics Men's Rings
1111,38,13,Gymnastics Men's Pommelled Horse
1112,27,13,Gymnastics Men's Team All-Around
1113,28,24,"Fencing Women's Foil, Team"
1114,36,9,Swimming Women's 200 metres Butterfly
1115,36,9,Swimming Women's 400 metres Individual Medley
1116,2,7,Athletics Men's 4 x 100 metres Relay
1117,21,7,Athletics Men's 200 metres
1118,21,7,Athletics Men's 4 x 100 metres Relay
1119,1,30,Diving Women's Platform
1120,45,35,Golf Men's Individual
1121,14,7,Athletics Men's Standing High Jump
1122,14,7,Athletics Men's Standing Long Jump
1123,10,7,Athletics Men's Decathlon
1124,36,7,Athletics Men's 20 kilometres Walk
1125,48,34,Figure Skating Women's Singles
1126,2,9,Swimming Women's 200 metres Butterfly
1127,21,9,Swimming Women's 200 metres Butterfly
1128,45,9,Swimming Men's 220 yard Freestyle
1129,45,9,Swimming Men's 880 yard Freestyle
1130,45,9,Swimming Men's One Mile Freestyle
1131,45,9,Swimming Men's 4 x 50 Yard Freestyle Relay
1132,45,9,Swimming Men's Plunge For Distance
1133,47,27,Boxing Men's Featherweight
1134,37,7,Athletics Men's 100 metres
1135,3,27,Boxing Men's Featherweight
1136,12,24,"Fencing Men's epee, Individual"
1137,12,24,"Fencing Men's epee, Team"
1138,14,26,"Shooting Men's Free Rifle, Three Positions, 300 metres"
1139,14,26,"Shooting Men's Military Rifle, Three Positions, 300 metres"
1140,14,26,"Shooting Men's Military Rifle, Any Position, 600 metres"
1141,14,26,"Shooting Men's Military Rifle, 200, 400, 500 and 600 metres, Team"
1142,3,26,"Shooting Men's Military Rifle, Prone, 300 metres"
1143,26,2,Judo Men's Half-Heavyweight
1144,13,37,Archery Women's Individual
1145,13,37,Archery Women's Team
1146,28,17,Weightlifting Men's Middleweight
1147,22,7,Athletics Men's 20 kilometres Walk
1148,20,7,Athletics Men's 20 kilometres Walk
1149,20,7,Athletics Men's 50 kilometres Walk
1150,2,7,Athletics Men's 50 kilometres Walk
1151,30,30,Diving Women's Springboard
1152,30,30,Diving Women's Platform
1153,2,7,Athletics Men's Triple Jump
1154,21,22,Rowing Women's Double Sculls
1155,36,37,Archery Women's Individual
1156,30,11,Sailing Mixed 6 metres
1157,37,2,Judo Men's Lightweight
1158,26,2,Judo Men's Half-Middleweight
1159,29,2,Judo Men's Half-Middleweight
1160,29,27,Boxing Men's Light-Heavyweight
1161,2,27,Boxing Women's Flyweight
1162,21,27,Boxing Women's Flyweight
1163,1,7,Athletics Women's 100 metres Hurdles
1164,21,26,Shooting Men's Skeet
1165,13,26,"Shooting Men's Air Pistol, 10 metres"
1166,13,26,"Shooting Men's Free Pistol, 50 metres"
1167,47,7,Athletics Men's Standing High Jump
1168,47,7,Athletics Men's Standing Long Jump
1169,47,7,Athletics Men's Triple Jump
1170,47,7,Athletics Men's Discus Throw
1171,47,7,"Athletics Men's Discus Throw, Greek Style"
1172,35,7,Athletics Men's 100 metres
1173,35,7,Athletics Men's 200 metres
1174,35,7,Athletics Men's 4 x 100 metres Relay
1175,34,22,Rowing Men's Coxless Fours
1176,16,50,Curling Women's Curling
1177,27,7,Athletics Men's 800 metres
1178,47,18,"Wrestling Men's Featherweight, Freestyle"
1179,1,42,Baseball Men's Baseball
1180,35,7,Athletics Women's High Jump
1181,22,7,Athletics Women's Shot Put
1182,20,7,Athletics Women's Shot Put
1183,2,7,Athletics Women's Shot Put
1184,20,22,Rowing Men's Coxless Fours
1185,2,22,Rowing Men's Coxed Eights
1186,37,29,"Cycling Men's Road Race, Individual"
1187,37,29,Cycling Men's 100 kilometres Team Time Trial
1188,13,11,Sailing Mixed One Person Dinghy
1189,34,29,"Cycling Men's Road Race, Individual"
1190,34,29,Cycling Men's 100 kilometres Team Time Trial
1191,10,22,Rowing Men's Coxed Eights
1192,12,27,Boxing Men's Light-Heavyweight
1193,37,7,Athletics Men's Javelin Throw
1194,29,7,"Athletics Men's 5,000 metres"
1195,13,7,"Athletics Men's 5,000 metres"
1196,21,18,"Wrestling Women's Heavyweight, Freestyle"
1197,17,7,Athletics Men's 800 metres
1198,17,7,"Athletics Men's 1,500 metres"
1199,30,24,"Fencing Men's Sabre, Team"
1200,2,10,Badminton Mixed Doubles
1201,21,10,Badminton Mixed Doubles
1202,22,9,Swimming Women's 200 metres Backstroke
1203,27,7,Athletics Men's Marathon
1204,37,2,Judo Men's Half-Middleweight
1205,35,24,"Fencing Men's epee, Individual"
1206,35,24,"Fencing Men's epee, Team"
1207,12,9,Swimming Men's 100 metres Backstroke
1208,35,24,"Fencing Women's Foil, Individual"
1209,8,24,"Fencing Women's Foil, Individual"
1210,30,24,"Fencing Women's Foil, Individual"
1211,17,24,"Fencing Women's Foil, Individual"
1212,20,25,"Equestrianism Mixed Three-Day Event, Individual"
1213,20,25,"Equestrianism Mixed Three-Day Event, Team"
1214,1,11,Sailing Mixed Two Person Keelboat
1215,34,7,"Athletics Men's 10,000 metres"
1216,1,31,"Canoeing Men's Kayak Singles, Slalom"
1217,34,27,Boxing Men's Middleweight
1218,3,26,"Shooting Men's Military Rifle, 300 metres and 600 metres, Prone, Team"
1219,38,7,Athletics Men's 4 x 100 metres Relay
1220,34,7,Athletics Men's 4 x 400 metres Relay
1221,38,7,Athletics Men's 400 metres
1222,38,7,Athletics Men's 4 x 400 metres Relay
1223,2,7,Athletics Men's Decathlon
1224,26,7,Athletics Women's 400 metres
1225,13,7,Athletics Women's 400 metres
1226,13,40,Table Tennis Men's Doubles
1227,8,29,"Cycling Men's Team Pursuit, 4,000 metres"
1228,5,5,Speed Skating Men's 500 metres
1229,5,5,"Speed Skating Men's 1,000 metres"
1230,5,5,"Speed Skating Men's 1,500 metres"
1231,6,5,"Speed Skating Men's 1,500 metres"
1232,7,5,Speed Skating Men's 500 metres
1233,7,5,"Speed Skating Men's 1,000 metres"
1234,7,5,"Speed Skating Men's 1,500 metres"
1235,18,5,"Speed Skating Men's 1,500 metres"
1236,7,5,"Speed Skating Women's 1,500 metres"
1237,17,7,Athletics Men's High Jump
1238,26,7,Athletics Men's 4 x 100 metres Relay
1239,13,7,Athletics Men's 110 metres Hurdles
1240,29,27,Boxing Men's Welterweight
1241,29,18,"Wrestling Men's Light-Flyweight, Freestyle"
1242,1,18,"Wrestling Men's Light-Flyweight, Freestyle"
1243,21,18,"Wrestling Women's Featherweight, Freestyle"
1244,13,9,Swimming Women's 200 metres Freestyle
1245,13,9,Swimming Women's 400 metres Freestyle
1246,13,9,Swimming Women's 200 metres Individual Medley
1247,13,9,Swimming Women's 400 metres Individual Medley
1248,12,9,Swimming Women's 200 metres Individual Medley
1249,12,9,Swimming Women's 400 metres Individual Medley
1250,24,6,Cross Country Skiing Women's 10 kilometres
1251,33,27,Boxing Men's Bantamweight
1252,37,2,Judo Men's Heavyweight
1253,8,7,Athletics Men's 400 metres Hurdles
1254,1,11,Sailing Men's Windsurfer
1255,16,44,Freestyle Skiing Men's Slopestyle
1256,15,26,"Shooting Men's Running Target, Single Shot"
1257,15,26,"Shooting Men's Running Target, Double Shot"
1258,35,21,Hockey Men's Hockey
1259,30,21,Hockey Men's Hockey
1260,21,45,Rugby Sevens Men's Rugby Sevens
1261,26,22,Rowing Men's Coxless Pairs
1262,29,7,"Athletics Men's 1,500 metres"
1263,28,7,Athletics Men's Marathon
1264,29,7,Athletics Men's 100 metres
1265,29,7,Athletics Men's 200 metres
1266,13,7,Athletics Men's 100 metres
1267,21,18,"Wrestling Women's Lightweight, Freestyle"
1268,27,7,"Athletics Men's 5,000 metres"
1269,28,7,"Athletics Men's 5,000 metres"
1270,28,7,"Athletics Men's 3,000 metres Steeplechase"
1271,2,7,Athletics Women's 200 metres
1272,15,24,"Fencing Men's Sabre, Team"
1273,13,7,"Athletics Women's 10,000 metres"
1274,20,7,Athletics Women's Marathon
1275,10,30,Diving Men's Springboard
1276,10,3,Football Men's Football
1277,37,27,Boxing Men's Light-Middleweight
1278,29,40,Table Tennis Men's Doubles
1279,43,15,Alpine Skiing Men's Giant Slalom
1280,43,15,Alpine Skiing Men's Slalom
1281,11,15,Alpine Skiing Men's Giant Slalom
1282,20,17,Weightlifting Men's Lightweight
1283,28,21,Hockey Men's Hockey
1284,2,7,Athletics Women's 100 metres Hurdles
1285,20,18,"Wrestling Men's Welterweight, Greco-Roman"
1286,21,33,Modern Pentathlon Women's Individual
1287,37,7,Athletics Men's 200 metres
1288,37,7,Athletics Men's 4 x 100 metres Relay
1289,30,27,Boxing Men's Light-Heavyweight
1290,34,7,Athletics Women's 100 metres
1291,1,17,Weightlifting Men's Flyweight
1292,13,17,Weightlifting Men's Flyweight
1293,1,31,"Canoeing Men's Canadian Doubles, Slalom"
1294,13,31,"Canoeing Men's Canadian Doubles, Slalom"
1295,12,31,"Canoeing Men's Canadian Doubles, Slalom"
1296,21,2,Judo Women's Half-Lightweight
1297,8,9,Swimming Men's 200 metres Breaststroke
1298,30,9,Swimming Men's 200 metres Breaststroke
1299,38,7,"Athletics Men's 1,500 metres"
1300,2,27,Boxing Men's Light-Heavyweight
1301,12,9,Swimming Women's 200 metres Backstroke
1302,21,7,Athletics Men's High Jump
1303,10,27,Boxing Men's Light-Welterweight
1304,13,7,Athletics Men's 400 metres Hurdles
1305,29,11,Sailing Mixed Two Person Heavyweight Dinghy
1306,1,11,Sailing Mixed Two Person Heavyweight Dinghy
1307,26,11,Sailing Mixed Three Person Keelboat
1308,1,11,Sailing Mixed Three Person Keelboat
1309,14,9,Swimming Women's 100 metres Freestyle
1310,14,9,Swimming Women's 4 x 100 metres Freestyle Relay
1311,15,30,Diving Women's Plain High
1312,38,11,Sailing Mixed Two Person Keelboat
1313,38,33,Modern Pentathlon Men's Individual
1314,38,33,Modern Pentathlon Men's Team
1315,30,25,"Equestrianism Men's Dressage, Individual"
1316,30,25,"Equestrianism Men's Dressage, Team"
1317,14,25,"Equestrianism Men's Jumping, Individual"
1318,14,25,"Equestrianism Men's Three-Day Event, Individual"
1319,14,25,"Equestrianism Men's Three-Day Event, Team"
1320,47,32,"Tennis Women's Singles, Covered Courts"
1321,2,13,Gymnastics Women's Individual All-Around
1322,2,13,Gymnastics Women's Floor Exercise
1323,2,13,Gymnastics Women's Uneven Bars
1324,2,13,Gymnastics Women's Balance Beam
1325,47,30,Diving Men's Platform
1326,14,30,Diving Men's Platform
1327,14,30,Diving Men's Plain High
1328,3,30,Diving Men's Platform
1329,3,30,Diving Men's Plain High
1330,15,30,Diving Men's Platform
1331,15,30,Diving Men's Plain High
1332,14,30,Diving Women's Plain High
1333,3,30,Diving Women's Plain High
1334,36,26,"Shooting Mixed Small-Bore Rifle, Three Positions, 50 metres"
1335,36,26,"Shooting Mixed Small-Bore Rifle, Prone, 50 metres"
1336,20,9,Swimming Women's 400 metres Freestyle
1337,20,9,Swimming Women's 800 metres Freestyle
1338,2,9,Swimming Women's 400 metres Freestyle
1339,2,9,Swimming Women's 800 metres Freestyle
1340,29,11,Sailing Women's Two Person Dinghy
1341,13,11,Sailing Women's Two Person Dinghy
1342,37,9,Swimming Women's 200 metres Backstroke
1343,15,24,"Fencing Women's Foil, Individual"
1344,13,27,Boxing Men's Light-Heavyweight
1345,38,17,Weightlifting Men's Light-Heavyweight
1346,34,7,Athletics Men's 400 metres
1347,34,7,Athletics Men's 4 x 100 metres Relay
1348,26,31,"Canoeing Men's Kayak Singles, 1,000 metres"
1349,12,7,Athletics Men's 100 metres
1350,44,41,Nordic Combined Men's Individual
1351,24,15,Alpine Skiing Women's Downhill
1352,24,15,Alpine Skiing Women's Giant Slalom
1353,17,27,Boxing Men's Flyweight
1354,35,7,Athletics Men's High Jump
1355,25,12,Biathlon Men's 10 kilometres Sprint
1356,25,12,Biathlon Men's 20 kilometres
1357,25,12,Biathlon Men's 4 x 7.5 kilometres Relay
1358,43,12,Biathlon Men's 20 kilometres
1359,43,12,Biathlon Men's 4 x 7.5 kilometres Relay
1360,22,18,"Wrestling Men's Featherweight, Greco-Roman"
1361,12,7,Athletics Men's 4 x 400 metres Relay
1362,37,13,Gymnastics Women's Individual All-Around
1363,37,13,Gymnastics Women's Floor Exercise
1364,37,13,Gymnastics Women's Horse Vault
1365,37,13,Gymnastics Women's Uneven Bars
1366,37,13,Gymnastics Women's Balance Beam
1367,26,13,Gymnastics Women's Individual All-Around
1368,26,13,Gymnastics Women's Floor Exercise
1369,26,13,Gymnastics Women's Horse Vault
1370,26,13,Gymnastics Women's Uneven Bars
1371,26,13,Gymnastics Women's Balance Beam
1372,21,22,Rowing Men's Quadruple Sculls
1373,4,26,Shooting Men's Trap
1374,30,29,"Cycling Men's Road Race, Individual"
1375,30,29,"Cycling Men's Road Race, Team"
1376,26,9,Swimming Men's 100 metres Freestyle
1377,13,27,Boxing Men's Flyweight
1378,38,1,Basketball Men's Basketball
1379,27,1,Basketball Men's Basketball
1380,37,27,Boxing Men's Featherweight
1381,28,7,Athletics Men's Long Jump
1382,3,26,"Shooting Men's Free Pistol, 50 metres, Team"
1383,3,26,"Shooting Men's Free Rifle, Three Positions, 300 metres, Team"
1384,3,26,"Shooting Men's Military Rifle, Prone, 300 metres, Team"
1385,3,26,"Shooting Men's Military Rifle, Prone, 600 metres, Team"
1386,3,26,"Shooting Men's Military Rifle, Standing, 300 metres, Team"
1387,15,26,"Shooting Men's Free Rifle, Prone, 600 metres"
1388,15,26,"Shooting Men's Free Rifle, 400, 600 and 800 metres, Team"
1389,35,17,Weightlifting Men's Lightweight
1390,20,9,Swimming Men's 4 x 100 metres Freestyle Relay
1391,2,9,Swimming Men's 100 metres Freestyle
1392,2,9,Swimming Men's 4 x 100 metres Medley Relay
1393,26,26,"Shooting Women's Sporting Pistol, 25 metres"
1394,29,26,"Shooting Women's Air Pistol, 10 metres"
1395,29,26,"Shooting Women's Sporting Pistol, 25 metres"
1396,1,1,Basketball Women's Basketball
1397,13,1,Basketball Women's Basketball
1398,28,26,"Shooting Mixed Small-Bore Rifle, Prone, 50 metres"
1399,22,42,Baseball Men's Baseball
1400,22,1,Basketball Women's Basketball
1401,13,7,Athletics Women's Shot Put
1402,22,7,Athletics Women's Discus Throw
1403,20,7,Athletics Women's Discus Throw
1404,13,31,"Canoeing Men's Kayak Fours, 1,000 metres"
1405,40,15,Alpine Skiing Men's Slalom
1406,29,2,Judo Men's Half-Lightweight
1407,10,22,Rowing Men's Single Sculls
1408,12,7,Athletics Women's 100 metres
1409,12,7,Athletics Women's 4 x 100 metres Relay
1410,37,18,"Wrestling Men's Middleweight, Greco-Roman"
1411,22,9,Swimming Men's 4 x 200 metres Freestyle Relay
1412,22,9,Swimming Men's 200 metres Butterfly
1413,20,9,Swimming Men's 200 metres Butterfly
1414,37,17,Weightlifting Men's Flyweight
1415,9,8,Ice Hockey Women's Ice Hockey
1416,21,27,Boxing Men's Light-Heavyweight
1417,13,18,"Wrestling Men's Lightweight, Greco-Roman"
1418,26,16,Handball Men's Handball
1419,20,2,Judo Women's Half-Middleweight
1420,17,29,"Cycling Men's Tandem Sprint, 2,000 metres"
1421,30,7,Athletics Men's 50 kilometres Walk
1422,19,8,Ice Hockey Men's Ice Hockey
1423,19,23,Bobsleigh Men's Four
1424,14,33,Modern Pentathlon Men's Individual
1425,28,2,Judo Men's Half-Heavyweight
1426,14,7,Athletics Men's 100 metres
1427,14,7,Athletics Men's 200 metres
1428,35,7,Athletics Women's 100 metres
1429,35,7,Athletics Women's 4 x 100 metres Relay
1430,2,9,Swimming Men's 50 metres Freestyle
1431,35,29,"Cycling Men's Road Race, Individual"
1432,35,29,"Cycling Men's Road Race, Team"
1433,35,29,"Cycling Men's 1,000 metres Time Trial"
1434,16,44,Freestyle Skiing Women's Halfpipe
1435,20,29,"Cycling Men's Road Race, Individual"
1436,2,7,Athletics Women's Heptathlon
1437,1,29,Cycling Men's Points Race
1438,1,39,Synchronized Swimming Women's Solo
1439,1,39,Synchronized Swimming Women's Duet
1440,13,39,Synchronized Swimming Women's Team
1441,28,25,"Equestrianism Mixed Dressage, Individual"
1442,28,25,"Equestrianism Mixed Dressage, Team"
1443,15,32,Tennis Men's Singles
1444,15,32,Tennis Men's Doubles
1445,15,17,Weightlifting Men's Middleweight
1446,30,17,Weightlifting Men's Middleweight
1447,14,25,"Equestrianism Men's Dressage, Individual"
1448,20,1,Basketball Men's Basketball
1449,13,7,Athletics Men's Decathlon
1450,2,13,Gymnastics Women's Team All-Around
1451,13,7,Athletics Women's 800 metres
1452,26,29,"Cycling Men's Road Race, Individual"
1453,2,11,Sailing Men's One Person Dinghy
1454,21,11,Sailing Men's One Person Dinghy
1455,44,49,"Ski Jumping Men's Normal Hill, Individual"
1456,44,6,Cross Country Skiing Men's 18 kilometres
1457,37,16,Handball Men's Handball
1458,29,18,"Wrestling Men's Middleweight, Freestyle"
1459,17,27,Boxing Men's Welterweight
1460,12,28,Taekwondo Women's Featherweight
1461,39,8,Ice Hockey Men's Ice Hockey
1462,12,28,Taekwondo Men's Welterweight
1463,21,9,Swimming Women's 100 metres Backstroke
1464,12,7,Athletics Women's 400 metres
1465,12,7,Athletics Women's 4 x 400 metres Relay
1466,21,11,Sailing Men's Two Person Dinghy
1467,21,25,"Equestrianism Mixed Dressage, Individual"
1468,36,22,Rowing Women's Coxed Quadruple Sculls
1469,28,7,Athletics Women's 100 metres
1470,28,7,Athletics Women's 200 metres
1471,12,20,Water Polo Men's Water Polo
1472,20,20,Water Polo Men's Water Polo
1473,2,20,Water Polo Men's Water Polo
1474,1,29,"Cycling Men's Individual Pursuit, 4,000 metres"
1475,1,29,"Cycling Men's Team Pursuit, 4,000 metres"
1476,38,18,"Wrestling Men's Welterweight, Freestyle"
1477,13,2,Judo Men's Half-Lightweight
1478,24,15,Alpine Skiing Men's Downhill
1479,24,15,Alpine Skiing Men's Giant Slalom
1480,24,15,Alpine Skiing Men's Slalom
1481,2,9,Swimming Men's 100 metres Breaststroke
1482,26,13,Gymnastics Women's Team All-Around
1483,13,9,Swimming Men's 4 x 200 metres Freestyle Relay
1484,12,9,Swimming Men's 100 metres Freestyle
1485,16,34,Figure Skating Mixed Ice Dancing
1486,22,22,Rowing Men's Coxless Fours
1487,20,22,Rowing Men's Quadruple Sculls
1488,2,22,Rowing Men's Coxless Fours
1489,21,22,Rowing Men's Coxed Eights
1490,19,34,Figure Skating Mixed Pairs
1491,13,40,Table Tennis Women's Doubles
1492,38,7,Athletics Men's 50 kilometres Walk
1493,27,7,Athletics Men's 50 kilometres Walk
1494,13,32,Tennis Men's Singles
1495,13,32,Tennis Men's Doubles
1496,37,7,Athletics Men's Triple Jump
1497,15,26,"Shooting Men's Rapid-Fire Pistol, 25 metres"
1498,15,24,"Fencing Men's epee, Individual"
1499,22,18,"Wrestling Men's Heavyweight, Freestyle"
1500,13,18,"Wrestling Men's Bantamweight, Greco-Roman"
1501,32,8,Ice Hockey Men's Ice Hockey
1502,24,8,Ice Hockey Men's Ice Hockey
1503,28,7,Athletics Men's 400 metres Hurdles
1504,28,27,Boxing Men's Bantamweight
1505,26,7,Athletics Men's Triple Jump
1506,21,2,Judo Women's Half-Middleweight
1507,1,7,Athletics Women's Long Jump
1508,2,40,Table Tennis Men's Singles
1509,37,7,Athletics Men's High Jump
1510,34,26,"Shooting Men's Free Pistol, 50 metres"
1511,27,26,"Shooting Mixed Free Pistol, 50 metres"
1512,35,7,Athletics Men's Marathon
1513,49,6,Cross Country Skiing Men's 50 kilometres
1514,26,2,Judo Men's Half-Lightweight
1515,36,24,"Fencing Women's Foil, Individual"
1516,36,24,"Fencing Women's Foil, Team"
1517,37,24,"Fencing Women's Foil, Team"
1518,12,29,"Cycling Men's Mountainbike, Cross-Country"
1519,3,11,Sailing Mixed 6 metres
1520,21,11,Sailing Women's Skiff
1521,33,20,Water Polo Men's Water Polo
1522,23,12,Biathlon Men's 20 kilometres
1523,47,7,Athletics Men's Hammer Throw
1524,22,7,"Athletics Men's 5,000 metres"
1525,28,22,Rowing Men's Coxless Fours
1526,29,9,Swimming Men's 200 metres Freestyle
1527,29,9,"Swimming Men's 1,500 metres Freestyle"
1528,1,9,Swimming Men's 100 metres Backstroke
1529,1,9,Swimming Men's 200 metres Backstroke
1530,22,18,"Wrestling Men's Light-Heavyweight, Freestyle"
1531,38,27,Boxing Men's Flyweight
1532,17,27,Boxing Men's Bantamweight
1533,10,27,Boxing Men's Featherweight
1534,21,7,Athletics Men's Triple Jump
1535,22,7,Athletics Women's Pole Vault
1536,20,7,Athletics Women's Pole Vault
1537,28,26,"Shooting Mixed Small-Bore Rifle, Three Positions, 50 metres"
1538,37,37,Archery Women's Individual
1539,26,37,Archery Women's Individual
1540,29,37,Archery Women's Individual
1541,12,21,Hockey Women's Hockey
1542,20,21,Hockey Women's Hockey
1543,2,21,Hockey Women's Hockey
1544,37,27,Boxing Men's Light-Welterweight
1545,31,15,Alpine Skiing Women's Downhill
1546,31,15,Alpine Skiing Women's Giant Slalom
1547,32,15,Alpine Skiing Women's Downhill
1548,32,15,Alpine Skiing Women's Giant Slalom
1549,32,15,Alpine Skiing Women's Slalom
1550,2,9,Swimming Men's 200 metres Freestyle
1551,2,9,Swimming Men's 4 x 200 metres Freestyle Relay
1552,17,9,Swimming Men's 400 metres Freestyle
1553,17,9,"Swimming Men's 1,500 metres Freestyle"
1554,10,9,"Swimming Men's 1,500 metres Freestyle"
1555,10,9,Swimming Men's 4 x 200 metres Freestyle Relay
1556,38,31,"Canoeing Men's Kayak Fours, 1,000 metres"
1557,26,18,"Wrestling Men's Middleweight, Freestyle"
1558,30,1,Basketball Men's Basketball
1559,19,8,Ice Hockey Women's Ice Hockey
1560,39,8,Ice Hockey Women's Ice Hockey
1561,10,31,"Canoeing Men's Kayak Doubles, 10,000 metres"
1562,33,7,Athletics Men's 100 metres
1563,33,7,Athletics Men's 200 metres
1564,19,34,Figure Skating Mixed Ice Dancing
1565,39,34,Figure Skating Mixed Ice Dancing
1566,20,48,Triathlon Men's Olympic Distance
1567,38,24,"Fencing Women's Foil, Team"
1568,8,24,"Fencing Men's epee, Individual"
1569,8,24,"Fencing Men's epee, Team"
1570,24,23,Bobsleigh Men's Two
1571,24,23,Bobsleigh Men's Four
1572,2,11,Sailing Women's One Person Dinghy
1573,27,18,"Wrestling Men's Lightweight, Freestyle"
1574,13,2,Judo Men's Heavyweight
1575,16,6,Cross Country Skiing Women's 30 kilometres
1576,16,6,Cross Country Skiing Women's 15 km Skiathlon
1577,30,27,Boxing Men's Lightweight
1578,2,16,Handball Women's Handball
1579,22,24,"Fencing Men's Sabre, Individual"
1580,20,24,"Fencing Men's Sabre, Individual"
1581,36,22,Rowing Women's Single Sculls
1582,26,22,Rowing Men's Double Sculls
1583,36,27,Boxing Men's Lightweight
1584,41,22,Rowing Men's 17-Man Naval Rowing Boats
1585,26,7,Athletics Women's High Jump
1586,35,13,Gymnastics Women's Team All-Around
1587,20,11,Sailing Men's One Person Dinghy
1588,21,47,Beach Volleyball Women's Beach Volleyball
1589,13,7,Athletics Men's 4 x 100 metres Relay
1590,1,17,Weightlifting Men's Super-Heavyweight
1591,12,38,Volleyball Women's Volleyball
1592,34,22,Rowing Men's Coxed Pairs
1593,13,22,Rowing Men's Lightweight Coxless Fours
1594,37,27,Boxing Men's Flyweight
1595,29,22,Rowing Men's Coxless Pairs
1596,29,13,Gymnastics Men's Individual All-Around
1597,29,13,Gymnastics Men's Team All-Around
1598,29,13,Gymnastics Men's Floor Exercise
1599,29,13,Gymnastics Men's Horse Vault
1600,29,13,Gymnastics Men's Parallel Bars
1601,29,13,Gymnastics Men's Horizontal Bar
1602,29,13,Gymnastics Men's Rings
1603,29,13,Gymnastics Men's Pommelled Horse
1604,37,9,Swimming Men's 200 metres Breaststroke
1605,37,9,Swimming Men's 200 metres Butterfly
1606,37,9,Swimming Men's 400 metres Individual Medley
1607,26,9,Swimming Men's 200 metres Breaststroke
1608,26,9,Swimming Men's 200 metres Butterfly
1609,26,9,Swimming Men's 200 metres Individual Medley
1610,37,20,Water Polo Men's Water Polo
1611,13,18,"Wrestling Men's Light-Flyweight, Greco-Roman"
1612,21,7,Athletics Women's Heptathlon
1613,21,35,Golf Men's Individual
1614,38,7,"Athletics Men's 5,000 metres"
1615,38,7,"Athletics Men's 10,000 metres"
1616,38,27,Boxing Men's Middleweight
1617,22,31,"Canoeing Men's Canadian Singles, 1,000 metres"
1618,20,31,"Canoeing Men's Canadian Doubles, 500 metres"
1619,20,31,"Canoeing Men's Canadian Doubles, 1,000 metres"
1620,38,11,Sailing Mixed 5.5 metres
1621,27,11,Sailing Mixed Two Person Heavyweight Dinghy
1622,27,9,Swimming Men's 100 metres Butterfly
1623,28,20,Water Polo Men's Water Polo
1624,22,7,Athletics Men's 400 metres Hurdles
1625,29,9,Swimming Women's 200 metres Freestyle
1626,26,7,"Athletics Men's 5,000 metres"
1627,26,7,"Athletics Men's 10,000 metres"
1628,21,43,Rhythmic Gymnastics Women's Group
1629,21,7,Athletics Women's Javelin Throw
1630,12,9,Swimming Women's 200 metres Butterfly
1631,13,27,Boxing Men's Light-Flyweight
1632,12,27,Boxing Men's Featherweight
1633,27,38,Volleyball Men's Volleyball
1634,36,25,"Equestrianism Mixed Jumping, Individual"
1635,36,25,"Equestrianism Mixed Jumping, Team"
1636,21,37,Archery Women's Individual
1637,21,37,Archery Women's Team
1638,22,17,Weightlifting Women's Heavyweight
1639,20,17,Weightlifting Women's Heavyweight
1640,21,21,Hockey Women's Hockey
1641,12,7,Athletics Men's 400 metres
1642,20,30,Diving Men's Platform
1643,2,30,Diving Men's Platform
1644,2,30,Diving Men's Synchronized Platform
1645,15,7,Athletics Men's Shot Put
1646,35,7,Athletics Men's Shot Put
1647,35,7,Athletics Men's Discus Throw
1648,17,7,Athletics Men's Triple Jump
1649,1,2,Judo Men's Half-Heavyweight
1650,29,22,Rowing Men's Coxless Fours
1651,1,22,Rowing Men's Coxless Fours
1652,30,11,Sailing Mixed 8 metres
1653,19,51,Snowboarding Men's Halfpipe
1654,15,11,Sailing Mixed 8 metres
1655,12,22,Rowing Men's Coxless Pairs
1656,1,31,"Canoeing Women's Kayak Singles, Slalom"
1657,21,17,Weightlifting Women's Flyweight
1658,26,9,Swimming Women's 100 metres Breaststroke
1659,26,9,Swimming Women's 200 metres Breaststroke
1660,12,7,Athletics Men's 200 metres
1661,1,7,Athletics Men's Triple Jump
1662,13,7,Athletics Men's Triple Jump
1663,13,7,Athletics Women's 100 metres Hurdles
1664,1,7,Athletics Men's 20 kilometres Walk
1665,13,7,Athletics Men's 20 kilometres Walk
1666,12,7,Athletics Men's 20 kilometres Walk
1667,22,38,Volleyball Women's Volleyball
1668,20,10,Badminton Mixed Doubles
1669,20,2,Judo Men's Extra-Lightweight
1670,38,7,Athletics Women's 100 metres
1671,21,7,Athletics Women's Pole Vault
1672,3,7,Athletics Men's Triple Jump
1673,47,7,Athletics Men's 110 metres Hurdles
1674,47,7,Athletics Men's Long Jump
1675,25,41,Nordic Combined Men's Individual
1676,38,7,Athletics Men's 100 metres
1677,38,7,Athletics Men's Long Jump
1678,1,27,Boxing Men's Light-Flyweight
1679,30,7,Athletics Men's 100 metres
1680,30,7,Athletics Men's 4 x 100 metres Relay
1681,8,27,Boxing Men's Welterweight
1682,30,27,Boxing Men's Middleweight
1683,14,22,Rowing Men's Coxed Eights
1684,17,14,"Art Competitions Mixed Painting, Unknown Event"
1685,17,7,"Athletics Men's 5,000 metres"
1686,30,16,Handball Men's Handball
1687,18,8,Ice Hockey Women's Ice Hockey
1688,44,50,Curling Men's Curling
1689,27,22,Rowing Men's Coxed Pairs
1690,28,7,Athletics Women's High Jump
1691,36,7,Athletics Women's High Jump
1692,15,18,"Wrestling Men's Bantamweight, Greco-Roman"
1693,35,18,"Wrestling Men's Bantamweight, Greco-Roman"
1694,14,7,Athletics Men's Marathon
1695,14,18,"Wrestling Men's Middleweight B, Greco-Roman"
1696,3,18,"Wrestling Men's Heavyweight, Greco-Roman"
1697,17,9,Swimming Women's 100 metres Freestyle
1698,17,9,Swimming Women's 4 x 100 metres Freestyle Relay
1699,1,24,"Fencing Men's epee, Team"
1700,38,26,Shooting Men's Trap
1701,41,7,Athletics Men's Pole Vault
1702,41,7,Athletics Men's Shot Put
1703,41,7,Athletics Men's Stone Throw
1704,41,7,Athletics Men's Discus Throw
1705,41,7,"Athletics Men's Javelin Throw, Freestyle"
1706,41,7,Athletics Men's Pentathlon (Ancient)
1707,22,25,"Equestrianism Mixed Jumping, Individual"
1708,22,25,"Equestrianism Mixed Jumping, Team"
1709,20,25,"Equestrianism Mixed Jumping, Individual"
1710,20,25,"Equestrianism Mixed Jumping, Team"
1711,2,25,"Equestrianism Mixed Jumping, Individual"
1712,2,25,"Equestrianism Mixed Jumping, Team"
1713,21,25,"Equestrianism Mixed Jumping, Individual"
1714,21,25,"Equestrianism Mixed Jumping, Team"
1715,8,27,Boxing Men's Lightweight
1716,38,22,Rowing Men's Coxed Fours
1717,10,22,Rowing Men's Coxless Pairs
1718,33,7,"Athletics Men's 5,000 metres"
1719,33,7,"Athletics Men's 10,000 metres"
1720,37,25,"Equestrianism Mixed Three-Day Event, Individual"
1721,37,25,"Equestrianism Mixed Three-Day Event, Team"
1722,17,18,"Wrestling Men's Middleweight, Greco-Roman"
1723,17,18,"Wrestling Men's Middleweight, Freestyle"
1724,2,26,"Shooting Women's Air Rifle, 10 metres"
1725,2,26,"Shooting Women's Small-Bore Rifle, Three Positions, 50 metres"
1726,10,7,Athletics Men's Triple Jump
1727,13,47,Beach Volleyball Men's Beach Volleyball
1728,12,47,Beach Volleyball Men's Beach Volleyball
1729,1,9,Swimming Women's 4 x 100 metres Freestyle Relay
1730,1,9,Swimming Women's 100 metres Butterfly
1731,1,9,Swimming Women's 4 x 100 metres Medley Relay
1732,27,21,Hockey Men's Hockey
1733,21,17,Weightlifting Women's Middleweight
1734,20,22,Rowing Women's Single Sculls
1735,33,3,Football Men's Football
1736,29,21,Hockey Men's Hockey
1737,2,7,"Athletics Men's 10,000 metres"
1738,13,17,Weightlifting Men's Heavyweight I
1739,22,27,Boxing Men's Featherweight
1740,20,7,"Athletics Women's 3,000 metres Steeplechase"
1741,6,6,Cross Country Skiing Men's 30 kilometres
1742,18,6,Cross Country Skiing Men's 10 kilometres
1743,18,6,Cross Country Skiing Men's 10/15 kilometres Pursuit
1744,18,6,Cross Country Skiing Men's 4 x 10 kilometres Relay
1745,35,30,Diving Men's Platform
1746,34,27,Boxing Men's Light-Heavyweight
1747,14,7,Athletics Men's Shot Put
1748,14,7,"Athletics Men's Shot Put, Both Hands"
1749,27,33,Modern Pentathlon Men's Individual
1750,27,33,Modern Pentathlon Men's Team
1751,34,27,Boxing Men's Welterweight
1752,43,8,Ice Hockey Men's Ice Hockey
1753,29,18,"Wrestling Men's Heavyweight, Greco-Roman"
1754,1,18,"Wrestling Men's Super-Heavyweight, Greco-Roman"
1755,13,18,"Wrestling Men's Super-Heavyweight, Greco-Roman"
1756,22,18,"Wrestling Men's Super-Heavyweight, Greco-Roman"
1757,7,49,"Ski Jumping Men's Normal Hill, Individual"
1758,7,49,"Ski Jumping Men's Large Hill, Individual"
1759,7,49,"Ski Jumping Men's Large Hill, Team"
1760,18,49,"Ski Jumping Men's Normal Hill, Individual"
1761,18,49,"Ski Jumping Men's Large Hill, Individual"
1762,18,49,"Ski Jumping Men's Large Hill, Team"
1763,9,49,"Ski Jumping Men's Normal Hill, Individual"
1764,9,49,"Ski Jumping Men's Large Hill, Individual"
1765,9,49,"Ski Jumping Men's Large Hill, Team"
1766,19,49,"Ski Jumping Men's Normal Hill, Individual"
1767,19,49,"Ski Jumping Men's Large Hill, Individual"
1768,19,49,"Ski Jumping Men's Large Hill, Team"
1769,39,49,"Ski Jumping Men's Normal Hill, Individual"
1770,39,49,"Ski Jumping Men's Large Hill, Individual"
1771,16,49,"Ski Jumping Men's Normal Hill, Individual"
1772,16,49,"Ski Jumping Men's Large Hill, Individual"
1773,16,49,"Ski Jumping Men's Large Hill, Team"
1774,28,22,Rowing Men's Coxed Pairs
1775,36,22,Rowing Men's Coxless Pairs
1776,34,7,Athletics Men's Javelin Throw
1777,38,11,Sailing Mixed Three Person Keelboat
1778,12,22,Rowing Men's Coxed Eights
1779,22,22,Rowing Men's Coxed Eights
1780,20,26,Shooting Women's Trap
1781,2,26,Shooting Women's Trap
1782,21,26,Shooting Women's Trap
1783,33,7,Athletics Women's Javelin Throw
1784,34,7,Athletics Women's Javelin Throw
1785,12,30,Diving Men's Springboard
1786,31,23,Bobsleigh Men's Four
1787,32,23,Bobsleigh Men's Four
1788,2,10,Badminton Men's Doubles
1789,21,10,Badminton Men's Doubles
1790,33,27,Boxing Men's Heavyweight
1791,20,11,Sailing Men's Windsurfer
1792,2,11,Sailing Men's Windsurfer
1793,34,18,"Wrestling Men's Heavyweight, Greco-Roman"
1794,22,18,"Wrestling Men's Lightweight, Greco-Roman"
1795,21,9,Swimming Women's 200 metres Freestyle
1796,21,9,Swimming Women's 4 x 200 metres Freestyle Relay
1797,13,21,Hockey Women's Hockey
1798,22,21,Hockey Women's Hockey
1799,22,22,Rowing Men's Single Sculls
1800,50,23,Bobsleigh Men's Four
1801,14,7,Athletics Men's 10 kilometres Walk
1802,37,7,Athletics Men's 800 metres
1803,2,7,Athletics Women's 20 kilometres Walk
1804,21,7,Athletics Women's 20 kilometres Walk
1805,15,17,Weightlifting Men's Heavyweight
1806,2,31,"Canoeing Men's Kayak Singles, Slalom"
1807,21,31,"Canoeing Men's Kayak Singles, Slalom"
1808,38,7,Athletics Women's 200 metres
1809,38,7,Athletics Women's 80 metres Hurdles
1810,27,7,Athletics Women's 80 metres Hurdles
1811,33,13,Gymnastics Men's Individual All-Around
1812,33,13,Gymnastics Men's Team All-Around
1813,33,13,Gymnastics Men's Floor Exercise
1814,33,13,Gymnastics Men's Horse Vault
1815,33,13,Gymnastics Men's Parallel Bars
1816,33,13,Gymnastics Men's Horizontal Bar
1817,33,13,Gymnastics Men's Rings
1818,33,13,Gymnastics Men's Pommelled Horse
1819,30,7,Athletics Men's 400 metres
1820,30,7,Athletics Men's 4 x 400 metres Relay
1821,1,13,Gymnastics Men's Individual All-Around
1822,1,13,Gymnastics Men's Team All-Around
1823,1,13,Gymnastics Men's Floor Exercise
1824,1,13,Gymnastics Men's Horse Vault
1825,1,13,Gymnastics Men's Parallel Bars
1826,1,13,Gymnastics Men's Horizontal Bar
1827,1,13,Gymnastics Men's Rings
1828,1,13,Gymnastics Men's Pommelled Horse
1829,5,15,Alpine Skiing Women's Giant Slalom
1830,5,15,Alpine Skiing Women's Slalom
1831,33,22,Rowing Men's Coxed Eights
1832,12,36,Softball Women's Softball
1833,13,7,Athletics Men's 4 x 400 metres Relay
1834,38,29,"Cycling Men's Road Race, Individual"
1835,33,1,Basketball Men's Basketball
1836,18,8,Ice Hockey Men's Ice Hockey
1837,24,49,"Ski Jumping Men's Normal Hill, Individual"
1838,24,49,"Ski Jumping Men's Large Hill, Individual"
1839,40,49,"Ski Jumping Men's Normal Hill, Individual"
1840,40,49,"Ski Jumping Men's Large Hill, Individual"
1841,12,18,"Wrestling Men's Featherweight, Greco-Roman"
1842,12,11,Sailing Mixed One Person Dinghy
1843,20,11,Sailing Mixed One Person Dinghy
1844,2,11,Sailing Men's One Person Heavyweight Dinghy
1845,1,11,Sailing Men's One Person Dinghy
1846,13,11,Sailing Men's One Person Dinghy
1847,39,44,Freestyle Skiing Women's Aerials
1848,3,7,Athletics Men's 400 metres
1849,3,7,Athletics Men's 4 x 400 metres Relay
1850,37,9,Swimming Women's 100 metres Butterfly
1851,37,9,Swimming Women's 200 metres Butterfly
1852,17,13,Gymnastics Women's Team All-Around
1853,36,2,Judo Men's Heavyweight
1854,36,2,Judo Men's Open Class
1855,35,14,"Art Competitions Mixed Painting, Paintings"
1856,34,11,Sailing Mixed 5.5 metres
1857,27,11,Sailing Mixed 5.5 metres
1858,22,7,Athletics Men's 800 metres
1859,21,22,Rowing Women's Single Sculls
1860,20,22,Rowing Men's Lightweight Double Sculls
1861,21,29,"Cycling Men's Road Race, Individual"
1862,22,27,Boxing Men's Welterweight
1863,12,7,Athletics Women's 800 metres
1864,29,16,Handball Men's Handball
1865,25,15,Alpine Skiing Men's Giant Slalom
1866,25,15,Alpine Skiing Men's Slalom
1867,5,15,Alpine Skiing Men's Giant Slalom
1868,2,18,"Wrestling Men's Middleweight, Greco-Roman"
1869,22,7,"Athletics Women's 10,000 metres"
1870,14,32,"Tennis Mixed Doubles, Covered Courts"
1871,14,32,"Tennis Women's Singles, Covered Courts"
1872,13,29,"Cycling Men's Team Pursuit, 4,000 metres"
1873,12,29,"Cycling Men's Team Pursuit, 4,000 metres"
1874,12,29,Cycling Men's Madison
1875,22,9,Swimming Women's 100 metres Backstroke
1876,20,9,Swimming Women's 100 metres Backstroke
1877,35,14,"Art Competitions Mixed Sculpturing, Statues"
1878,47,7,Athletics Men's Marathon
1879,4,52,Rugby Men's Rugby
1880,12,26,"Shooting Men's Small-Bore Rifle, Three Positions, 50 metres"
1881,12,26,"Shooting Men's Small-Bore Rifle, Prone, 50 metres"
1882,22,26,"Shooting Men's Small-Bore Rifle, Three Positions, 50 metres"
1883,22,26,"Shooting Men's Small-Bore Rifle, Prone, 50 metres"
1884,20,26,"Shooting Men's Small-Bore Rifle, Three Positions, 50 metres"
1885,20,26,"Shooting Men's Small-Bore Rifle, Prone, 50 metres"
1886,2,26,"Shooting Men's Air Rifle, 10 metres"
1887,2,26,"Shooting Men's Small-Bore Rifle, Three Positions, 50 metres"
1888,2,26,"Shooting Men's Small-Bore Rifle, Prone, 50 metres"
1889,11,49,"Ski Jumping Men's Normal Hill, Individual"
1890,11,49,"Ski Jumping Men's Large Hill, Individual"
1891,29,9,Swimming Women's 100 metres Backstroke
1892,29,9,Swimming Women's 4 x 100 metres Medley Relay
1893,12,43,Rhythmic Gymnastics Women's Group
1894,10,7,Athletics Men's 200 metres
1895,33,7,Athletics Men's 4 x 100 metres Relay
1896,21,27,Boxing Men's Super-Heavyweight
1897,1,17,Weightlifting Men's Heavyweight II
1898,22,17,Weightlifting Women's Light-Heavyweight
1899,12,3,Football Women's Football
1900,13,42,Baseball Men's Baseball
1901,12,27,Boxing Men's Welterweight
1902,37,27,Boxing Men's Heavyweight
1903,26,27,Boxing Men's Heavyweight
1904,26,17,Weightlifting Men's Middle-Heavyweight
1905,12,7,Athletics Women's Long Jump
1906,22,7,Athletics Women's Long Jump
1907,13,7,Athletics Women's 100 metres
1908,13,7,Athletics Women's Long Jump
1909,29,18,"Wrestling Men's Bantamweight, Freestyle"
1910,20,18,"Wrestling Men's Heavyweight, Freestyle"
1911,37,7,Athletics Men's 400 metres
1912,26,7,Athletics Men's 400 metres
1913,29,7,Athletics Men's 400 metres Hurdles
1914,13,31,"Canoeing Women's Kayak Doubles, 500 metres"
1915,33,7,Athletics Men's 400 metres
1916,33,7,Athletics Men's 4 x 400 metres Relay
1917,26,18,"Wrestling Men's Featherweight, Freestyle"
1918,29,18,"Wrestling Men's Lightweight, Freestyle"
1919,1,18,"Wrestling Men's Lightweight, Freestyle"
1920,2,27,Boxing Men's Middleweight
1921,29,40,Table Tennis Women's Singles
1922,29,40,Table Tennis Women's Doubles
1923,17,18,"Wrestling Men's Bantamweight, Freestyle"
1924,42,6,Cross Country Skiing Women's 5 kilometres
1925,6,53,"Short Track Speed Skating Men's 5,000 metres Relay"
1926,7,53,"Short Track Speed Skating Men's 5,000 metres Relay"
1927,13,9,Swimming Men's 400 metres Freestyle
1928,13,9,"Swimming Men's 1,500 metres Freestyle"
1929,26,27,Boxing Men's Light-Heavyweight
1930,12,37,Archery Men's Individual
1931,12,37,Archery Men's Team
1932,36,24,"Fencing Men's Foil, Individual"
1933,36,24,"Fencing Men's Foil, Team"
1934,36,24,"Fencing Men's Sabre, Team"
1935,22,2,Judo Men's Lightweight
1936,10,18,"Wrestling Men's Flyweight, Greco-Roman"
1937,15,18,"Wrestling Men's Lightweight, Greco-Roman"
1938,33,18,"Wrestling Men's Flyweight, Freestyle"
1939,34,18,"Wrestling Men's Bantamweight, Freestyle"
1940,38,18,"Wrestling Men's Bantamweight, Freestyle"
1941,10,18,"Wrestling Men's Lightweight, Greco-Roman"
1942,21,7,"Athletics Women's 3,000 metres Steeplechase"
1943,21,7,"Athletics Men's 3,000 metres Steeplechase"
1944,27,18,"Wrestling Men's Featherweight, Freestyle"
1945,36,18,"Wrestling Men's Featherweight, Freestyle"
1946,2,29,"Cycling Men's Road Race, Individual"
1947,2,29,Cycling Men's Individual Time Trial
1948,38,11,Sailing Mixed Two Person Heavyweight Dinghy
1949,40,6,Cross Country Skiing Men's 15 kilometres
1950,40,6,Cross Country Skiing Men's 30 kilometres
1951,40,6,Cross Country Skiing Men's 50 kilometres
1952,40,6,Cross Country Skiing Men's 4 x 10 kilometres Relay
1953,29,24,"Fencing Men's Foil, Team"
1954,29,24,"Fencing Men's Foil, Individual"
1955,1,2,Judo Women's Heavyweight
1956,3,25,"Equestrianism Men's Jumping, Individual"
1957,25,23,Bobsleigh Men's Four
1958,17,31,"Canoeing Men's Kayak Singles, 1,000 metres"
1959,34,31,"Canoeing Men's Kayak Doubles, 1,000 metres"
1960,30,18,"Wrestling Men's Heavyweight, Freestyle"
1961,17,31,"Canoeing Men's Kayak Doubles, 10,000 metres"
1962,8,11,Sailing Mixed 6 metres
1963,36,18,"Wrestling Men's Welterweight, Freestyle"
1964,23,6,Cross Country Skiing Men's 15 kilometres
1965,24,12,Biathlon Men's 20 kilometres
1966,1,9,"Swimming Men's 1,500 metres Freestyle"
1967,1,9,Swimming Men's 4 x 200 metres Freestyle Relay
1968,27,11,Sailing Mixed One Person Dinghy
1969,14,18,"Wrestling Men's Featherweight, Greco-Roman"
1970,25,34,Figure Skating Men's Singles
1971,41,13,"Gymnastics Men's Individual All-Around, 5 Events"
1972,20,18,"Wrestling Men's Featherweight, Freestyle"
1973,2,18,"Wrestling Men's Super-Heavyweight, Freestyle"
1974,21,18,"Wrestling Men's Super-Heavyweight, Freestyle"
1975,10,7,Athletics Men's Long Jump
1976,21,31,"Canoeing Women's Kayak Fours, 500 metres"
1977,37,38,Volleyball Women's Volleyball
1978,1,27,Boxing Men's Heavyweight
1979,9,12,Biathlon Women's 15 kilometres
1980,9,12,Biathlon Women's 4 x 7.5 kilometres Relay
1981,19,12,Biathlon Women's 7.5 kilometres Sprint
1982,19,12,Biathlon Women's 10 kilometres Pursuit
1983,19,12,Biathlon Women's 12.5 kilometres Mass Start
1984,19,12,Biathlon Women's 15 kilometres
1985,19,12,Biathlon Women's 4 x 6 kilometres Relay
1986,22,26,Shooting Men's Skeet
1987,20,26,Shooting Men's Skeet
1988,2,26,Shooting Men's Skeet
1989,21,18,"Wrestling Men's Light-Heavyweight, Greco-Roman"
1990,21,27,Boxing Men's Bantamweight
1991,16,6,Cross Country Skiing Men's 15 kilometres
1992,16,6,Cross Country Skiing Men's 50 kilometres
1993,20,18,"Wrestling Men's Super-Heavyweight, Freestyle"
1994,13,18,"Wrestling Men's Flyweight, Greco-Roman"
1995,34,18,"Wrestling Men's Heavyweight, Freestyle"
1996,38,18,"Wrestling Men's Heavyweight, Freestyle"
1997,37,21,Hockey Women's Hockey
1998,9,15,Alpine Skiing Women's Giant Slalom
1999,9,15,Alpine Skiing Women's Slalom
2000,12,17,Weightlifting Men's Middle-Heavyweight
2001,22,17,Weightlifting Men's Middle-Heavyweight
2002,20,17,Weightlifting Men's Heavyweight
2003,28,7,Athletics Men's High Jump
2004,29,7,Athletics Women's Shot Put
2005,12,9,Swimming Women's 100 metres Breaststroke
2006,22,9,Swimming Women's 50 metres Freestyle
2007,20,9,Swimming Women's 50 metres Freestyle
2008,34,18,"Wrestling Men's Featherweight, Freestyle"
2009,38,18,"Wrestling Men's Featherweight, Freestyle"
2010,22,13,Gymnastics Women's Individual All-Around
2011,22,13,Gymnastics Women's Team All-Around
2012,22,13,Gymnastics Women's Floor Exercise
2013,22,13,Gymnastics Women's Horse Vault
2014,22,13,Gymnastics Women's Uneven Bars
2015,22,13,Gymnastics Women's Balance Beam
2016,14,13,Gymnastics Men's Individual All-Around
2017,40,8,Ice Hockey Men's Ice Hockey
2018,22,3,Football Women's Football
2019,38,7,Athletics Men's 110 metres Hurdles
2020,14,3,Football Men's Football
2021,27,7,Athletics Women's 100 metres
2022,27,7,Athletics Women's 200 metres
2023,27,7,Athletics Women's 4 x 100 metres Relay
2024,12,40,Table Tennis Men's Singles
2025,22,40,Table Tennis Men's Doubles
2026,13,7,Athletics Women's 400 metres Hurdles
2027,13,10,Badminton Men's Singles
2028,13,10,Badminton Mixed Doubles
2029,29,27,Boxing Men's Heavyweight
2030,37,7,Athletics Women's 400 metres
2031,37,7,Athletics Women's 4 x 400 metres Relay
2032,20,28,Taekwondo Women's Flyweight
2033,26,43,Rhythmic Gymnastics Women's Individual
2034,29,43,Rhythmic Gymnastics Women's Individual
2035,21,26,"Shooting Men's Rapid-Fire Pistol, 25 metres"
2036,36,18,"Wrestling Men's Heavyweight, Greco-Roman"
2037,28,37,Archery Women's Individual
2038,38,7,Athletics Men's Shot Put
2039,28,7,Athletics Men's Shot Put
2040,2,7,Athletics Women's 800 metres
2041,21,7,Athletics Women's 800 metres
2042,21,7,"Athletics Women's 1,500 metres"
2043,20,17,Weightlifting Men's Middle-Heavyweight
2044,28,37,Archery Men's Individual
2045,12,20,Water Polo Women's Water Polo
2046,26,27,Boxing Men's Light-Flyweight
2047,28,25,"Equestrianism Mixed Jumping, Individual"
2048,28,25,"Equestrianism Mixed Jumping, Team"
2049,28,24,"Fencing Men's Sabre, Individual"
2050,1,7,"Athletics Women's 1,500 metres"
2051,12,22,Rowing Men's Single Sculls
2052,51,32,Tennis Men's Singles
2053,51,32,Tennis Men's Doubles
2054,15,24,"Fencing Men's Foil, Individual"
2055,15,24,"Fencing Men's epee, Team"
2056,35,24,"Fencing Men's Sabre, Individual"
2057,22,2,Judo Women's Half-Heavyweight
2058,21,24,"Fencing Women's Sabre, Team"
2059,20,9,Swimming Women's 100 metres Freestyle
2060,20,9,Swimming Women's 4 x 100 metres Freestyle Relay
2061,20,9,Swimming Women's 4 x 100 metres Medley Relay
2062,36,7,Athletics Women's 400 metres
2063,36,7,Athletics Women's 4 x 400 metres Relay
2064,20,27,Boxing Men's Lightweight
2065,38,7,Athletics Men's Javelin Throw
2066,30,3,Football Men's Football
2067,27,18,"Wrestling Men's Heavyweight, Greco-Roman"
2068,26,7,Athletics Women's 100 metres
2069,26,7,Athletics Women's 200 metres
2070,26,7,Athletics Women's 100 metres Hurdles
2071,17,7,Athletics Men's 100 metres
2072,17,7,Athletics Men's 200 metres
2073,17,7,Athletics Men's 4 x 100 metres Relay
2074,12,26,"Shooting Women's Air Rifle, 10 metres"
2075,12,26,"Shooting Women's Small-Bore Rifle, Three Positions, 50 metres"
2076,22,26,"Shooting Women's Small-Bore Rifle, Three Positions, 50 metres"
2077,37,9,Swimming Women's 200 metres Freestyle
2078,37,9,Swimming Women's 400 metres Freestyle
2079,37,9,Swimming Women's 800 metres Freestyle
2080,37,9,Swimming Women's 4 x 100 metres Medley Relay
2081,16,19,Luge Women's Singles
2082,37,18,"Wrestling Men's Light-Flyweight, Freestyle"
2083,21,9,Swimming Women's 50 metres Freestyle
2084,36,7,Athletics Men's Marathon
2085,13,7,Athletics Women's Marathon
2086,12,7,Athletics Women's Marathon
2087,20,18,"Wrestling Women's Heavyweight, Freestyle"
2088,22,7,Athletics Women's Heptathlon
2089,36,11,Sailing Mixed Two Person Keelboat
2090,13,27,Boxing Men's Welterweight
2091,37,27,Boxing Men's Welterweight
2092,22,27,Boxing Men's Heavyweight
2093,36,7,Athletics Men's 4 x 400 metres Relay
2094,29,29,Cycling Men's 100 kilometres Team Time Trial
2095,21,26,Shooting Men's Double Trap
2096,37,24,"Fencing Men's Foil, Individual"
2097,37,24,"Fencing Men's Foil, Team"
2098,37,24,"Fencing Men's Sabre, Individual"
2099,26,24,"Fencing Men's Foil, Individual"
2100,26,24,"Fencing Men's Foil, Team"
2101,26,7,"Athletics Men's 3,000 metres Steeplechase"
2102,29,7,Athletics Men's Javelin Throw
2103,29,9,Swimming Men's 400 metres Freestyle
2104,13,18,"Wrestling Men's Lightweight, Freestyle"
2105,2,26,Shooting Men's Trap
2106,2,9,Swimming Men's 200 metres Butterfly
2107,22,26,Shooting Men's Trap
2108,1,9,Swimming Men's 100 metres Freestyle
2109,1,9,Swimming Men's 100 metres Butterfly
2110,36,7,Athletics Men's 400 metres
2111,36,2,Judo Men's Lightweight
2112,22,26,Shooting Men's Double Trap
2113,2,26,Shooting Men's Double Trap
2114,29,17,Weightlifting Men's Flyweight
2115,12,17,Weightlifting Men's Light-Heavyweight
2116,29,17,Weightlifting Men's Lightweight
2117,20,7,Athletics Men's 800 metres
2118,2,7,Athletics Men's 800 metres
2119,2,9,Swimming Men's 100 metres Butterfly
2120,22,17,Weightlifting Men's Lightweight
2121,1,24,"Fencing Men's Sabre, Individual"
2122,29,18,"Wrestling Men's Welterweight, Greco-Roman"
2123,21,17,Weightlifting Women's Lightweight
2124,29,27,Boxing Men's Super-Heavyweight
2125,21,26,"Shooting Women's Air Pistol, 10 metres"
2126,26,37,Archery Men's Individual
2127,29,7,Athletics Men's Hammer Throw
2128,36,7,Athletics Men's Shot Put
2129,36,7,Athletics Men's Triple Jump
2130,20,7,Athletics Women's 100 metres Hurdles
2131,26,26,"Shooting Men's Air Rifle, 10 metres"
2132,29,26,"Shooting Men's Air Rifle, 10 metres"
2133,22,7,Athletics Men's 200 metres
2134,20,7,Athletics Men's Discus Throw
2135,2,7,Athletics Men's Discus Throw
2136,21,7,Athletics Men's Discus Throw
2137,1,26,Shooting Mixed Trap
2138,13,26,Shooting Men's Trap
2139,13,26,Shooting Men's Double Trap
2140,12,26,Shooting Men's Double Trap
2141,2,2,Judo Men's Half-Lightweight
2142,13,9,Swimming Men's 100 metres Freestyle
2143,13,17,Weightlifting Men's Bantamweight
2144,12,28,Taekwondo Men's Heavyweight
2145,12,7,Athletics Men's Discus Throw
2146,29,24,"Fencing Men's epee, Team"
2147,13,25,"Equestrianism Mixed Jumping, Individual"
2148,13,25,"Equestrianism Mixed Jumping, Team"
2149,12,25,"Equestrianism Mixed Jumping, Individual"
2150,21,17,Weightlifting Men's Lightweight
2151,1,9,Swimming Men's 100 metres Breaststroke
2152,1,9,Swimming Men's 200 metres Breaststroke
2153,20,2,Judo Men's Half-Heavyweight
2154,21,26,Shooting Men's Trap
2155,36,2,Judo Men's Half-Middleweight
2156,2,7,Athletics Men's 400 metres
2157,2,7,Athletics Men's Hammer Throw
2158,20,7,Athletics Women's 200 metres
2159,26,9,Swimming Men's 100 metres Butterfly
2160,29,18,"Wrestling Men's Welterweight, Freestyle"
2161,13,40,Table Tennis Men's Singles
2162,20,7,Athletics Men's Shot Put
2163,20,9,Swimming Men's 100 metres Breaststroke
2164,26,9,Swimming Men's 100 metres Breaststroke
2165,20,24,"Fencing Men's Foil, Individual"
2166,1,24,"Fencing Men's epee, Individual"
2167,26,2,Judo Men's Lightweight
2168,29,2,Judo Men's Middleweight
2169,20,13,Gymnastics Men's Individual All-Around
2170,20,13,Gymnastics Men's Floor Exercise
2171,20,13,Gymnastics Men's Horse Vault
2172,20,13,Gymnastics Men's Pommelled Horse
2173,29,26,Shooting Mixed Trap
2174,13,30,Diving Men's Springboard
2175,1,40,Table Tennis Women's Singles
2176,1,2,Judo Men's Extra-Lightweight
2177,1,40,Table Tennis Men's Singles
2178,29,37,Archery Men's Individual
2179,12,7,Athletics Men's Javelin Throw
2180,1,2,Judo Men's Lightweight
2181,34,7,Athletics Men's 110 metres Hurdles
2182,34,7,Athletics Men's 400 metres Hurdles
2183,29,11,Sailing Mixed Windsurfer
2184,22,9,Swimming Men's 50 metres Freestyle
2185,12,7,Athletics Men's 800 metres
2186,27,18,"Wrestling Men's Featherweight, Greco-Roman"
2187,34,27,Boxing Men's Light-Welterweight
2188,38,27,Boxing Men's Welterweight
2189,21,27,Boxing Men's Light-Welterweight
2190,21,22,Rowing Men's Single Sculls
2191,1,7,Athletics Men's Shot Put
2192,1,7,Athletics Men's Discus Throw
2193,13,7,Athletics Men's Shot Put
2194,21,26,"Shooting Men's Small-Bore Rifle, Three Positions, 50 metres"
2195,1,26,"Shooting Men's Small-Bore Rifle, Prone, 50 metres"
2196,13,26,"Shooting Men's Small-Bore Rifle, Prone, 50 metres"
2197,2,28,Taekwondo Men's Flyweight
2198,12,9,Swimming Men's 100 metres Breaststroke
2199,22,9,Swimming Men's 100 metres Breaststroke
2200,26,11,Sailing Men's Windsurfer
2201,12,26,Shooting Men's Trap
2202,20,26,Shooting Men's Trap
2203,20,26,Shooting Men's Double Trap
2204,20,28,Taekwondo Women's Welterweight
2205,37,7,Athletics Men's Marathon
2206,2,37,Archery Women's Individual
2207,1,7,Athletics Men's Decathlon
2208,29,22,Rowing Men's Single Sculls
2209,20,9,Swimming Men's 100 metres Butterfly
2210,20,7,Athletics Men's Marathon
2211,1,7,"Athletics Men's 1,500 metres"
2212,29,2,Judo Men's Lightweight
2213,22,28,Taekwondo Men's Flyweight
2214,12,7,Athletics Men's Long Jump
2215,22,7,Athletics Men's Long Jump
2216,21,24,"Fencing Women's Foil, Individual"
2217,29,9,Swimming Men's 400 metres Individual Medley
2218,13,9,Swimming Men's 100 metres Breaststroke
2219,29,7,Athletics Men's Discus Throw
2220,28,7,Athletics Men's Javelin Throw
2221,36,7,Athletics Men's 800 metres
2222,2,17,Weightlifting Men's Middle-Heavyweight
2223,20,2,Judo Men's Lightweight
2224,29,9,Swimming Men's 100 metres Breaststroke
2225,29,9,Swimming Men's 200 metres Breaststroke
2226,1,9,Swimming Men's 4 x 100 metres Freestyle Relay
2227,1,9,Swimming Men's 4 x 100 metres Medley Relay
2228,2,18,"Wrestling Men's Featherweight, Greco-Roman"
2229,2,22,Rowing Men's Lightweight Double Sculls
2230,20,7,Athletics Men's Long Jump
2231,13,17,Weightlifting Men's Lightweight
2232,36,7,"Athletics Men's 1,500 metres"
2233,36,7,"Athletics Men's 10,000 metres"
2234,29,9,Swimming Men's 50 metres Freestyle
2235,29,9,Swimming Men's 100 metres Freestyle
2236,29,26,"Shooting Men's Small-Bore Rifle, Prone, 50 metres"
2237,13,9,Swimming Men's 200 metres Freestyle
2238,21,24,"Fencing Men's epee, Individual"
2239,29,7,Athletics Men's Long Jump
2240,1,7,Athletics Men's High Jump
2241,1,7,Athletics Men's Long Jump
2242,1,2,Judo Men's Half-Lightweight
2243,22,7,Athletics Men's Shot Put
2244,29,30,Diving Men's Springboard
2245,20,7,Athletics Men's 110 metres Hurdles
2246,28,7,Athletics Men's Discus Throw
2247,21,7,"Athletics Men's 1,500 metres"
2248,36,7,Athletics Men's Discus Throw
2249,22,7,Athletics Men's Hammer Throw
2250,20,7,Athletics Men's Hammer Throw
2251,37,7,Athletics Men's Shot Put
2252,27,26,"Shooting Mixed Free Rifle, Three Positions, 300 metres"
2253,28,26,"Shooting Mixed Free Rifle, Three Positions, 300 metres"
2254,20,18,"Wrestling Men's Lightweight, Greco-Roman"
2255,36,17,Weightlifting Men's Middleweight
2256,2,24,"Fencing Men's epee, Individual"
2257,20,11,Sailing Women's Windsurfer
2258,2,11,Sailing Women's Windsurfer
2259,21,11,Sailing Women's Windsurfer
2260,9,54,Skeleton Men's Skeleton
2261,36,7,Athletics Women's 100 metres
2262,36,7,Athletics Women's 200 metres
2263,37,7,Athletics Women's 200 metres
2264,29,7,Athletics Women's Javelin Throw
2265,1,7,Athletics Women's Javelin Throw
2266,14,24,"Fencing Men's Sabre, Individual"
2267,28,18,"Wrestling Men's Flyweight, Freestyle"
2268,2,7,Athletics Women's 400 metres
2269,28,18,"Wrestling Men's Featherweight, Greco-Roman"
2270,1,32,Tennis Men's Singles
2271,12,32,Tennis Men's Singles
2272,2,7,"Athletics Women's 3,000 metres Steeplechase"
2273,36,31,"Canoeing Men's Kayak Fours, 1,000 metres"
2274,14,29,"Cycling Men's Road Race, Individual"
2275,14,29,"Cycling Men's Road Race, Team"
2276,3,29,Cycling Men's 50 kilometres
2277,34,7,Athletics Men's 800 metres
2278,27,18,"Wrestling Men's Bantamweight, Freestyle"
2279,28,7,Athletics Women's 4 x 100 metres Relay
2280,27,9,Swimming Men's 200 metres Individual Medley
2281,27,9,Swimming Men's 400 metres Individual Medley
2282,38,9,Swimming Men's 200 metres Butterfly
2283,38,9,Swimming Men's 400 metres Individual Medley
2284,27,9,Swimming Men's 400 metres Freestyle
2285,27,9,"Swimming Men's 1,500 metres Freestyle"
2286,27,17,Weightlifting Men's Lightweight
2287,8,7,Athletics Men's Triple Jump
2288,27,7,"Athletics Men's 10,000 metres"
2289,13,1,Basketball Men's Basketball
2290,21,29,Cycling Men's Individual Time Trial
2291,29,22,Rowing Men's Coxed Fours
2292,33,7,Athletics Men's Discus Throw
2293,34,7,Athletics Men's Discus Throw
2294,27,7,Athletics Men's Pole Vault
2295,22,2,Judo Men's Middleweight
2296,20,2,Judo Men's Middleweight
2297,21,48,Triathlon Men's Olympic Distance
2298,22,2,Judo Men's Half-Lightweight
2299,23,6,Cross Country Skiing Men's 30 kilometres
2300,23,6,Cross Country Skiing Men's 4 x 10 kilometres Relay
2301,1,9,Swimming Women's 100 metres Backstroke
2302,1,9,Swimming Women's 200 metres Backstroke
2303,10,26,"Shooting Men's Rapid-Fire Pistol, 25 metres"
2304,27,26,"Shooting Mixed Rapid-Fire Pistol, 25 metres"
2305,15,7,Athletics Men's Marathon
2306,21,28,Taekwondo Men's Heavyweight
2307,27,24,"Fencing Men's epee, Team"
2308,41,29,"Cycling Men's Road Race, Individual"
2309,41,29,Cycling Men's 333 metres Time Trial
2310,41,29,"Cycling Men's Tandem Sprint, 2,000 metres"
2311,41,29,Cycling Men's 20 kilometres
2312,36,11,Sailing Mixed Three Person Keelboat
2313,5,6,Cross Country Skiing Men's 15 kilometres
2314,5,6,Cross Country Skiing Men's 30 kilometres
2315,3,24,"Fencing Men's epee, Team"
2316,15,24,"Fencing Men's Foil, Team"
2317,26,25,"Equestrianism Mixed Jumping, Individual"
2318,26,25,"Equestrianism Mixed Jumping, Team"
2319,3,32,Tennis Men's Doubles
2320,27,18,"Wrestling Men's Flyweight, Freestyle"
2321,2,17,Weightlifting Men's Super-Heavyweight
2322,10,31,"Canoeing Men's Kayak Singles, 10,000 metres"
2323,27,20,Water Polo Men's Water Polo
2324,4,11,Sailing Mixed Open
2325,4,11,Sailing Mixed 1-2 Ton
2326,3,27,Boxing Men's Flyweight
2327,13,25,"Equestrianism Mixed Three-Day Event, Team"
2328,21,22,Rowing Women's Coxed Eights
2329,47,3,Football Men's Football
2330,10,9,Swimming Women's 200 metres Breaststroke
2331,28,31,"Canoeing Men's Canadian Singles, Slalom"
2332,18,19,Luge Men's Singles
2333,9,19,Luge Men's Singles
2334,1,38,Volleyball Men's Volleyball
2335,22,48,Triathlon Men's Olympic Distance
2336,2,25,"Equestrianism Mixed Three-Day Event, Individual"
2337,23,15,Alpine Skiing Men's Downhill
2338,23,15,Alpine Skiing Men's Giant Slalom
2339,23,15,Alpine Skiing Men's Slalom
2340,17,7,Athletics Men's 400 metres Hurdles
2341,41,9,Swimming Men's 100 metres Freestyle
2342,41,9,Swimming Men's One Mile Freestyle
2343,39,15,Alpine Skiing Men's Downhill
2344,39,15,Alpine Skiing Men's Super G
2345,17,7,"Athletics Men's 10,000 metres"
2346,28,7,Athletics Women's Long Jump
2347,13,30,Diving Women's Springboard
2348,27,22,Rowing Men's Coxless Fours
2349,10,27,Boxing Men's Lightweight
2350,21,18,"Wrestling Men's Welterweight, Greco-Roman"
2351,10,31,"Canoeing Men's Kayak Singles, 1,000 metres"
2352,34,26,"Shooting Men's Free Rifle, Three Positions, 300 metres"
2353,21,32,Tennis Men's Singles
2354,19,15,Alpine Skiing Men's Combined
2355,15,22,Rowing Men's Coxless Fours
2356,15,22,Rowing Men's Coxed Fours
2357,28,18,"Wrestling Men's Heavyweight, Greco-Roman"
2358,9,19,Luge Mixed (Men)'s Doubles
2359,19,19,Luge Mixed (Men)'s Doubles
2360,34,26,"Shooting Men's Rapid-Fire Pistol, 25 metres"
2361,38,26,"Shooting Men's Rapid-Fire Pistol, 25 metres"
2362,34,18,"Wrestling Men's Light-Heavyweight, Greco-Roman"
2363,20,11,Sailing Men's Two Person Dinghy
2364,21,11,Sailing Mixed Multihull
2365,1,10,Badminton Women's Doubles
2366,11,5,"Speed Skating Women's 1,000 metres"
2367,11,5,"Speed Skating Women's 1,500 metres"
2368,11,5,"Speed Skating Women's 3,000 metres"
2369,6,6,Cross Country Skiing Women's 5 kilometres
2370,6,6,Cross Country Skiing Women's 30 kilometres
2371,6,6,Cross Country Skiing Women's 5/10 kilometres Pursuit
2372,6,6,Cross Country Skiing Women's 4 x 5 kilometres Relay
2373,7,6,Cross Country Skiing Women's 15 kilometres
2374,7,6,Cross Country Skiing Women's 30 kilometres
2375,7,6,Cross Country Skiing Women's 4 x 5 kilometres Relay
2376,18,6,Cross Country Skiing Women's 5 kilometres
2377,18,6,Cross Country Skiing Women's 30 kilometres
2378,18,6,Cross Country Skiing Women's 5/10 kilometres Pursuit
2379,18,6,Cross Country Skiing Women's 4 x 5 kilometres Relay
2380,9,6,Cross Country Skiing Women's 15 kilometres
2381,9,6,Cross Country Skiing Women's 5/5 kilometres Pursuit
2382,9,6,Cross Country Skiing Women's 4 x 5 kilometres Relay
2383,27,11,Sailing Mixed Two Person Keelboat
2384,28,11,Sailing Mixed Two Person Keelboat
2385,31,6,Cross Country Skiing Women's 10 kilometres
2386,31,34,Figure Skating Women's Singles
2387,32,34,Figure Skating Women's Singles
2388,30,7,Athletics Men's High Jump
2389,34,18,"Wrestling Men's Light-Heavyweight, Freestyle"
2390,34,7,Athletics Men's Hammer Throw
2391,29,9,Swimming Men's 100 metres Butterfly
2392,10,11,Sailing Mixed One Person Dinghy
2393,33,11,Sailing Mixed One Person Dinghy
2394,34,11,Sailing Mixed One Person Dinghy
2395,30,7,Athletics Women's 100 metres
2396,30,7,Athletics Women's 4 x 100 metres Relay
2397,29,30,Diving Women's Springboard
2398,13,30,Diving Women's Platform
2399,12,30,Diving Women's Platform
2400,12,30,Diving Women's Synchronized Springboard
2401,12,30,Diving Women's Synchronized Platform
2402,26,7,Athletics Men's 50 kilometres Walk
2403,29,7,Athletics Men's 50 kilometres Walk
2404,27,29,Cycling Men's 100 kilometres Team Time Trial
2405,27,29,"Cycling Men's Team Pursuit, 4,000 metres"
2406,2,7,Athletics Women's Triple Jump
2407,9,54,Skeleton Women's Skeleton
2408,19,54,Skeleton Women's Skeleton
2409,9,15,Alpine Skiing Women's Downhill
2410,9,15,Alpine Skiing Women's Super G
2411,9,15,Alpine Skiing Women's Combined
2412,19,15,Alpine Skiing Women's Downhill
2413,19,15,Alpine Skiing Women's Super G
2414,39,15,Alpine Skiing Women's Downhill
2415,39,15,Alpine Skiing Women's Super G
2416,39,15,Alpine Skiing Women's Giant Slalom
2417,39,15,Alpine Skiing Women's Combined
2418,16,15,Alpine Skiing Women's Downhill
2419,16,15,Alpine Skiing Women's Combined
2420,26,9,Swimming Men's 100 metres Backstroke
2421,26,9,Swimming Men's 200 metres Backstroke
2422,16,44,Freestyle Skiing Women's Aerials
2423,36,27,Boxing Men's Light-Welterweight
2424,27,18,"Wrestling Men's Lightweight, Greco-Roman"
2425,27,27,Boxing Men's Light-Heavyweight
2426,27,13,Gymnastics Women's Individual All-Around
2427,27,13,Gymnastics Women's Team All-Around
2428,27,13,Gymnastics Women's Floor Exercise
2429,27,13,Gymnastics Women's Horse Vault
2430,27,13,Gymnastics Women's Uneven Bars
2431,27,13,Gymnastics Women's Balance Beam
2432,12,7,Athletics Women's Triple Jump
2433,22,7,Athletics Women's Triple Jump
2434,20,7,Athletics Women's Triple Jump
2435,44,23,Bobsleigh Men's Four/Five
2436,3,29,"Cycling Men's Tandem Sprint, 2,000 metres"
2437,3,29,"Cycling Men's Team Pursuit, 4,000 metres"
2438,15,29,Cycling Men's 50 kilometres
2439,6,6,Cross Country Skiing Women's 15 kilometres
2440,35,7,Athletics Men's 4 x 400 metres Relay
2441,37,31,"Canoeing Men's Kayak Doubles, 500 metres"
2442,10,9,Swimming Women's 100 metres Freestyle
2443,10,9,Swimming Women's 4 x 100 metres Freestyle Relay
2444,31,6,Cross Country Skiing Men's 4 x 10 kilometres Relay
2445,32,6,Cross Country Skiing Men's 15 kilometres
2446,32,6,Cross Country Skiing Men's 30 kilometres
2447,21,22,Rowing Men's Lightweight Coxless Fours
2448,35,14,"Art Competitions Mixed Painting, Drawings And Water Colors"
2449,20,30,Diving Men's Synchronized Platform
2450,26,29,Cycling Men's Points Race
2451,29,29,Cycling Men's Points Race
2452,12,17,Weightlifting Men's Super-Heavyweight
2453,29,17,Weightlifting Men's Bantamweight
2454,21,21,Hockey Men's Hockey
2455,1,9,Swimming Women's 100 metres Freestyle
2456,13,9,Swimming Women's 4 x 100 metres Medley Relay
2457,14,26,"Shooting Men's Free Pistol, 50 metres"
2458,14,26,"Shooting Men's Dueling Pistol, 30 metres"
2459,2,28,Taekwondo Women's Flyweight
2460,20,11,Sailing Women's One Person Dinghy
2461,2,11,Sailing Women's Two Person Dinghy
2462,21,11,Sailing Women's Two Person Dinghy
2463,2,7,Athletics Men's 400 metres Hurdles
2464,21,7,Athletics Men's 400 metres Hurdles
2465,13,40,Table Tennis Women's Singles
2466,13,7,Athletics Men's Discus Throw
2467,22,7,Athletics Men's Discus Throw
2468,2,27,Boxing Men's Light-Flyweight
2469,2,22,Rowing Men's Single Sculls
2470,21,22,Rowing Men's Double Sculls
2471,2,9,Swimming Men's 200 metres Breaststroke
2472,37,22,Rowing Men's Coxed Fours
2473,10,11,Sailing Mixed 5.5 metres
2474,33,11,Sailing Mixed 5.5 metres
2475,22,9,Swimming Men's 200 metres Freestyle
2476,22,9,Swimming Men's 200 metres Breaststroke
2477,22,9,Swimming Men's 200 metres Individual Medley
2478,20,9,Swimming Men's 200 metres Breaststroke
2479,20,9,Swimming Men's 200 metres Individual Medley
2480,34,22,Rowing Men's Coxed Fours
2481,37,9,Swimming Men's 100 metres Breaststroke
2482,37,17,Weightlifting Men's Middle-Heavyweight
2483,27,27,Boxing Men's Light-Flyweight
2484,25,23,Bobsleigh Men's Two
2485,10,7,Athletics Women's 80 metres Hurdles
2486,37,22,Rowing Women's Coxed Eights
2487,12,22,Rowing Women's Single Sculls
2488,37,22,Rowing Women's Double Sculls
2489,21,18,"Wrestling Men's Heavyweight, Greco-Roman"
2490,21,17,Weightlifting Men's Super-Heavyweight
2491,21,27,Boxing Women's Lightweight
2492,22,7,Athletics Men's High Jump
2493,2,29,Cycling Women's BMX
2494,38,7,"Athletics Men's 3,000 metres Steeplechase"
2495,5,19,Luge Mixed (Men)'s Doubles
2496,13,17,Weightlifting Men's Middle-Heavyweight
2497,13,9,Swimming Men's 200 metres Breaststroke
2498,28,17,Weightlifting Men's Super-Heavyweight
2499,36,17,Weightlifting Men's Super-Heavyweight
2500,37,17,Weightlifting Men's Super-Heavyweight
2501,2,31,"Canoeing Men's Kayak Doubles, 200 metres"
2502,2,31,"Canoeing Men's Kayak Doubles, 1,000 metres"
2503,21,31,"Canoeing Men's Kayak Doubles, 1,000 metres"
2504,38,30,Diving Women's Platform
2505,27,30,Diving Women's Platform
2506,12,30,Diving Women's Springboard
2507,2,31,"Canoeing Men's Kayak Fours, 1,000 metres"
2508,5,34,Figure Skating Men's Singles
2509,2,38,Volleyball Men's Volleyball
2510,17,17,Weightlifting Men's Lightweight
2511,38,27,Boxing Men's Light-Middleweight
2512,12,7,"Athletics Men's 5,000 metres"
2513,27,27,Boxing Men's Welterweight
2514,14,32,Tennis Men's Doubles
2515,41,7,Athletics Men's Marathon
2516,22,7,Athletics Men's 4 x 100 metres Relay
2517,12,16,Handball Women's Handball
2518,29,9,Swimming Women's 100 metres Butterfly
2519,8,27,Boxing Men's Featherweight
2520,4,24,"Fencing Men's Sabre, Masters, Individual"
2521,16,15,Alpine Skiing Men's Super G
2522,8,24,"Fencing Men's Foil, Team"
2523,35,22,Rowing Men's Coxed Eights
2524,8,22,Rowing Men's Coxless Fours
2525,8,22,Rowing Men's Coxed Eights
2526,37,26,Shooting Mixed Skeet
2527,26,26,Shooting Mixed Skeet
2528,36,7,Athletics Women's Long Jump
2529,13,29,"Cycling Women's Road Race, Individual"
2530,13,29,"Cycling Women's Mountainbike, Cross-Country"
2531,12,29,"Cycling Women's Mountainbike, Cross-Country"
2532,36,18,"Wrestling Men's Featherweight, Greco-Roman"
2533,47,55,Lacrosse Men's Lacrosse
2534,36,9,Swimming Women's 100 metres Butterfly
2535,39,49,"Ski Jumping Men's Large Hill, Team"
2536,28,11,Sailing Mixed Two Person Heavyweight Dinghy
2537,12,22,Rowing Women's Coxed Eights
2538,22,22,Rowing Women's Coxless Pairs
2539,20,22,Rowing Women's Coxed Eights
2540,13,13,Gymnastics Men's Individual All-Around
2541,13,13,Gymnastics Men's Floor Exercise
2542,13,13,Gymnastics Men's Horse Vault
2543,13,13,Gymnastics Men's Parallel Bars
2544,13,13,Gymnastics Men's Horizontal Bar
2545,13,13,Gymnastics Men's Rings
2546,13,13,Gymnastics Men's Pommelled Horse
2547,12,13,Gymnastics Men's Floor Exercise
2548,12,13,Gymnastics Men's Horizontal Bar
2549,22,13,Gymnastics Men's Individual All-Around
2550,22,13,Gymnastics Men's Floor Exercise
2551,22,13,Gymnastics Men's Horse Vault
2552,22,13,Gymnastics Men's Parallel Bars
2553,22,13,Gymnastics Men's Horizontal Bar
2554,22,13,Gymnastics Men's Rings
2555,22,13,Gymnastics Men's Pommelled Horse
2556,22,16,Handball Women's Handball
2557,30,29,"Cycling Men's Team Pursuit, 4,000 metres"
2558,26,29,Cycling Men's Sprint
2559,29,29,"Cycling Men's 1,000 metres Time Trial"
2560,42,15,Alpine Skiing Men's Giant Slalom
2561,42,15,Alpine Skiing Men's Slalom
2562,36,18,"Wrestling Men's Light-Flyweight, Freestyle"
2563,37,18,"Wrestling Men's Light-Flyweight, Greco-Roman"
2564,27,27,Boxing Men's Heavyweight
2565,28,27,Boxing Men's Heavyweight
2566,22,31,"Canoeing Women's Kayak Singles, 500 metres"
2567,21,7,Athletics Women's Long Jump
2568,36,30,Diving Men's Platform
2569,37,30,Diving Men's Platform
2570,37,7,"Athletics Men's 10,000 metres"
2571,1,25,"Equestrianism Mixed Three-Day Event, Individual"
2572,37,7,Athletics Men's 20 kilometres Walk
2573,37,7,Athletics Men's 50 kilometres Walk
2574,2,9,Swimming Men's 400 metres Individual Medley
2575,37,7,Athletics Women's Long Jump
2576,34,18,"Wrestling Men's Bantamweight, Greco-Roman"
2577,1,7,Athletics Women's 10 kilometres Walk
2578,10,27,Boxing Men's Light-Heavyweight
2579,36,25,"Equestrianism Mixed Three-Day Event, Individual"
2580,36,25,"Equestrianism Mixed Three-Day Event, Team"
2581,37,24,"Fencing Women's Foil, Individual"
2582,37,22,Rowing Men's Coxed Eights
2583,20,27,Boxing Men's Super-Heavyweight
2584,1,9,Swimming Men's 50 metres Freestyle
2585,12,7,Athletics Women's 20 kilometres Walk
2586,14,11,Sailing Mixed 12 metres
2587,29,24,"Fencing Men's Sabre, Individual"
2588,28,29,"Cycling Men's Team Pursuit, 4,000 metres"
2589,22,25,"Equestrianism Mixed Three-Day Event, Individual"
2590,22,25,"Equestrianism Mixed Three-Day Event, Team"
2591,2,25,"Equestrianism Mixed Three-Day Event, Team"
2592,10,7,Athletics Men's 110 metres Hurdles
2593,13,24,"Fencing Men's Foil, Individual"
2594,12,24,"Fencing Men's Foil, Individual"
2595,29,40,Table Tennis Men's Singles
2596,38,22,Rowing Men's Coxed Pairs
2597,8,9,Swimming Men's 100 metres Freestyle
2598,20,27,Boxing Men's Light-Heavyweight
2599,38,27,Boxing Men's Light-Heavyweight
2600,34,18,"Wrestling Men's Welterweight, Greco-Roman"
2601,22,2,Judo Women's Extra-Lightweight
2602,38,9,Swimming Men's 4 x 200 metres Freestyle Relay
2603,26,18,"Wrestling Men's Flyweight, Freestyle"
2604,38,18,"Wrestling Men's Flyweight, Greco-Roman"
2605,34,26,"Shooting Men's Small-Bore Rifle, Three Positions, 50 metres"
2606,34,26,"Shooting Men's Small-Bore Rifle, Prone, 50 metres"
2607,30,18,"Wrestling Men's Lightweight, Greco-Roman"
2608,21,7,Athletics Men's 110 metres Hurdles
2609,2,18,"Wrestling Women's Heavyweight, Freestyle"
2610,26,7,Athletics Men's 110 metres Hurdles
2611,22,17,Weightlifting Men's Bantamweight
2612,21,7,Athletics Women's 100 metres Hurdles
2613,34,7,Athletics Men's 200 metres
2614,22,7,Athletics Women's 400 metres
2615,17,29,"Cycling Men's Road Race, Individual"
2616,17,29,"Cycling Men's 1,000 metres Time Trial"
2617,13,11,Sailing Men's Windsurfer
2618,34,27,Boxing Men's Bantamweight
2619,38,27,Boxing Men's Bantamweight
2620,2,40,Table Tennis Men's Team
2621,21,7,"Athletics Women's 5,000 metres"
2622,12,30,Diving Men's Synchronized Springboard
2623,22,30,Diving Men's Springboard
2624,22,30,Diving Men's Synchronized Springboard
2625,28,18,"Wrestling Men's Light-Flyweight, Greco-Roman"
2626,47,24,"Fencing Men's epee, Team"
2627,14,22,"Rowing Men's Coxed Fours, Outriggers"
2628,36,26,Shooting Mixed Trap
2629,1,11,Sailing Women's Windsurfer
2630,12,26,"Shooting Men's Rapid-Fire Pistol, 25 metres"
2631,22,26,"Shooting Men's Rapid-Fire Pistol, 25 metres"
2632,13,31,"Canoeing Men's Kayak Doubles, 1,000 metres"
2633,29,20,Water Polo Men's Water Polo
2634,1,20,Water Polo Men's Water Polo
2635,13,2,Judo Men's Middleweight
2636,27,26,Shooting Mixed Trap
2637,28,26,Shooting Mixed Trap
2638,41,13,Gymnastics Men's Rope Climbing
2639,2,47,Beach Volleyball Men's Beach Volleyball
2640,21,47,Beach Volleyball Men's Beach Volleyball
2641,29,27,Boxing Men's Light-Middleweight
2642,1,27,Boxing Men's Middleweight
2643,20,43,Rhythmic Gymnastics Women's Group
2644,34,18,"Wrestling Men's Flyweight, Freestyle"
2645,38,18,"Wrestling Men's Flyweight, Freestyle"
2646,18,15,Alpine Skiing Women's Super G
2647,28,18,"Wrestling Men's Bantamweight, Greco-Roman"
2648,21,28,Taekwondo Women's Featherweight
2649,36,18,"Wrestling Men's Lightweight, Greco-Roman"
2650,20,9,Swimming Women's 100 metres Butterfly
2651,2,9,Swimming Women's 100 metres Butterfly
2652,26,11,Sailing Mixed Two Person Dinghy
2653,8,14,"Art Competitions Mixed Architecture, Designs For Town Planning"
2654,30,14,"Art Competitions Mixed Architecture, Unknown Event"
2655,27,18,"Wrestling Men's Flyweight, Greco-Roman"
2656,2,9,Swimming Women's 100 metres Freestyle
2657,21,9,Swimming Women's 100 metres Freestyle
2658,3,37,"Archery Men's Target Archery, 28 metres, Team"
2659,3,37,"Archery Men's Target Archery, 33 metres, Team"
2660,3,37,"Archery Men's Target Archery, 50 metres, Team"
2661,6,53,"Short Track Speed Skating Women's 3,000 metres Relay"
2662,28,18,"Wrestling Men's Bantamweight, Freestyle"
2663,36,18,"Wrestling Men's Bantamweight, Freestyle"
2664,26,27,Boxing Men's Light-Welterweight
2665,12,7,Athletics Women's 100 metres Hurdles
2666,12,18,"Wrestling Men's Middleweight, Freestyle"
2667,29,18,"Wrestling Men's Light-Flyweight, Greco-Roman"
2668,50,15,Alpine Skiing Men's Combined
2669,9,44,Freestyle Skiing Women's Moguls
2670,13,27,Boxing Men's Light-Welterweight
2671,7,44,Freestyle Skiing Men's Moguls
2672,27,26,"Shooting Mixed Small-Bore Rifle, Prone, 50 metres"
2673,29,26,"Shooting Men's Small-Bore Rifle, Three Positions, 50 metres"
2674,1,26,"Shooting Men's Small-Bore Rifle, Three Positions, 50 metres"
2675,21,11,Sailing Women's One Person Dinghy
2676,36,18,"Wrestling Men's Light-Heavyweight, Freestyle"
2677,35,11,Sailing Mixed 6 metres
2678,18,53,"Short Track Speed Skating Men's 5,000 metres Relay"
2679,9,53,Short Track Speed Skating Men's 500 metres
2680,28,9,Swimming Women's 100 metres Freestyle
2681,28,9,Swimming Women's 200 metres Freestyle
2682,28,9,Swimming Women's 4 x 100 metres Freestyle Relay
2683,28,9,Swimming Women's 4 x 100 metres Medley Relay
2684,15,7,Athletics Men's 110 metres Hurdles
2685,17,17,Weightlifting Men's Heavyweight
2686,10,17,Weightlifting Men's Middle-Heavyweight
2687,10,7,Athletics Men's Hammer Throw
2688,33,7,Athletics Men's Hammer Throw
2689,20,10,Badminton Women's Singles
2690,2,10,Badminton Women's Singles
2691,22,32,Tennis Men's Doubles
2692,21,40,Table Tennis Women's Singles
2693,27,24,"Fencing Men's epee, Individual"
2694,28,24,"Fencing Men's epee, Team"
2695,4,3,Football Men's Football
2696,3,30,Diving Women's Springboard
2697,22,33,Modern Pentathlon Women's Individual
2698,12,7,Athletics Men's 110 metres Hurdles
2699,22,7,Athletics Men's 110 metres Hurdles
2700,25,6,Cross Country Skiing Men's 15 kilometres
2701,25,6,Cross Country Skiing Men's 30 kilometres
2702,25,6,Cross Country Skiing Men's 50 kilometres
2703,45,7,Athletics Men's Pole Vault
2704,28,31,"Canoeing Men's Canadian Doubles, Slalom"
2705,1,26,"Shooting Men's Running Target, 10 metres"
2706,17,11,Sailing Mixed Two Person Keelboat
2707,34,7,Athletics Men's 50 kilometres Walk
2708,22,48,Triathlon Women's Olympic Distance
2709,6,49,"Ski Jumping Men's Normal Hill, Individual"
2710,6,49,"Ski Jumping Men's Large Hill, Individual"
2711,6,49,"Ski Jumping Men's Large Hill, Team"
2712,10,7,Athletics Men's 10 kilometres Walk
2713,33,18,"Wrestling Men's Bantamweight, Freestyle"
2714,34,18,"Wrestling Men's Featherweight, Greco-Roman"
2715,1,7,Athletics Women's 100 metres
2716,1,7,Athletics Women's 4 x 100 metres Relay
2717,22,7,Athletics Women's 4 x 400 metres Relay
2718,11,34,Figure Skating Women's Singles
2719,33,22,Rowing Men's Coxed Fours
2720,29,13,Gymnastics Women's Individual All-Around
2721,29,13,Gymnastics Women's Floor Exercise
2722,29,13,Gymnastics Women's Horse Vault
2723,29,13,Gymnastics Women's Uneven Bars
2724,29,13,Gymnastics Women's Balance Beam
2725,1,13,Gymnastics Women's Individual All-Around
2726,1,13,Gymnastics Women's Team All-Around
2727,1,13,Gymnastics Women's Floor Exercise
2728,1,13,Gymnastics Women's Horse Vault
2729,1,13,Gymnastics Women's Uneven Bars
2730,1,13,Gymnastics Women's Balance Beam
2731,21,7,Athletics Men's 4 x 400 metres Relay
2732,12,7,Athletics Women's 400 metres Hurdles
2733,22,7,Athletics Women's 400 metres Hurdles
2734,8,21,Hockey Men's Hockey
2735,22,27,Boxing Men's Light-Welterweight
2736,42,6,Cross Country Skiing Men's 15 kilometres
2737,42,6,Cross Country Skiing Men's 4 x 10 kilometres Relay
2738,42,6,Cross Country Skiing Women's 3 x 5 kilometres Relay
2739,2,9,Swimming Women's 200 metres Individual Medley
2740,3,56,Polo Men's Polo
2741,40,15,Alpine Skiing Women's Giant Slalom
2742,40,15,Alpine Skiing Women's Slalom
2743,20,22,Rowing Men's Coxed Eights
2744,22,36,Softball Women's Softball
2745,48,6,Cross Country Skiing Men's 18 kilometres
2746,48,41,Nordic Combined Men's Individual
2747,12,33,Modern Pentathlon Women's Individual
2748,3,11,Sailing Mixed 12 metres
2749,14,22,"Rowing Men's Coxed Fours, Inriggers"
2750,15,22,Rowing Men's Coxed Eights
2751,43,34,Figure Skating Women's Singles
2752,12,9,Swimming Men's 200 metres Freestyle
2753,12,9,Swimming Men's 400 metres Freestyle
2754,34,27,Boxing Men's Light-Middleweight
2755,1,29,Cycling Men's Sprint
2756,1,29,"Cycling Men's 1,000 metres Time Trial"
2757,10,24,"Fencing Women's Foil, Individual"
2758,37,7,Athletics Women's 100 metres
2759,26,7,Athletics Men's Long Jump
2760,20,29,Cycling Men's BMX
2761,26,13,Gymnastics Men's Individual All-Around
2762,26,13,Gymnastics Men's Floor Exercise
2763,26,13,Gymnastics Men's Horse Vault
2764,26,13,Gymnastics Men's Parallel Bars
2765,26,13,Gymnastics Men's Horizontal Bar
2766,26,13,Gymnastics Men's Rings
2767,26,13,Gymnastics Men's Pommelled Horse
2768,24,34,Figure Skating Mixed Pairs
2769,21,9,Swimming Men's 200 metres Breaststroke
2770,15,14,Art Competitions Mixed Sculpturing
2771,12,22,Rowing Women's Lightweight Double Sculls
2772,38,24,"Fencing Men's Sabre, Team"
2773,47,21,Hockey Men's Hockey
2774,20,7,Athletics Women's 4 x 100 metres Relay
2775,48,5,"Speed Skating Men's 5,000 metres"
2776,1,17,Weightlifting Men's Middleweight
2777,1,7,Athletics Women's Marathon
2778,33,7,Athletics Men's 20 kilometres Walk
2779,33,7,Athletics Men's 50 kilometres Walk
2780,38,9,Swimming Women's 4 x 100 metres Freestyle Relay
2781,22,20,Water Polo Women's Water Polo
2782,36,7,Athletics Women's 4 x 100 metres Relay
2783,37,7,Athletics Women's 4 x 100 metres Relay
2784,22,9,Swimming Men's 400 metres Individual Medley
2785,20,9,Swimming Men's 400 metres Individual Medley
2786,2,9,Swimming Men's 100 metres Backstroke
2787,2,9,Swimming Men's 200 metres Individual Medley
2788,44,6,Cross Country Skiing Men's 50 kilometres
2789,3,7,"Athletics Men's Cross-Country, Individual"
2790,3,7,"Athletics Men's Cross-Country, Team"
2791,10,33,Modern Pentathlon Men's Individual
2792,10,33,Modern Pentathlon Men's Team
2793,33,33,Modern Pentathlon Men's Individual
2794,33,33,Modern Pentathlon Men's Team
2795,34,33,Modern Pentathlon Men's Individual
2796,34,33,Modern Pentathlon Men's Team
2797,38,29,"Cycling Men's 1,000 metres Time Trial"
2798,38,29,"Cycling Men's Team Pursuit, 4,000 metres"
2799,20,32,Tennis Men's Singles
2800,20,32,Tennis Men's Doubles
2801,2,32,Tennis Men's Singles
2802,28,22,Rowing Men's Coxed Fours
2803,1,18,"Wrestling Men's Welterweight, Greco-Roman"
2804,36,11,Sailing Mixed One Person Dinghy
2805,38,24,"Fencing Men's Sabre, Individual"
2806,37,13,Gymnastics Women's Team All-Around
2807,24,34,Figure Skating Women's Singles
2808,40,34,Figure Skating Women's Singles
2809,42,34,Figure Skating Women's Singles
2810,21,9,Swimming Men's 400 metres Individual Medley
2811,22,1,Basketball Men's Basketball
2812,20,26,"Shooting Men's Rapid-Fire Pistol, 25 metres"
2813,22,9,Swimming Men's 100 metres Butterfly
2814,22,9,Swimming Men's 4 x 100 metres Medley Relay
2815,20,9,Swimming Men's 4 x 100 metres Medley Relay
2816,21,9,Swimming Men's 200 metres Butterfly
2817,20,25,"Equestrianism Mixed Dressage, Individual"
2818,2,25,"Equestrianism Mixed Dressage, Individual"
2819,21,25,"Equestrianism Mixed Dressage, Team"
2820,28,9,"Swimming Men's 1,500 metres Freestyle"
2821,20,3,Football Women's Football
2822,45,55,Lacrosse Men's Lacrosse
2823,20,7,"Athletics Women's 1,500 metres"
2824,17,22,Rowing Men's Coxless Fours
2825,10,11,Sailing Mixed Three Person Keelboat
2826,10,22,Rowing Men's Coxless Fours
2827,30,14,"Art Competitions Mixed Sculpturing, Statues"
2828,47,4,Tug-Of-War Men's Tug-Of-War
2829,17,7,Athletics Women's Javelin Throw
2830,34,9,Swimming Men's 4 x 200 metres Freestyle Relay
2831,34,9,Swimming Men's 100 metres Backstroke
2832,3,11,Sailing Mixed 40 metres
2833,28,24,"Fencing Men's Foil, Individual"
2834,36,22,Rowing Men's Coxed Pairs
2835,31,15,Alpine Skiing Men's Giant Slalom
2836,31,15,Alpine Skiing Men's Slalom
2837,48,15,Alpine Skiing Men's Downhill
2838,48,15,Alpine Skiing Men's Slalom
2839,48,15,Alpine Skiing Men's Combined
2840,31,15,Alpine Skiing Men's Downhill
2841,32,15,Alpine Skiing Men's Downhill
2842,32,15,Alpine Skiing Men's Giant Slalom
2843,32,15,Alpine Skiing Men's Slalom
2844,29,7,"Athletics Women's 10,000 metres"
2845,30,22,Rowing Men's Coxed Fours
2846,3,32,Tennis Men's Singles
2847,17,11,Sailing Mixed One Person Dinghy
2848,34,11,Sailing Mixed Two Person Heavyweight Dinghy
2849,36,22,Rowing Men's Coxed Eights
2850,1,7,Athletics Women's 400 metres Hurdles
2851,40,23,Bobsleigh Men's Four
2852,26,7,Athletics Men's 20 kilometres Walk
2853,21,28,Taekwondo Women's Heavyweight
2854,2,27,Boxing Men's Flyweight
2855,22,7,Athletics Women's 100 metres Hurdles
2856,12,17,Weightlifting Men's Heavyweight
2857,5,15,Alpine Skiing Men's Downhill
2858,5,15,Alpine Skiing Men's Super G
2859,12,2,Judo Men's Lightweight
2860,9,6,Cross Country Skiing Men's 30 kilometres
2861,9,6,Cross Country Skiing Men's 10/10 kilometres Pursuit
2862,13,9,Swimming Women's 100 metres Backstroke
2863,12,9,Swimming Women's 100 metres Freestyle
2864,12,9,Swimming Women's 4 x 100 metres Freestyle Relay
2865,22,9,Swimming Women's 4 x 100 metres Freestyle Relay
2866,29,24,"Fencing Men's Sabre, Team"
2867,34,9,Swimming Men's 200 metres Breaststroke
2868,38,7,Athletics Men's Triple Jump
2869,27,7,Athletics Men's Triple Jump
2870,21,13,Gymnastics Women's Team All-Around
2871,21,13,Gymnastics Women's Uneven Bars
2872,21,13,Gymnastics Women's Balance Beam
2873,13,22,Rowing Men's Quadruple Sculls
2874,27,31,"Canoeing Men's Canadian Doubles, 1,000 metres"
2875,27,9,Swimming Men's 200 metres Butterfly
2876,28,31,"Canoeing Men's Canadian Singles, 1,000 metres"
2877,36,31,"Canoeing Men's Canadian Doubles, 500 metres"
2878,22,31,"Canoeing Men's Kayak Singles, 500 metres"
2879,11,15,Alpine Skiing Women's Giant Slalom
2880,11,15,Alpine Skiing Women's Slalom
2881,16,49,"Ski Jumping Women's Normal Hill, Individual"
2882,2,2,Judo Women's Heavyweight
2883,21,2,Judo Women's Heavyweight
2884,29,22,Rowing Women's Coxed Eights
2885,1,22,Rowing Women's Coxless Pairs
2886,26,17,Weightlifting Men's Bantamweight
2887,12,37,Archery Women's Individual
2888,12,37,Archery Women's Team
2889,20,22,Rowing Men's Lightweight Coxless Fours
2890,21,31,"Canoeing Men's Canadian Singles, 1,000 metres"
2891,34,9,Swimming Men's 100 metres Freestyle
2892,13,22,Rowing Men's Coxless Fours
2893,37,26,"Shooting Mixed Small-Bore Rifle, Three Positions, 50 metres"
2894,37,26,"Shooting Mixed Small-Bore Rifle, Prone, 50 metres"
2895,12,2,Judo Men's Extra-Lightweight
2896,35,9,Swimming Men's 4 x 200 metres Freestyle Relay
2897,16,53,Short Track Speed Skating Men's 500 metres
2898,16,53,"Short Track Speed Skating Men's 1,000 metres"
2899,16,53,"Short Track Speed Skating Men's 1,500 metres"
2900,16,53,"Short Track Speed Skating Men's 5,000 metres Relay"
2901,22,47,Beach Volleyball Men's Beach Volleyball
2902,8,13,Gymnastics Men's Parallel Bars
2903,8,13,Gymnastics Men's Rings
2904,8,13,Gymnastics Men's Club Swinging
2905,27,18,"Wrestling Men's Middleweight, Greco-Roman"
2906,36,9,Swimming Men's 200 metres Backstroke
2907,27,7,"Athletics Men's 3,000 metres Steeplechase"
2908,28,7,"Athletics Men's 10,000 metres"
2909,37,22,Rowing Men's Coxless Fours
2910,28,26,"Shooting Mixed Free Pistol, 50 metres"
2911,15,25,"Equestrianism Men's Jumping, Individual"
2912,15,25,"Equestrianism Men's Jumping, Team"
2913,35,25,"Equestrianism Men's Jumping, Individual"
2914,35,25,"Equestrianism Men's Jumping, Team"
2915,15,32,Tennis Women's Singles
2916,15,32,Tennis Mixed Doubles
2917,15,32,Tennis Women's Doubles
2918,29,25,"Equestrianism Mixed Jumping, Individual"
2919,29,25,"Equestrianism Mixed Jumping, Team"
2920,1,25,"Equestrianism Mixed Jumping, Team"
2921,1,25,"Equestrianism Mixed Three-Day Event, Team"
2922,2,37,Archery Men's Individual
2923,2,37,Archery Men's Team
2924,1,31,"Canoeing Women's Kayak Fours, 500 metres"
2925,8,7,Athletics Men's 400 metres
2926,1,22,Rowing Men's Double Sculls
2927,5,6,Cross Country Skiing Men's 50 kilometres
2928,22,22,Rowing Men's Lightweight Double Sculls
2929,13,2,Judo Women's Half-Middleweight
2930,12,2,Judo Women's Half-Middleweight
2931,22,2,Judo Women's Half-Middleweight
2932,27,26,"Shooting Mixed Small-Bore Rifle, Three Positions, 50 metres"
2933,12,17,Weightlifting Men's Bantamweight
2934,20,17,Weightlifting Men's Bantamweight
2935,2,17,Weightlifting Men's Bantamweight
2936,13,9,Swimming Women's 200 metres Butterfly
2937,13,9,Swimming Women's 50 metres Freestyle
2938,13,9,Swimming Women's 100 metres Freestyle
2939,13,9,Swimming Women's 4 x 200 metres Freestyle Relay
2940,30,30,Diving Men's Springboard
2941,21,37,Archery Men's Individual
2942,21,37,Archery Men's Team
2943,20,2,Judo Women's Middleweight
2944,2,2,Judo Women's Middleweight
2945,21,2,Judo Women's Middleweight
2946,32,23,Bobsleigh Men's Two
2947,19,50,Curling Women's Curling
2948,21,7,Athletics Men's Long Jump
2949,1,2,Judo Women's Lightweight
2950,36,27,Boxing Men's Featherweight
2951,17,27,Boxing Men's Featherweight
2952,3,25,"Equestrianism Men's Jumping, Team"
2953,15,25,"Equestrianism Men's Three-Day Event, Individual"
2954,15,25,"Equestrianism Men's Three-Day Event, Team"
2955,38,22,Rowing Men's Double Sculls
2956,26,17,Weightlifting Men's Middleweight
2957,28,27,Boxing Men's Light-Heavyweight
2958,22,27,Boxing Men's Super-Heavyweight
2959,10,26,"Shooting Men's Free Pistol, 50 metres"
2960,2,43,Rhythmic Gymnastics Women's Individual
2961,37,24,"Fencing Men's Sabre, Team"
2962,12,13,Gymnastics Men's Team All-Around
2963,22,9,Swimming Men's 200 metres Backstroke
2964,19,6,Cross Country Skiing Men's 4 x 10 kilometres Relay
2965,19,6,Cross Country Skiing Men's Team Sprint
2966,17,7,Athletics Men's 110 metres Hurdles
2967,22,29,Cycling Men's Madison
2968,20,29,"Cycling Men's Individual Pursuit, 4,000 metres"
2969,3,17,Weightlifting Men's Heavyweight
2970,19,51,Snowboarding Women's Halfpipe
2971,17,9,Swimming Men's 200 metres Breaststroke
2972,29,18,"Wrestling Men's Bantamweight, Greco-Roman"
2973,21,13,Gymnastics Women's Individual All-Around
2974,21,13,Gymnastics Women's Floor Exercise
2975,27,26,Shooting Mixed Skeet
2976,28,26,Shooting Mixed Skeet
2977,2,31,"Canoeing Women's Kayak Singles, 200 metres"
2978,2,31,"Canoeing Women's Kayak Singles, 500 metres"
2979,45,22,Rowing Men's Coxless Fours
2980,21,7,Athletics Men's 800 metres
2981,13,13,Gymnastics Women's Individual All-Around
2982,13,13,Gymnastics Women's Team All-Around
2983,13,13,Gymnastics Women's Floor Exercise
2984,13,13,Gymnastics Women's Horse Vault
2985,13,13,Gymnastics Women's Uneven Bars
2986,13,13,Gymnastics Women's Balance Beam
2987,12,13,Gymnastics Women's Individual All-Around
2988,12,13,Gymnastics Women's Team All-Around
2989,12,13,Gymnastics Women's Floor Exercise
2990,12,13,Gymnastics Women's Horse Vault
2991,12,13,Gymnastics Women's Uneven Bars
2992,12,13,Gymnastics Women's Balance Beam
2993,12,18,"Wrestling Men's Lightweight, Greco-Roman"
2994,1,40,Table Tennis Women's Doubles
2995,20,32,Tennis Women's Singles
2996,32,6,Cross Country Skiing Women's 10 kilometres
2997,32,6,Cross Country Skiing Women's 3 x 5 kilometres Relay
2998,22,9,Swimming Women's 200 metres Individual Medley
2999,22,9,Swimming Women's 400 metres Individual Medley
3000,11,19,Luge Women's Singles
3001,1,7,Athletics Women's 4 x 400 metres Relay
3002,30,9,Swimming Men's 100 metres Backstroke
3003,12,22,Rowing Men's Lightweight Coxless Fours
3004,22,22,Rowing Men's Lightweight Coxless Fours
3005,29,27,Boxing Men's Middleweight
3006,2,2,Judo Women's Lightweight
3007,21,2,Judo Women's Lightweight
3008,1,26,"Shooting Men's Air Rifle, 10 metres"
3009,13,26,"Shooting Men's Small-Bore Rifle, Three Positions, 50 metres"
3010,37,21,Hockey Men's Hockey
3011,15,11,Sailing Mixed One Person Dinghy
3012,15,11,Sailing Mixed 6 metres
3013,35,11,Sailing Mixed One Person Dinghy
3014,8,11,Sailing Mixed One Person Dinghy
3015,21,7,Athletics Women's High Jump
3016,13,11,Sailing Women's One Person Dinghy
3017,12,11,Sailing Women's One Person Dinghy
3018,22,11,Sailing Women's One Person Dinghy
3019,37,38,Volleyball Men's Volleyball
3020,29,38,Volleyball Men's Volleyball
3021,13,22,Rowing Women's Double Sculls
3022,27,25,"Equestrianism Mixed Jumping, Individual"
3023,38,27,Boxing Men's Light-Welterweight
3024,34,31,Canoeing Men's Kayak Relay 4 x 500 metres
3025,21,7,Athletics Men's Javelin Throw
3026,34,24,"Fencing Men's Sabre, Individual"
3027,34,24,"Fencing Men's Sabre, Team"
3028,4,29,Cycling Men's Sprint
3029,14,7,"Athletics Men's 1,500 metres"
3030,14,7,"Athletics Men's 3,000 metres, Team"
3031,36,17,Weightlifting Men's Lightweight
3032,37,17,Weightlifting Men's Lightweight
3033,12,7,Athletics Men's Decathlon
3034,24,19,Luge Men's Singles
3035,24,19,Luge Mixed (Men)'s Doubles
3036,3,7,Athletics Men's 800 metres
3037,3,7,"Athletics Men's 3,000 metres Steeplechase"
3038,3,7,"Athletics Men's 3,000 metres, Team"
3039,15,7,"Athletics Men's 3,000 metres Steeplechase"
3040,15,7,"Athletics Men's 3,000 metres, Team"
3041,15,20,Water Polo Men's Water Polo
3042,26,25,"Equestrianism Mixed Three-Day Event, Individual"
3043,26,25,"Equestrianism Mixed Three-Day Event, Team"
3044,29,25,"Equestrianism Mixed Three-Day Event, Individual"
3045,29,25,"Equestrianism Mixed Three-Day Event, Team"
3046,28,17,Weightlifting Men's Lightweight
3047,37,22,Rowing Women's Single Sculls
3048,11,6,Cross Country Skiing Men's 50 kilometres
3049,11,6,Cross Country Skiing Men's 4 x 10 kilometres Relay
3050,17,26,"Shooting Men's Free Pistol, 50 metres"
3051,25,6,Cross Country Skiing Men's 4 x 10 kilometres Relay
3052,22,27,Boxing Men's Flyweight
3053,21,31,"Canoeing Women's Kayak Singles, 200 metres"
3054,17,11,Sailing Mixed 6 metres
3055,10,11,Sailing Mixed 6 metres
3056,3,20,Water Polo Men's Water Polo
3057,3,9,Swimming Men's 100 metres Freestyle
3058,8,20,Water Polo Men's Water Polo
3059,22,7,"Athletics Men's 3,000 metres Steeplechase"
3060,2,26,"Shooting Women's Air Pistol, 10 metres"
3061,21,7,Athletics Women's 4 x 400 metres Relay
3062,13,9,Swimming Women's 100 metres Butterfly
3063,34,18,"Wrestling Men's Welterweight, Freestyle"
3064,28,31,"Canoeing Men's Kayak Fours, 1,000 metres"
3065,27,9,Swimming Women's 400 metres Freestyle
3066,27,9,Swimming Women's 800 metres Freestyle
3067,27,9,Swimming Women's 4 x 100 metres Freestyle Relay
3068,27,9,Swimming Women's 400 metres Individual Medley
3069,28,9,Swimming Women's 100 metres Butterfly
3070,26,39,Synchronized Swimming Women's Solo
3071,28,27,Boxing Men's Featherweight
3072,21,18,"Wrestling Men's Light-Heavyweight, Freestyle"
3073,12,31,"Canoeing Men's Kayak Doubles, 500 metres"
3074,12,31,"Canoeing Men's Kayak Doubles, 1,000 metres"
3075,22,31,"Canoeing Men's Kayak Singles, 1,000 metres"
3076,41,7,Athletics Men's Standing Long Jump
3077,16,6,Cross Country Skiing Women's 10 kilometres
3078,27,7,Athletics Men's Hammer Throw
3079,24,6,Cross Country Skiing Men's 15 kilometres
3080,24,6,Cross Country Skiing Men's 30 kilometres
3081,37,31,"Canoeing Men's Kayak Doubles, 1,000 metres"
3082,26,31,"Canoeing Men's Kayak Doubles, 500 metres"
3083,26,31,"Canoeing Men's Kayak Fours, 1,000 metres"
3084,27,7,Athletics Women's Long Jump
3085,19,6,Cross Country Skiing Women's Sprint
3086,19,6,Cross Country Skiing Women's 10 kilometres
3087,19,6,Cross Country Skiing Women's 4 x 5 kilometres Relay
3088,12,7,Athletics Women's Pole Vault
3089,4,22,Rowing Men's Coxed Fours
3090,33,25,"Equestrianism Men's Three-Day Event, Individual"
3091,33,25,"Equestrianism Men's Three-Day Event, Team"
3092,26,27,Boxing Men's Flyweight
3093,21,17,Weightlifting Men's Light-Heavyweight
3094,28,7,Athletics Men's Triple Jump
3095,47,26,"Shooting Men's Small-Bore Rifle, Prone, 50 and 100 yards"
3096,47,26,"Shooting Men's Small-Bore Rifle, 50 and 100 yards, Team"
3097,47,26,"Shooting Men's Small-Bore Rifle, Disappearing Target, 25 yards"
3098,47,26,"Shooting Men's Small-Bore Rifle, Moving Target, 25 yards"
3099,38,7,Athletics Women's 400 metres
3100,36,7,Athletics Women's 800 metres
3101,36,7,"Athletics Women's 1,500 metres"
3102,26,9,Swimming Women's 4 x 100 metres Freestyle Relay
3103,22,29,"Cycling Men's Road Race, Individual"
3104,29,9,Swimming Women's 400 metres Freestyle
3105,29,9,Swimming Women's 800 metres Freestyle
3106,29,39,Synchronized Swimming Women's Solo
3107,38,9,Swimming Women's 100 metres Freestyle
3108,43,6,Cross Country Skiing Women's 5 kilometres
3109,43,6,Cross Country Skiing Women's 10 kilometres
3110,43,6,Cross Country Skiing Women's 4 x 5 kilometres Relay
3111,3,26,"Shooting Men's Military Pistol, Team"
3112,3,26,"Shooting Men's Free Rifle, Three Positions, 300 metres"
3113,20,18,"Wrestling Men's Featherweight, Greco-Roman"
3114,15,7,Athletics Men's 400 metres
3115,15,7,Athletics Men's 800 metres
3116,36,27,Boxing Men's Light-Middleweight
3117,1,40,Table Tennis Men's Doubles
3118,2,17,Weightlifting Women's Super-Heavyweight
3119,6,15,Alpine Skiing Women's Giant Slalom
3120,6,15,Alpine Skiing Women's Slalom
3121,20,18,"Wrestling Women's Lightweight, Freestyle"
3122,2,18,"Wrestling Women's Lightweight, Freestyle"
3123,20,9,Swimming Women's 200 metres Backstroke
3124,30,56,Polo Men's Polo
3125,3,24,"Fencing Men's Foil, Team"
3126,24,19,Luge Women's Singles
3127,38,7,Athletics Men's 200 metres
3128,36,9,Swimming Women's 100 metres Freestyle
3129,36,9,Swimming Women's 200 metres Freestyle
3130,36,9,Swimming Women's 4 x 100 metres Freestyle Relay
3131,34,11,Sailing Mixed Three Person Keelboat
3132,14,13,"Gymnastics Men's Team All-Around, Swedish System"
3133,26,31,"Canoeing Men's Kayak Doubles, 1,000 metres"
3134,29,31,"Canoeing Men's Kayak Doubles, 1,000 metres"
3135,30,26,"Shooting Men's Free Pistol, 50 metres"
3136,10,26,"Shooting Men's Free Rifle, Three Positions, 300 metres"
3137,27,31,"Canoeing Men's Kayak Fours, 1,000 metres"
3138,30,31,"Canoeing Men's Kayak Singles, 1,000 metres"
3139,30,31,"Canoeing Men's Canadian Singles, 1,000 metres"
3140,28,7,Athletics Women's 800 metres
3141,28,7,"Athletics Women's 1,500 metres"
3142,21,2,Judo Men's Half-Lightweight
3143,21,2,Judo Men's Lightweight
3144,27,18,"Wrestling Men's Bantamweight, Greco-Roman"
3145,29,18,"Wrestling Men's Featherweight, Greco-Roman"
3146,26,27,Boxing Men's Light-Middleweight
3147,38,25,"Equestrianism Mixed Jumping, Individual"
3148,38,25,"Equestrianism Mixed Jumping, Team"
3149,27,38,Volleyball Women's Volleyball
3150,26,22,Rowing Women's Coxed Fours
3151,1,18,"Wrestling Men's Bantamweight, Greco-Roman"
3152,36,18,"Wrestling Men's Bantamweight, Greco-Roman"
3153,38,26,"Shooting Men's Free Pistol, 50 metres"
3154,39,5,Speed Skating Women's 500 metres
3155,20,2,Judo Women's Half-Lightweight
3156,2,2,Judo Women's Half-Lightweight
3157,18,53,"Short Track Speed Skating Women's 3,000 metres Relay"
3158,21,9,Swimming Women's 100 metres Butterfly
3159,24,5,"Speed Skating Women's 1,500 metres"
3160,22,26,"Shooting Women's Air Pistol, 10 metres"
3161,22,26,"Shooting Women's Sporting Pistol, 25 metres"
3162,20,26,"Shooting Women's Sporting Pistol, 25 metres"
3163,29,29,"Cycling Men's Team Pursuit, 4,000 metres"
3164,36,2,Judo Men's Half-Heavyweight
3165,9,53,"Short Track Speed Skating Men's 1,000 metres"
3166,9,53,"Short Track Speed Skating Men's 1,500 metres"
3167,19,53,Short Track Speed Skating Men's 500 metres
3168,19,53,"Short Track Speed Skating Men's 1,000 metres"
3169,19,53,"Short Track Speed Skating Men's 1,500 metres"
3170,19,53,"Short Track Speed Skating Men's 5,000 metres Relay"
3171,19,5,Speed Skating Men's 500 metres
3172,19,5,"Speed Skating Men's 1,000 metres"
3173,17,7,Athletics Men's Discus Throw
3174,22,17,Weightlifting Men's Super-Heavyweight
3175,18,53,Short Track Speed Skating Men's 500 metres
3176,18,53,"Short Track Speed Skating Men's 1,000 metres"
3177,9,53,"Short Track Speed Skating Men's 5,000 metres Relay"
3178,13,36,Softball Women's Softball
3179,1,38,Volleyball Women's Volleyball
3180,13,38,Volleyball Women's Volleyball
3181,29,38,Volleyball Women's Volleyball
3182,22,47,Beach Volleyball Women's Beach Volleyball
3183,20,47,Beach Volleyball Women's Beach Volleyball
3184,21,7,Athletics Women's 400 metres Hurdles
3185,41,17,"Weightlifting Men's Unlimited, One Hand"
3186,21,7,Athletics Women's Discus Throw
3187,2,2,Judo Men's Half-Heavyweight
3188,22,7,"Athletics Men's 1,500 metres"
3189,29,22,Rowing Women's Quadruple Sculls
3190,1,22,Rowing Women's Quadruple Sculls
3191,13,17,Weightlifting Men's Featherweight
3192,21,31,"Canoeing Women's Kayak Singles, 500 metres"
3193,36,31,"Canoeing Men's Canadian Singles, 500 metres"
3194,36,31,"Canoeing Men's Canadian Singles, 1,000 metres"
3195,37,31,"Canoeing Men's Canadian Doubles, 500 metres"
3196,19,19,Luge Women's Singles
3197,21,7,Athletics Men's Hammer Throw
3198,33,31,"Canoeing Men's Kayak Doubles, 1,000 metres"
3199,41,7,Athletics Men's 800 metres
3200,41,7,"Athletics Men's 1,500 metres"
3201,6,12,Biathlon Men's 20 kilometres
3202,22,39,Synchronized Swimming Women's Team
3203,41,7,Athletics Men's 400 metres
3204,26,16,Handball Women's Handball
3205,29,16,Handball Women's Handball
3206,4,24,"Fencing Men's Foil, Masters, Individual"
3207,4,24,"Fencing Men's epee, Masters, Individual"
3208,2,9,Swimming Men's 200 metres Backstroke
3209,29,37,Archery Men's Team
3210,1,37,Archery Men's Individual
3211,1,37,Archery Men's Team
3212,13,37,Archery Men's Individual
3213,27,27,Boxing Men's Bantamweight
3214,17,11,Sailing Mixed Three Person Keelboat
3215,22,32,Tennis Men's Singles
3216,37,18,"Wrestling Men's Light-Heavyweight, Greco-Roman"
3217,37,18,"Wrestling Men's Light-Heavyweight, Freestyle"
3218,38,27,Boxing Men's Featherweight
3219,45,13,Gymnastics Men's Individual All-Around
3220,45,13,"Gymnastics Men's Individual All-Around, Field Sports"
3221,45,13,"Gymnastics Men's Individual All-Around, Apparatus Work"
3222,35,14,"Art Competitions Mixed Music, Compositions For Solo Or Chorus"
3223,12,24,"Fencing Women's epee, Individual"
3224,12,24,"Fencing Women's epee, Team"
3225,17,18,"Wrestling Men's Featherweight, Greco-Roman"
3226,10,18,"Wrestling Men's Lightweight, Freestyle"
3227,33,18,"Wrestling Men's Lightweight, Greco-Roman"
3228,33,18,"Wrestling Men's Lightweight, Freestyle"
3229,50,34,Figure Skating Women's Singles
3230,22,13,Gymnastics Men's Team All-Around
3231,20,13,Gymnastics Men's Team All-Around
3232,20,13,Gymnastics Men's Parallel Bars
3233,20,13,Gymnastics Men's Rings
3234,42,34,Figure Skating Men's Singles
3235,4,9,"Swimming Men's 4,000 metres Freestyle"
3236,4,9,Swimming Men's Underwater Swimming
3237,26,21,Hockey Women's Hockey
3238,5,12,Biathlon Men's 10 kilometres Sprint
3239,13,7,Athletics Women's 10 kilometres Walk
3240,3,7,"Athletics Men's 10,000 metres"
3241,46,49,"Ski Jumping Men's Normal Hill, Individual"
3242,47,18,"Wrestling Men's Middleweight, Greco-Roman"
3243,8,7,Athletics Men's Marathon
3244,1,11,Sailing Mixed Multihull
3245,21,22,Rowing Women's Coxless Pairs
3246,4,7,Athletics Men's High Jump
3247,4,7,Athletics Men's Pole Vault
3248,17,22,Rowing Men's Coxed Pairs
3249,3,26,"Shooting Men's Free Pistol, 50 metres"
3250,22,11,Sailing Mixed Skiff
3251,49,6,Cross Country Skiing Men's 18 kilometres
3252,29,7,Athletics Men's 20 kilometres Walk
3253,3,18,"Wrestling Men's Lightweight, Greco-Roman"
3254,40,41,Nordic Combined Men's Individual
3255,42,41,Nordic Combined Men's Individual
3256,17,9,Swimming Women's 400 metres Freestyle
3257,10,9,Swimming Women's 400 metres Freestyle
3258,8,29,"Cycling Men's Road Race, Individual"
3259,12,9,Swimming Men's 4 x 100 metres Freestyle Relay
3260,12,9,Swimming Men's 4 x 200 metres Freestyle Relay
3261,3,29,Cycling Men's Sprint
3262,48,5,"Speed Skating Men's 10,000 metres"
3263,31,5,"Speed Skating Men's 5,000 metres"
3264,31,5,"Speed Skating Men's 10,000 metres"
3265,32,5,"Speed Skating Men's 10,000 metres"
3266,1,11,Sailing Women's Two Person Dinghy
3267,34,9,Swimming Women's 200 metres Breaststroke
3268,34,22,Rowing Men's Double Sculls
3269,33,27,Boxing Men's Middleweight
3270,38,7,Athletics Women's 800 metres
3271,22,10,Badminton Men's Singles
3272,14,7,"Athletics Men's Cross-Country, Individual"
3273,14,7,"Athletics Men's Cross-Country, Team"
3274,28,31,"Canoeing Men's Kayak Doubles, 1,000 metres"
3275,17,29,"Cycling Men's Road Race, Team"
3276,10,29,"Cycling Men's Team Pursuit, 4,000 metres"
3277,10,22,Rowing Men's Coxed Fours
3278,8,9,Swimming Women's 100 metres Freestyle
3279,8,9,Swimming Women's 400 metres Freestyle
3280,1,11,Sailing Women's One Person Dinghy
3281,22,29,"Cycling Women's Mountainbike, Cross-Country"
3282,47,26,"Shooting Men's Free Rifle, Three Positions, 300 metres, Team"
3283,47,26,"Shooting Men's Military Rifle, 200/500/600/800/900/1,000 Yards, Team"
3284,14,26,"Shooting Men's Free Rifle, Three Positions, 300 metres, Team"
3285,35,7,"Athletics Men's 3,000 metres Steeplechase"
3286,9,5,"Speed Skating Men's 1,500 metres"
3287,19,5,"Speed Skating Men's 1,500 metres"
3288,26,2,Judo Men's Heavyweight
3289,43,5,"Speed Skating Men's 1,000 metres"
3290,43,5,"Speed Skating Men's 1,500 metres"
3291,11,5,"Speed Skating Men's 1,000 metres"
3292,11,5,"Speed Skating Men's 1,500 metres"
3293,34,27,Boxing Men's Flyweight
3294,26,7,Athletics Women's Marathon
3295,29,7,Athletics Women's Marathon
3296,2,9,Swimming Women's 4 x 200 metres Freestyle Relay
3297,23,15,Alpine Skiing Women's Giant Slalom
3298,23,15,Alpine Skiing Women's Slalom
3299,17,25,"Equestrianism Men's Three-Day Event, Individual"
3300,17,25,"Equestrianism Men's Three-Day Event, Team"
3301,13,7,Athletics Men's High Jump
3302,33,26,"Shooting Men's Running Target, Single And Double Shot"
3303,33,22,Rowing Men's Coxless Fours
3304,14,26,"Shooting Men's Small-Bore Rifle, Any Position, 50 metres"
3305,14,26,"Shooting Men's Small-Bore Rifle, Disappearing Target, 25 metres"
3306,38,26,"Shooting Men's Free Rifle, Three Positions, 300 metres"
3307,29,29,"Cycling Men's Individual Pursuit, 4,000 metres"
3308,13,29,"Cycling Men's Individual Pursuit, 4,000 metres"
3309,12,29,"Cycling Men's Individual Pursuit, 4,000 metres"
3310,47,29,Cycling Men's Sprint
3311,2,9,Swimming Women's 10 kilometres Open Water
3312,21,9,Swimming Women's 10 kilometres Open Water
3313,36,26,"Shooting Mixed Free Pistol, 50 metres"
3314,16,51,Snowboarding Women's Slopestyle
3315,18,51,Snowboarding Men's Giant Slalom
3316,9,51,Snowboarding Men's Parallel Giant Slalom
3317,19,51,Snowboarding Men's Parallel Giant Slalom
3318,19,51,Snowboarding Men's Boardercross
3319,39,51,Snowboarding Men's Parallel Giant Slalom
3320,16,51,Snowboarding Men's Parallel Giant Slalom
3321,16,51,Snowboarding Men's Parallel Slalom
3322,38,30,Diving Men's Springboard
3323,38,30,Diving Men's Platform
3324,27,30,Diving Men's Springboard
3325,26,7,Athletics Women's Heptathlon
3326,8,7,Athletics Men's Discus Throw
3327,30,7,Athletics Men's 800 metres
3328,43,15,Alpine Skiing Men's Downhill
3329,11,15,Alpine Skiing Men's Downhill
3330,14,7,Athletics Men's 110 metres Hurdles
3331,17,30,Diving Men's Springboard
3332,15,7,Athletics Men's Decathlon
3333,33,17,Weightlifting Men's Heavyweight
3334,26,11,Sailing Mixed Multihull
3335,10,7,Athletics Men's Pole Vault
3336,49,8,Ice Hockey Men's Ice Hockey
3337,38,9,Swimming Men's 200 metres Breaststroke
3338,47,29,"Cycling Men's Team Pursuit, 1,980 yards"
3339,47,29,"Cycling Men's 5,000 metres"
3340,47,29,Cycling Men's 20 kilometres
3341,47,29,Cycling Men's 100 kilometres
3342,4,57,Cricket Men's Cricket
3343,26,22,Rowing Women's Coxed Eights
3344,13,7,"Athletics Women's 5,000 metres"
3345,12,7,"Athletics Women's 5,000 metres"
3346,47,9,Swimming Men's 4 x 200 metres Freestyle Relay
3347,47,9,Swimming Men's 200 metres Breaststroke
3348,37,31,"Canoeing Women's Kayak Singles, 500 metres"
3349,37,31,"Canoeing Women's Kayak Doubles, 500 metres"
3350,26,31,"Canoeing Women's Kayak Singles, 500 metres"
3351,26,31,"Canoeing Women's Kayak Doubles, 500 metres"
3352,26,31,"Canoeing Women's Kayak Fours, 500 metres"
3353,29,31,"Canoeing Women's Kayak Singles, 500 metres"
3354,29,31,"Canoeing Women's Kayak Doubles, 500 metres"
3355,29,31,"Canoeing Women's Kayak Fours, 500 metres"
3356,1,31,"Canoeing Women's Kayak Doubles, 500 metres"
3357,13,31,"Canoeing Women's Kayak Fours, 500 metres"
3358,48,8,Ice Hockey Men's Ice Hockey
3359,35,7,Athletics Men's Decathlon
3360,36,31,"Canoeing Men's Kayak Doubles, 500 metres"
3361,36,31,"Canoeing Men's Kayak Doubles, 1,000 metres"
3362,37,31,"Canoeing Men's Kayak Singles, 500 metres"
3363,37,31,"Canoeing Men's Kayak Singles, 1,000 metres"
3364,14,4,Tug-Of-War Men's Tug-Of-War
3365,17,17,Weightlifting Men's Featherweight
3366,10,17,Weightlifting Men's Lightweight
3367,47,7,"Athletics Men's 1,500 metres"
3368,36,31,"Canoeing Men's Kayak Singles, 1,000 metres"
3369,37,31,"Canoeing Men's Kayak Fours, 1,000 metres"
3370,47,18,"Wrestling Men's Middleweight, Freestyle"
3371,28,26,"Shooting Mixed Rapid-Fire Pistol, 25 metres"
3372,36,26,"Shooting Mixed Rapid-Fire Pistol, 25 metres"
3373,16,5,"Speed Skating Men's 1,000 metres"
3374,16,5,"Speed Skating Men's 1,500 metres"
3375,22,26,"Shooting Men's Running Target, 10 metres"
3376,14,9,Swimming Men's 100 metres Freestyle
3377,36,18,"Wrestling Men's Light-Heavyweight, Greco-Roman"
3378,37,18,"Wrestling Men's Heavyweight, Freestyle"
3379,26,18,"Wrestling Men's Light-Heavyweight, Greco-Roman"
3380,26,18,"Wrestling Men's Light-Heavyweight, Freestyle"
3381,37,11,Sailing Mixed Three Person Keelboat
3382,17,18,"Wrestling Men's Welterweight, Greco-Roman"
3383,10,18,"Wrestling Men's Welterweight, Greco-Roman"
3384,36,9,Swimming Women's 4 x 100 metres Medley Relay
3385,8,26,"Shooting Men's Small-Bore Rifle, Prone, 50 metres"
3386,46,5,Speed Skating Men's 500 metres
3387,46,5,"Speed Skating Men's 1,500 metres"
3388,46,5,"Speed Skating Men's 5,000 metres"
3389,46,5,"Speed Skating Men's 10,000 metres"
3390,30,7,Athletics Men's Discus Throw
3391,17,31,"Canoeing Men's Canadian Singles, 1,000 metres"
3392,17,31,"Canoeing Men's Canadian Singles, 10,000 metres"
3393,10,31,"Canoeing Men's Canadian Singles, 1,000 metres"
3394,1,30,Diving Men's Springboard
3395,41,30,Diving Men's Platform
3396,22,37,Archery Men's Individual
3397,22,37,Archery Men's Team
3398,26,18,"Wrestling Men's Light-Flyweight, Greco-Roman"
3399,26,18,"Wrestling Men's Light-Flyweight, Freestyle"
3400,7,15,Alpine Skiing Women's Giant Slalom
3401,10,17,Weightlifting Men's Heavyweight
3402,29,25,"Equestrianism Mixed Dressage, Individual"
3403,29,25,"Equestrianism Mixed Dressage, Team"
3404,27,31,"Canoeing Men's Kayak Doubles, 1,000 metres"
3405,5,12,Biathlon Men's 20 kilometres
3406,5,12,Biathlon Men's 4 x 7.5 kilometres Relay
3407,6,12,Biathlon Men's 4 x 7.5 kilometres Relay
3408,7,12,Biathlon Men's 20 kilometres
3409,7,12,Biathlon Men's 4 x 7.5 kilometres Relay
3410,36,18,"Wrestling Men's Middleweight, Greco-Roman"
3411,30,7,Athletics Men's Triple Jump
3412,9,6,Cross Country Skiing Women's Sprint
3413,9,6,Cross Country Skiing Women's 10 kilometres
3414,19,6,Cross Country Skiing Women's 30 kilometres
3415,19,6,Cross Country Skiing Women's Team Sprint
3416,29,37,Archery Women's Team
3417,27,9,Swimming Women's 100 metres Freestyle
3418,27,9,Swimming Women's 200 metres Butterfly
3419,22,11,Sailing Men's Two Person Dinghy
3420,13,29,Cycling Men's Individual Time Trial
3421,12,29,Cycling Men's Individual Time Trial
3422,27,7,Athletics Men's 20 kilometres Walk
3423,12,2,Judo Women's Lightweight
3424,47,20,Water Polo Men's Water Polo
3425,47,9,Swimming Men's 100 metres Freestyle
3426,47,9,Swimming Men's 400 metres Freestyle
3427,3,9,Swimming Men's 4 x 200 metres Freestyle Relay
3428,28,18,"Wrestling Men's Light-Heavyweight, Greco-Roman"
3429,28,18,"Wrestling Men's Light-Heavyweight, Freestyle"
3430,50,8,Ice Hockey Men's Ice Hockey
3431,30,18,"Wrestling Men's Welterweight, Freestyle"
3432,46,6,Cross Country Skiing Men's 18 kilometres
3433,46,6,Cross Country Skiing Men's 50 kilometres
3434,47,9,"Swimming Men's 1,500 metres Freestyle"
3435,14,9,"Swimming Men's 1,500 metres Freestyle"
3436,38,18,"Wrestling Men's Middleweight, Greco-Roman"
3437,15,7,"Athletics Men's Cross-Country, Individual"
3438,15,7,"Athletics Men's Cross-Country, Team"
3439,20,17,Weightlifting Men's Light-Heavyweight
3440,2,27,Boxing Women's Middleweight
3441,11,6,Cross Country Skiing Women's 10 kilometres
3442,11,6,Cross Country Skiing Women's 4 x 5 kilometres Relay
3443,25,6,Cross Country Skiing Women's 5 kilometres
3444,25,6,Cross Country Skiing Women's 10 kilometres
3445,25,6,Cross Country Skiing Women's 20 kilometres
3446,25,6,Cross Country Skiing Women's 4 x 5 kilometres Relay
3447,36,18,"Wrestling Men's Super-Heavyweight, Freestyle"
3448,37,18,"Wrestling Men's Super-Heavyweight, Freestyle"
3449,13,7,Athletics Men's Pole Vault
3450,12,25,"Equestrianism Mixed Three-Day Event, Individual"
3451,18,44,Freestyle Skiing Men's Aerials
3452,28,17,Weightlifting Men's Featherweight
3453,36,17,Weightlifting Men's Bantamweight
3454,26,18,"Wrestling Men's Super-Heavyweight, Greco-Roman"
3455,19,34,Figure Skating Women's Singles
3456,39,34,Figure Skating Women's Singles
3457,12,31,"Canoeing Men's Kayak Singles, Slalom"
3458,22,2,Judo Women's Heavyweight
3459,37,7,Athletics Men's Decathlon
3460,29,7,Athletics Women's High Jump
3461,1,7,Athletics Women's High Jump
3462,20,9,Swimming Women's 400 metres Individual Medley
3463,26,9,Swimming Men's 4 x 200 metres Freestyle Relay
3464,20,27,Boxing Men's Welterweight
3465,34,30,Diving Men's Springboard
3466,20,11,Sailing Mixed Skiff
3467,2,11,Sailing Men's Skiff
3468,18,34,Figure Skating Women's Singles
3469,10,27,Boxing Men's Middleweight
3470,47,7,Athletics Men's High Jump
3471,14,7,Athletics Men's Pentathlon
3472,3,7,Athletics Men's 400 metres Hurdles
3473,15,7,Athletics Men's 400 metres Hurdles
3474,28,7,Athletics Women's 100 metres Hurdles
3475,12,7,Athletics Men's Pole Vault
3476,33,27,Boxing Men's Welterweight
3477,1,2,Judo Women's Half-Heavyweight
3478,41,7,Athletics Men's High Jump
3479,41,7,Athletics Men's Triple Jump
3480,29,22,Rowing Women's Double Sculls
3481,3,27,Boxing Men's Light-Heavyweight
3482,9,12,Biathlon Women's 7.5 kilometres Sprint
3483,9,12,Biathlon Women's 10 kilometres Pursuit
3484,36,22,Rowing Men's Coxless Fours
3485,30,27,Boxing Men's Welterweight
3486,37,18,"Wrestling Men's Heavyweight, Greco-Roman"
3487,26,18,"Wrestling Men's Heavyweight, Greco-Roman"
3488,26,18,"Wrestling Men's Super-Heavyweight, Freestyle"
3489,27,9,Swimming Women's 100 metres Backstroke
3490,27,9,Swimming Women's 200 metres Backstroke
3491,19,6,Cross Country Skiing Men's 50 kilometres
3492,15,27,Boxing Men's Bantamweight
3493,3,13,Gymnastics Men's Team All-Around
3494,51,7,Athletics Men's 110 metres Hurdles
3495,51,9,"Swimming Men's 1,200 metres Freestyle"
3496,2,26,Shooting Women's Skeet
3497,18,50,Curling Men's Curling
3498,33,11,Sailing Mixed Three Person Keelboat
3499,18,12,Biathlon Men's 10 kilometres Sprint
3500,18,12,Biathlon Men's 20 kilometres
3501,9,12,Biathlon Men's 10 kilometres Sprint
3502,9,12,Biathlon Men's 12.5 kilometres Pursuit
3503,9,12,Biathlon Men's 20 kilometres
3504,9,12,Biathlon Men's 4 x 7.5 kilometres Relay
3505,19,12,Biathlon Men's 10 kilometres Sprint
3506,19,12,Biathlon Men's 12.5 kilometres Pursuit
3507,19,12,Biathlon Men's 15 kilometres Mass Start
3508,19,12,Biathlon Men's 20 kilometres
3509,19,12,Biathlon Men's 4 x 7.5 kilometres Relay
3510,10,29,"Cycling Men's Road Race, Individual"
3511,10,29,"Cycling Men's Road Race, Team"
3512,19,6,Cross Country Skiing Men's 30 km Skiathlon
3513,40,12,Biathlon Men's 20 kilometres
3514,40,12,Biathlon Men's 4 x 7.5 kilometres Relay
3515,34,9,Swimming Women's 100 metres Butterfly
3516,34,9,Swimming Women's 4 x 100 metres Medley Relay
3517,18,51,Snowboarding Men's Halfpipe
3518,9,51,Snowboarding Men's Halfpipe
3519,2,2,Judo Men's Heavyweight
3520,45,29,Cycling Men's 1/4 mile
3521,45,29,Cycling Men's 1/2 mile
3522,45,29,Cycling Men's 5 mile
3523,45,29,Cycling Men's 25 mile
3524,21,7,"Athletics Women's 10,000 metres"
3525,8,14,"Art Competitions Mixed Architecture, Unknown Event"
3526,16,50,Curling Men's Curling
3527,47,29,"Cycling Men's Tandem Sprint, 2,000 metres"
3528,20,7,Athletics Men's Pole Vault
3529,22,7,Athletics Men's Decathlon
3530,11,15,Alpine Skiing Men's Slalom
3531,21,9,Swimming Women's 200 metres Breaststroke
3532,20,29,"Cycling Women's Mountainbike, Cross-Country"
3533,2,9,Swimming Women's 4 x 100 metres Freestyle Relay
3534,21,9,Swimming Women's 4 x 100 metres Freestyle Relay
3535,21,9,Swimming Women's 200 metres Individual Medley
3536,25,15,Alpine Skiing Women's Giant Slalom
3537,25,15,Alpine Skiing Women's Slalom
3538,36,27,Boxing Men's Bantamweight
3539,30,14,"Art Competitions Mixed Painting, Unknown Event"
3540,51,13,Gymnastics Men's Rope Climbing
3541,28,2,Judo Men's Half-Middleweight
3542,28,2,Judo Men's Heavyweight
3543,28,13,Gymnastics Men's Individual All-Around
3544,28,13,Gymnastics Men's Team All-Around
3545,28,13,Gymnastics Men's Floor Exercise
3546,28,13,Gymnastics Men's Horse Vault
3547,28,13,Gymnastics Men's Parallel Bars
3548,28,13,Gymnastics Men's Horizontal Bar
3549,28,13,Gymnastics Men's Rings
3550,28,13,Gymnastics Men's Pommelled Horse
3551,36,13,Gymnastics Men's Individual All-Around
3552,36,13,Gymnastics Men's Team All-Around
3553,36,13,Gymnastics Men's Floor Exercise
3554,36,13,Gymnastics Men's Horse Vault
3555,36,13,Gymnastics Men's Parallel Bars
3556,36,13,Gymnastics Men's Horizontal Bar
3557,36,13,Gymnastics Men's Rings
3558,36,13,Gymnastics Men's Pommelled Horse
3559,37,13,Gymnastics Men's Individual All-Around
3560,37,13,Gymnastics Men's Team All-Around
3561,37,13,Gymnastics Men's Floor Exercise
3562,37,13,Gymnastics Men's Horse Vault
3563,37,13,Gymnastics Men's Parallel Bars
3564,37,13,Gymnastics Men's Horizontal Bar
3565,37,13,Gymnastics Men's Rings
3566,37,13,Gymnastics Men's Pommelled Horse
3567,36,7,Athletics Women's Discus Throw
3568,20,7,Athletics Women's 800 metres
3569,12,22,Rowing Women's Coxless Pairs
3570,3,26,"Shooting Men's Small-Bore Rifle, Standing, 50 metres"
3571,3,26,"Shooting Men's Small Bore-Rifle, Standing, 50 metres, Team"
3572,10,29,"Cycling Men's 1,000 metres Time Trial"
3573,1,22,Rowing Men's Coxless Pairs
3574,13,22,Rowing Men's Coxless Pairs
3575,29,31,"Canoeing Men's Canadian Doubles, 500 metres"
3576,29,31,"Canoeing Men's Canadian Doubles, 1,000 metres"
3577,13,31,"Canoeing Men's Canadian Doubles, 500 metres"
3578,22,10,Badminton Women's Singles
3579,2,18,"Wrestling Men's Heavyweight, Freestyle"
3580,21,18,"Wrestling Men's Heavyweight, Freestyle"
3581,50,5,Speed Skating Men's 500 metres
3582,50,5,"Speed Skating Men's 1,500 metres"
3583,50,5,"Speed Skating Men's 5,000 metres"
3584,22,43,Rhythmic Gymnastics Women's Individual
3585,20,43,Rhythmic Gymnastics Women's Individual
3586,22,29,Cycling Men's Individual Time Trial
3587,2,22,Rowing Men's Quadruple Sculls
3588,3,7,Athletics Men's 110 metres Hurdles
3589,3,7,Athletics Men's High Jump
3590,3,7,Athletics Men's Pentathlon
3591,3,7,Athletics Men's Decathlon
3592,22,7,Athletics Men's 50 kilometres Walk
3593,33,9,"Swimming Men's 1,500 metres Freestyle"
3594,34,9,"Swimming Men's 1,500 metres Freestyle"
3595,27,24,"Fencing Men's Sabre, Individual"
3596,2,29,"Cycling Women's Road Race, Individual"
3597,21,9,Swimming Men's 4 x 200 metres Freestyle Relay
3598,37,22,Rowing Men's Quadruple Sculls
3599,15,17,Weightlifting Men's Featherweight
3600,35,17,Weightlifting Men's Featherweight
3601,20,24,"Fencing Men's epee, Team"
3602,36,37,Archery Men's Individual
3603,41,24,"Fencing Men's Foil, Individual"
3604,19,5,Speed Skating Men's Team Pursuit (8 laps)
3605,39,5,"Speed Skating Men's 1,000 metres"
3606,39,5,"Speed Skating Men's 1,500 metres"
3607,39,5,Speed Skating Men's Team Pursuit (8 laps)
3608,41,7,"Athletics Men's Discus Throw, Greek Style"
3609,26,9,Swimming Men's 4 x 100 metres Freestyle Relay
3610,26,9,Swimming Men's 4 x 100 metres Medley Relay
3611,20,24,"Fencing Women's Foil, Individual"
3612,1,2,Judo Men's Middleweight
3613,28,9,Swimming Women's 400 metres Freestyle
3614,28,9,Swimming Women's 800 metres Freestyle
3615,28,9,Swimming Women's 200 metres Individual Medley
3616,28,9,Swimming Women's 400 metres Individual Medley
3617,26,24,"Fencing Women's Foil, Individual"
3618,26,24,"Fencing Women's Foil, Team"
3619,50,6,Cross Country Skiing Men's 18 kilometres
3620,50,6,Cross Country Skiing Men's 4 x 10 kilometres Relay
3621,12,2,Judo Women's Extra-Lightweight
3622,12,29,Cycling Men's Sprint
3623,12,10,Badminton Women's Singles
3624,47,26,"Shooting Men's Free Rifle, Three Positions, 300 metres"
3625,47,26,"Shooting Men's Free Rifle, 1,000 Yards"
3626,16,6,Cross Country Skiing Men's Sprint
3627,38,24,"Fencing Women's Foil, Individual"
3628,15,18,"Wrestling Men's Featherweight, Freestyle"
3629,22,9,Swimming Women's 200 metres Butterfly
3630,3,18,"Wrestling Men's Middleweight, Freestyle"
3631,28,27,Boxing Men's Light-Welterweight
3632,12,9,Swimming Men's 200 metres Backstroke
3633,40,15,Alpine Skiing Men's Downhill
3634,40,15,Alpine Skiing Men's Giant Slalom
3635,30,25,"Equestrianism Men's Three-Day Event, Individual"
3636,30,25,"Equestrianism Men's Three-Day Event, Team"
3637,36,18,"Wrestling Men's Light-Flyweight, Greco-Roman"
3638,13,24,"Fencing Women's Foil, Individual"
3639,13,7,Athletics Women's Discus Throw
3640,28,7,Athletics Women's Pentathlon
3641,16,6,Cross Country Skiing Women's Sprint
3642,30,11,Sailing Mixed One Person Dinghy
3643,5,6,Cross Country Skiing Women's 4 x 5 kilometres Relay
3644,9,6,Cross Country Skiing Men's Sprint
3645,39,6,Cross Country Skiing Men's 15 kilometres
3646,39,6,Cross Country Skiing Men's 50 kilometres
3647,39,6,Cross Country Skiing Men's 30 km Skiathlon
3648,39,6,Cross Country Skiing Men's 4 x 10 kilometres Relay
3649,16,6,Cross Country Skiing Men's 30 km Skiathlon
3650,16,6,Cross Country Skiing Men's 4 x 10 kilometres Relay
3651,39,5,"Speed Skating Women's 1,000 metres"
3652,16,5,"Speed Skating Women's 1,000 metres"
3653,16,5,"Speed Skating Women's 1,500 metres"
3654,39,19,Luge Mixed (Men)'s Doubles
3655,5,23,Bobsleigh Men's Four
3656,39,50,Curling Men's Curling
3657,3,7,Athletics Men's Javelin Throw
3658,20,13,Gymnastics Men's Horizontal Bar
3659,38,25,"Equestrianism Mixed Three-Day Event, Individual"
3660,38,25,"Equestrianism Mixed Three-Day Event, Team"
3661,17,18,"Wrestling Men's Welterweight, Freestyle"
3662,8,33,Modern Pentathlon Men's Individual
3663,35,18,"Wrestling Men's Featherweight, Freestyle"
3664,36,16,Handball Women's Handball
3665,30,9,Swimming Men's 400 metres Freestyle
3666,30,9,"Swimming Men's 1,500 metres Freestyle"
3667,17,22,Rowing Men's Double Sculls
3668,12,26,"Shooting Men's Running Target, 10 metres"
3669,22,32,Tennis Women's Doubles
3670,20,32,Tennis Women's Doubles
3671,2,28,Taekwondo Women's Welterweight
3672,32,6,Cross Country Skiing Men's 4 x 10 kilometres Relay
3673,23,6,Cross Country Skiing Men's 50 kilometres
3674,4,20,Water Polo Men's Water Polo
3675,21,9,Swimming Men's 100 metres Butterfly
3676,1,31,"Canoeing Men's Kayak Singles, 500 metres"
3677,1,31,"Canoeing Men's Kayak Singles, 1,000 metres"
3678,38,7,Athletics Men's 400 metres Hurdles
3679,12,48,Triathlon Women's Olympic Distance
3680,36,7,Athletics Women's 100 metres Hurdles
3681,37,7,Athletics Women's 100 metres Hurdles
3682,18,34,Figure Skating Mixed Ice Dancing
3683,9,34,Figure Skating Mixed Ice Dancing
3684,29,22,Rowing Women's Coxed Fours
3685,26,11,Sailing Mixed Two Person Keelboat
3686,29,11,Sailing Mixed Two Person Keelboat
3687,15,25,"Equestrianism Men's Dressage, Individual"
3688,35,25,"Equestrianism Men's Three-Day Event, Individual"
3689,35,25,"Equestrianism Men's Three-Day Event, Team"
3690,28,9,Swimming Women's 200 metres Breaststroke
3691,36,9,Swimming Women's 100 metres Breaststroke
3692,36,9,Swimming Women's 200 metres Breaststroke
3693,24,15,Alpine Skiing Women's Slalom
3694,40,15,Alpine Skiing Women's Downhill
3695,47,11,Sailing Mixed 8 metres
3696,38,7,Athletics Men's Pole Vault
3697,28,27,Boxing Men's Welterweight
3698,21,29,Cycling Women's Team Pursuit
3699,1,21,Hockey Women's Hockey
3700,35,27,Boxing Men's Welterweight
3701,19,23,Bobsleigh Men's Two
3702,5,34,Figure Skating Mixed Ice Dancing
3703,26,7,Athletics Men's High Jump
3704,51,9,Swimming Men's 100 metres Freestyle
3705,3,9,Swimming Men's 400 metres Freestyle
3706,3,9,"Swimming Men's 1,500 metres Freestyle"
3707,15,9,Swimming Men's 400 metres Freestyle
3708,15,9,"Swimming Men's 1,500 metres Freestyle"
3709,15,9,Swimming Men's 4 x 200 metres Freestyle Relay
3710,37,7,Athletics Women's High Jump
3711,8,7,Athletics Men's 100 metres
3712,8,7,Athletics Men's 4 x 100 metres Relay
3713,13,2,Judo Women's Heavyweight
3714,12,2,Judo Women's Half-Heavyweight
3715,3,22,Rowing Men's Double Sculls
3716,38,7,Athletics Women's Long Jump
3717,30,14,"Art Competitions Mixed Painting, Paintings"
3718,21,24,"Fencing Men's epee, Team"
3719,38,30,Diving Women's Springboard
3720,27,30,Diving Women's Springboard
3721,21,31,"Canoeing Men's Kayak Singles, 1,000 metres"
3722,21,31,"Canoeing Men's Kayak Fours, 1,000 metres"
3723,13,31,"Canoeing Men's Kayak Doubles, 500 metres"
3724,21,18,"Wrestling Men's Featherweight, Freestyle"
3725,9,5,"Speed Skating Women's 3,000 metres"
3726,9,5,"Speed Skating Women's 5,000 metres"
3727,19,5,"Speed Skating Women's 3,000 metres"
3728,19,5,"Speed Skating Women's 5,000 metres"
3729,39,5,"Speed Skating Women's 3,000 metres"
3730,39,5,"Speed Skating Women's 5,000 metres"
3731,39,5,Speed Skating Women's Team Pursuit (6 laps)
3732,27,24,"Fencing Women's Foil, Individual"
3733,3,7,"Athletics Men's 3,000 metres Walk"
3734,3,7,Athletics Men's 10 kilometres Walk
3735,8,24,"Fencing Men's Sabre, Team"
3736,13,26,"Shooting Men's Rapid-Fire Pistol, 25 metres"
3737,46,23,Bobsleigh Men's Four/Five
3738,19,54,Skeleton Men's Skeleton
3739,14,7,Athletics Men's 800 metres
3740,38,7,Athletics Women's Javelin Throw
3741,27,7,Athletics Women's Javelin Throw
3742,36,17,Weightlifting Men's Light-Heavyweight
3743,51,26,"Shooting Men's Free Rifle, Three Positions, 300 metres"
3744,8,14,"Art Competitions Mixed Sculpturing, Unknown Event"
3745,10,7,Athletics Women's 4 x 100 metres Relay
3746,19,51,Snowboarding Women's Boardercross
3747,39,51,Snowboarding Women's Boardercross
3748,16,51,Snowboarding Women's Boardercross
3749,20,17,Weightlifting Men's Middleweight
3750,35,22,Rowing Men's Coxed Pairs
3751,28,26,"Shooting Mixed Running Target, 50 metres"
3752,36,26,"Shooting Mixed Running Target, 50 metres"
3753,20,2,Judo Men's Half-Middleweight
3754,2,2,Judo Men's Middleweight
3755,26,39,Synchronized Swimming Women's Duet
3756,2,7,Athletics Women's Discus Throw
3757,3,7,Athletics Men's Shot Put
3758,10,25,"Equestrianism Men's Jumping, Individual"
3759,10,25,"Equestrianism Men's Jumping, Team"
3760,16,54,Skeleton Men's Skeleton
3761,13,26,"Shooting Women's Air Rifle, 10 metres"
3762,13,26,"Shooting Women's Small-Bore Rifle, Three Positions, 50 metres"
3763,21,31,"Canoeing Men's Canadian Doubles, Slalom"
3764,20,20,Water Polo Women's Water Polo
3765,33,26,"Shooting Men's Free Rifle, Three Positions, 300 metres"
3766,33,26,"Shooting Men's Small-Bore Rifle, Three Positions, 50 metres"
3767,33,26,"Shooting Men's Small-Bore Rifle, Prone, 50 metres"
3768,3,24,"Fencing Men's epee, Individual"
3769,35,13,Gymnastics Men's Individual All-Around
3770,35,13,Gymnastics Men's Team All-Around
3771,35,13,Gymnastics Men's Horse Vault
3772,35,13,Gymnastics Men's Parallel Bars
3773,35,13,Gymnastics Men's Horizontal Bar
3774,35,13,Gymnastics Men's Rings
3775,35,13,Gymnastics Men's Pommelled Horse
3776,16,19,Luge Mixed (Men)'s Doubles
3777,16,19,Luge Mixed Team Relay
3778,12,7,Athletics Women's Discus Throw
3779,38,31,"Canoeing Women's Kayak Doubles, 500 metres"
3780,27,31,"Canoeing Women's Kayak Doubles, 500 metres"
3781,28,31,"Canoeing Women's Kayak Doubles, 500 metres"
3782,17,18,"Wrestling Men's Heavyweight, Freestyle"
3783,10,18,"Wrestling Men's Heavyweight, Freestyle"
3784,33,18,"Wrestling Men's Heavyweight, Greco-Roman"
3785,34,18,"Wrestling Men's Middleweight, Freestyle"
3786,1,10,Badminton Men's Doubles
3787,18,6,Cross Country Skiing Women's 15 kilometres
3788,47,13,Gymnastics Men's Individual All-Around
3789,35,9,Swimming Men's 400 metres Freestyle
3790,35,9,"Swimming Men's 1,500 metres Freestyle"
3791,2,29,Cycling Women's Individual Time Trial
3792,20,22,Rowing Women's Double Sculls
3793,2,22,Rowing Women's Double Sculls
3794,1,10,Badminton Men's Singles
3795,13,10,Badminton Men's Doubles
3796,15,7,"Athletics Men's 1,500 metres"
3797,24,5,"Speed Skating Men's 10,000 metres"
3798,40,5,"Speed Skating Men's 1,500 metres"
3799,39,6,Cross Country Skiing Women's 10 kilometres
3800,39,6,Cross Country Skiing Women's 15 km Skiathlon
3801,39,6,Cross Country Skiing Women's 4 x 5 kilometres Relay
3802,39,6,Cross Country Skiing Women's Team Sprint
3803,16,6,Cross Country Skiing Women's 4 x 5 kilometres Relay
3804,3,18,"Wrestling Men's Lightweight, Freestyle"
3805,15,18,"Wrestling Men's Featherweight, Greco-Roman"
3806,2,7,Athletics Women's 400 metres Hurdles
3807,7,5,"Speed Skating Men's 5,000 metres"
3808,7,5,"Speed Skating Men's 10,000 metres"
3809,27,18,"Wrestling Men's Heavyweight, Freestyle"
3810,28,18,"Wrestling Men's Heavyweight, Freestyle"
3811,22,28,Taekwondo Women's Flyweight
3812,10,22,Rowing Men's Coxed Pairs
3813,22,24,"Fencing Men's Foil, Individual"
3814,22,24,"Fencing Men's Foil, Team"
3815,27,7,Athletics Men's Decathlon
3816,1,27,Boxing Men's Super-Heavyweight
3817,21,31,"Canoeing Women's Kayak Doubles, 500 metres"
3818,42,15,Alpine Skiing Men's Downhill
3819,42,49,"Ski Jumping Men's Normal Hill, Individual"
3820,21,24,"Fencing Women's Sabre, Individual"
3821,7,6,Cross Country Skiing Women's 5 kilometres
3822,7,6,Cross Country Skiing Women's 5/10 kilometres Pursuit
3823,31,5,Speed Skating Men's 500 metres
3824,28,9,Swimming Women's 200 metres Butterfly
3825,34,18,"Wrestling Men's Middleweight, Greco-Roman"
3826,39,51,Snowboarding Men's Halfpipe
3827,16,51,Snowboarding Men's Halfpipe
3828,36,1,Basketball Women's Basketball
3829,29,7,"Athletics Women's 1,500 metres"
3830,29,7,"Athletics Women's 3,000 metres"
3831,1,27,Boxing Men's Light-Heavyweight
3832,13,38,Volleyball Men's Volleyball
3833,5,5,"Speed Skating Men's 5,000 metres"
3834,5,5,"Speed Skating Men's 10,000 metres"
3835,29,7,Athletics Men's Decathlon
3836,33,7,Athletics Men's 400 metres Hurdles
3837,41,24,"Fencing Men's Sabre, Individual"
3838,41,24,"Fencing Men's Sabre, Individual, Three Hits"
3839,41,24,"Fencing Men's Sabre, Team"
3840,6,41,Nordic Combined Men's Team
3841,17,31,"Canoeing Women's Kayak Singles, 500 metres"
3842,35,27,Boxing Men's Flyweight
3843,17,7,Athletics Men's Javelin Throw
3844,29,7,Athletics Women's Discus Throw
3845,27,22,Rowing Men's Double Sculls
3846,30,25,"Equestrianism Men's Jumping, Individual"
3847,30,25,"Equestrianism Men's Jumping, Team"
3848,11,19,Luge Mixed (Men)'s Doubles
3849,25,19,Luge Men's Singles
3850,25,19,Luge Mixed (Men)'s Doubles
3851,6,19,Luge Men's Singles
3852,6,19,Luge Mixed (Men)'s Doubles
3853,7,19,Luge Mixed (Men)'s Doubles
3854,12,31,"Canoeing Men's Kayak Singles, 500 metres"
3855,12,31,"Canoeing Men's Kayak Singles, 1,000 metres"
3856,36,24,"Fencing Men's Sabre, Individual"
3857,41,29,Cycling Men's Sprint
3858,28,18,"Wrestling Men's Lightweight, Greco-Roman"
3859,34,24,"Fencing Women's Foil, Individual"
3860,13,22,Rowing Women's Coxed Eights
3861,1,32,Tennis Women's Singles
3862,13,32,Tennis Women's Singles
3863,13,32,Tennis Women's Doubles
3864,12,32,Tennis Women's Singles
3865,14,30,Diving Men's Springboard
3866,35,18,"Wrestling Men's Light-Heavyweight, Greco-Roman"
3867,43,5,"Speed Skating Women's 1,000 metres"
3868,43,5,"Speed Skating Women's 1,500 metres"
3869,43,5,"Speed Skating Women's 3,000 metres"
3870,14,7,Athletics Men's 4 x 100 metres Relay
3871,35,18,"Wrestling Men's Welterweight, Freestyle"
3872,47,37,Archery Women's Double National Round
3873,21,2,Judo Men's Half-Heavyweight
3874,10,7,"Athletics Men's 3,000 metres Steeplechase"
3875,15,29,"Cycling Men's Team Pursuit, 4,000 metres"
3876,27,9,Swimming Women's 100 metres Butterfly
3877,27,9,Swimming Women's 200 metres Individual Medley
3878,27,9,Swimming Women's 4 x 100 metres Medley Relay
3879,22,11,Sailing Mixed One Person Dinghy
3880,28,27,Boxing Men's Light-Middleweight
3881,33,9,Swimming Men's 100 metres Freestyle
3882,33,9,Swimming Men's 4 x 200 metres Freestyle Relay
3883,20,9,"Swimming Men's 1,500 metres Freestyle"
3884,29,9,Swimming Women's 100 metres Breaststroke
3885,29,9,Swimming Women's 200 metres Breaststroke
3886,29,9,Swimming Women's 200 metres Individual Medley
3887,29,9,Swimming Women's 400 metres Individual Medley
3888,1,2,Judo Women's Half-Middleweight
3889,12,40,Table Tennis Men's Doubles
3890,28,27,Boxing Men's Light-Flyweight
3891,12,2,Judo Men's Half-Middleweight
3892,21,7,Athletics Men's 50 kilometres Walk
3893,42,19,Luge Men's Singles
3894,42,19,Luge Mixed (Men)'s Doubles
3895,27,22,Rowing Men's Coxed Eights
3896,13,24,"Fencing Women's epee, Individual"
3897,13,24,"Fencing Women's epee, Team"
3898,12,24,"Fencing Women's Foil, Individual"
3899,26,33,Modern Pentathlon Men's Individual
3900,26,33,Modern Pentathlon Men's Team
3901,34,25,"Equestrianism Mixed Jumping, Team"
3902,27,25,"Equestrianism Mixed Jumping, Team"
3903,36,38,Volleyball Women's Volleyball
3904,12,31,"Canoeing Women's Kayak Fours, 500 metres"
3905,13,7,Athletics Women's Javelin Throw
3906,33,9,Swimming Women's 400 metres Freestyle
3907,12,17,Weightlifting Men's Middleweight
3908,13,27,Boxing Men's Middleweight
3909,20,29,"Cycling Men's Team Pursuit, 4,000 metres"
3910,2,29,"Cycling Men's Team Pursuit, 4,000 metres"
3911,2,29,Cycling Men's Omnium
3912,38,9,Swimming Men's 400 metres Freestyle
3913,38,9,"Swimming Men's 1,500 metres Freestyle"
3914,1,9,Swimming Women's 200 metres Butterfly
3915,28,9,Swimming Men's 100 metres Backstroke
3916,28,9,Swimming Men's 200 metres Backstroke
3917,36,9,Swimming Men's 100 metres Butterfly
3918,15,52,Rugby Men's Rugby
3919,28,18,"Wrestling Men's Light-Flyweight, Freestyle"
3920,12,9,"Swimming Men's 1,500 metres Freestyle"
3921,8,9,Swimming Women's 4 x 100 metres Freestyle Relay
3922,2,27,Boxing Women's Lightweight
3923,35,18,"Wrestling Men's Featherweight, Greco-Roman"
3924,29,9,Swimming Women's 100 metres Freestyle
3925,2,7,Athletics Men's 20 kilometres Walk
3926,21,7,Athletics Men's 20 kilometres Walk
3927,26,22,Rowing Women's Coxless Pairs
3928,29,22,Rowing Women's Coxless Pairs
3929,10,29,"Cycling Men's Tandem Sprint, 2,000 metres"
3930,24,6,Cross Country Skiing Men's 4 x 10 kilometres Relay
3931,29,30,Diving Men's Platform
3932,40,19,Luge Men's Singles
3933,43,19,Luge Men's Singles
3934,43,19,Luge Mixed (Men)'s Doubles
3935,29,1,Basketball Women's Basketball
3936,33,18,"Wrestling Men's Middleweight, Freestyle"
3937,4,25,Equestrianism Mixed Hacks And Hunter Combined
3938,34,7,Athletics Women's High Jump
3939,12,10,Badminton Mixed Doubles
3940,12,10,Badminton Men's Doubles
3941,9,34,Figure Skating Mixed Pairs
3942,11,15,Alpine Skiing Women's Downhill
3943,47,7,Athletics Men's Pole Vault
3944,26,24,"Fencing Men's Sabre, Team"
3945,20,27,Boxing Men's Featherweight
3946,21,27,Boxing Men's Welterweight
3947,30,7,Athletics Women's High Jump
3948,38,7,Athletics Women's 4 x 100 metres Relay
3949,17,14,"Art Competitions Mixed Architecture, Unknown Event"
3950,15,14,Art Competitions Mixed Literature
3951,3,29,"Cycling Men's Road Race, Individual"
3952,3,29,"Cycling Men's Road Race, Team"
3953,8,18,"Wrestling Men's Featherweight, Freestyle"
3954,36,29,Cycling Men's 100 kilometres Team Time Trial
3955,12,2,Judo Men's Half-Lightweight
3956,3,32,Tennis Women's Singles
3957,3,32,Tennis Women's Doubles
3958,37,30,Diving Women's Springboard
3959,14,32,Tennis Men's Singles
3960,2,7,Athletics Men's Pole Vault
3961,21,7,Athletics Men's Pole Vault
3962,3,11,Sailing Mixed 10 metres
3963,17,18,"Wrestling Men's Bantamweight, Greco-Roman"
3964,27,7,"Athletics Men's 1,500 metres"
3965,30,7,Athletics Men's 400 metres Hurdles
3966,27,9,Swimming Men's 100 metres Breaststroke
3967,27,9,Swimming Men's 200 metres Breaststroke
3968,28,9,Swimming Men's 200 metres Individual Medley
3969,37,2,Judo Men's Half-Lightweight
3970,30,18,"Wrestling Men's Light-Heavyweight, Greco-Roman"
3971,34,25,"Equestrianism Men's Three-Day Event, Individual"
3972,34,25,"Equestrianism Men's Three-Day Event, Team"
3973,33,29,Cycling Men's Sprint
3974,33,29,"Cycling Men's 1,000 metres Time Trial"
3975,34,29,Cycling Men's Sprint
3976,34,29,"Cycling Men's 1,000 metres Time Trial"
3977,1,18,"Wrestling Men's Middleweight, Greco-Roman"
3978,13,18,"Wrestling Men's Middleweight, Greco-Roman"
3979,21,27,Boxing Men's Light-Flyweight
3980,22,24,"Fencing Women's Sabre, Individual"
3981,8,25,"Equestrianism Men's Three-Day Event, Individual"
3982,8,25,"Equestrianism Men's Three-Day Event, Team"
3983,17,27,Boxing Men's Lightweight
3984,15,7,Athletics Men's Pentathlon
3985,13,29,"Cycling Men's Mountainbike, Cross-Country"
3986,3,26,Shooting Men's Trap
3987,3,26,"Shooting Men's Trap, Team"
3988,34,7,Athletics Men's Shot Put
3989,38,7,Athletics Men's Discus Throw
3990,12,27,Boxing Men's Heavyweight
3991,22,27,Boxing Men's Light-Heavyweight
3992,1,22,Rowing Men's Quadruple Sculls
3993,2,27,Boxing Men's Super-Heavyweight
3994,1,7,Athletics Men's Pole Vault
3995,20,33,Modern Pentathlon Women's Individual
3996,2,33,Modern Pentathlon Women's Individual
3997,25,15,Alpine Skiing Men's Downhill
3998,1,18,"Wrestling Men's Featherweight, Greco-Roman"
3999,22,18,"Wrestling Men's Welterweight, Greco-Roman"
4000,12,2,Judo Women's Middleweight
4001,22,2,Judo Women's Middleweight
4002,26,7,Athletics Women's 4 x 100 metres Relay
4003,49,23,Bobsleigh Men's Two
4004,15,33,Modern Pentathlon Men's Individual
4005,38,26,"Shooting Men's Small-Bore Rifle, Three Positions, 50 metres"
4006,37,9,Swimming Women's 4 x 100 metres Freestyle Relay
4007,26,9,Swimming Women's 100 metres Freestyle
4008,10,7,Athletics Women's 100 metres
4009,33,7,Athletics Women's 100 metres
4010,33,7,Athletics Women's 200 metres
4011,33,7,Athletics Women's 4 x 100 metres Relay
4012,20,7,Athletics Men's 4 x 100 metres Relay
4013,25,15,Alpine Skiing Women's Downhill
4014,5,15,Alpine Skiing Women's Super G
4015,2,7,Athletics Men's Shot Put
4016,12,11,Sailing Women's Two Person Dinghy
4017,22,11,Sailing Women's Two Person Dinghy
4018,36,30,Diving Men's Springboard
4019,22,29,"Cycling Women's Road Race, Individual"
4020,20,29,"Cycling Women's Road Race, Individual"
4021,20,29,Cycling Women's Individual Time Trial
4022,21,29,Cycling Women's Individual Time Trial
4023,30,18,"Wrestling Men's Lightweight, Freestyle"
4024,17,9,Swimming Women's 200 metres Breaststroke
4025,20,9,Swimming Men's 100 metres Backstroke
4026,29,11,Sailing Men's Two Person Dinghy
4027,33,22,Rowing Men's Coxed Pairs
4028,13,29,"Cycling Women's Individual Pursuit, 3,000 metres"
4029,13,29,Cycling Women's Points Race
4030,12,29,Cycling Women's Individual Time Trial
4031,12,29,"Cycling Women's Individual Pursuit, 3,000 metres"
4032,12,29,Cycling Women's Points Race
4033,22,29,Cycling Women's Individual Time Trial
4034,2,29,Cycling Women's Team Pursuit
4035,10,7,Athletics Women's 200 metres
4036,16,23,Bobsleigh Men's Two
4037,16,23,Bobsleigh Men's Four
4038,37,2,Judo Men's Extra-Lightweight
4039,14,32,Tennis Women's Singles
4040,14,32,Tennis Mixed Doubles
4041,12,11,Sailing Mixed Skiff
4042,1,9,Swimming Women's 400 metres Freestyle
4043,1,9,Swimming Women's 800 metres Freestyle
4044,41,29,"Cycling Men's 5,000 metres"
4045,27,17,Weightlifting Men's Light-Heavyweight
4046,25,49,"Ski Jumping Men's Normal Hill, Individual"
4047,41,4,Tug-Of-War Men's Tug-Of-War
4048,41,18,"Wrestling Men's Heavyweight, Greco-Roman"
4049,20,37,Archery Women's Team
4050,3,4,Tug-Of-War Men's Tug-Of-War
4051,1,17,Weightlifting Men's Bantamweight
4052,29,9,Swimming Women's 200 metres Butterfly
4053,1,9,Swimming Women's 200 metres Freestyle
4054,3,17,Weightlifting Men's Lightweight
4055,1,7,Athletics Women's Heptathlon
4056,28,7,Athletics Men's 20 kilometres Walk
4057,2,13,Gymnastics Men's Individual All-Around
4058,2,13,Gymnastics Men's Pommelled Horse
4059,26,7,Athletics Men's Javelin Throw
4060,42,12,Biathlon Men's 20 kilometres
4061,42,12,Biathlon Men's 4 x 7.5 kilometres Relay
4062,1,24,"Fencing Men's Foil, Team"
4063,13,24,"Fencing Men's Foil, Team"
4064,22,11,Sailing Men's Two Person Keelboat
4065,27,7,Athletics Men's 110 metres Hurdles
4066,36,27,Boxing Men's Middleweight
4067,29,26,"Shooting Men's Rapid-Fire Pistol, 25 metres"
4068,38,2,Judo Men's Lightweight
4069,27,24,"Fencing Women's Foil, Team"
4070,3,7,Athletics Men's Marathon
4071,27,9,Swimming Women's 200 metres Freestyle
4072,22,29,Cycling Men's Points Race
4073,20,29,Cycling Men's Points Race
4074,30,27,Boxing Men's Featherweight
4075,39,6,Cross Country Skiing Women's 30 kilometres
4076,22,7,Athletics Women's 200 metres
4077,22,7,Athletics Women's 4 x 100 metres Relay
4078,29,27,Boxing Men's Lightweight
4079,2,17,Weightlifting Men's Heavyweight
4080,20,27,Boxing Men's Flyweight
4081,12,29,Cycling Men's Keirin
4082,12,29,Cycling Men's Team Sprint
4083,29,17,Weightlifting Men's Light-Heavyweight
4084,12,9,Swimming Women's 4 x 200 metres Freestyle Relay
4085,36,13,Gymnastics Women's Individual All-Around
4086,36,13,Gymnastics Women's Team All-Around
4087,36,13,Gymnastics Women's Floor Exercise
4088,36,13,Gymnastics Women's Horse Vault
4089,36,13,Gymnastics Women's Uneven Bars
4090,36,13,Gymnastics Women's Balance Beam
4091,2,9,Swimming Women's 200 metres Freestyle
4092,1,27,Boxing Men's Lightweight
4093,12,17,Weightlifting Men's Lightweight
4094,21,26,"Shooting Women's Small-Bore Rifle, Three Positions, 50 metres"
4095,20,27,Boxing Men's Middleweight
4096,17,27,Boxing Men's Light-Heavyweight
4097,13,17,Weightlifting Men's Light-Heavyweight
4098,21,17,Weightlifting Women's Heavyweight
4099,28,17,Weightlifting Men's Middle-Heavyweight
4100,47,11,Sailing Mixed 6 metres
4101,3,25,"Equestrianism Men's Dressage, Individual"
4102,1,29,"Cycling Women's Road Race, Individual"
4103,42,5,"Speed Skating Women's 3,000 metres"
4104,24,5,"Speed Skating Men's 5,000 metres"
4105,2,26,"Shooting Women's Sporting Pistol, 25 metres"
4106,21,26,"Shooting Women's Sporting Pistol, 25 metres"
4107,2,47,Beach Volleyball Women's Beach Volleyball
4108,41,7,Athletics Men's 5 mile
4109,17,7,Athletics Men's Shot Put
4110,20,7,Athletics Men's Javelin Throw
4111,14,26,"Shooting Men's Running Target, Single Shot"
4112,14,26,"Shooting Men's Running Target, Single Shot, Team"
4113,14,26,"Shooting Men's Running Target, Double Shot"
4114,2,32,Tennis Women's Singles
4115,2,32,Tennis Mixed Doubles
4116,3,8,Ice Hockey Men's Ice Hockey
4117,13,27,Boxing Men's Light-Middleweight
4118,2,7,Athletics Men's Long Jump
4119,1,37,Archery Women's Individual
4120,1,37,Archery Women's Team
4121,16,34,Figure Skating Women's Singles
4122,37,27,Boxing Men's Light-Flyweight
4123,22,32,Tennis Women's Singles
4124,29,2,Judo Men's Extra-Lightweight
4125,37,26,Shooting Mixed Trap
4126,27,7,Athletics Men's 4 x 400 metres Relay
4127,32,5,Speed Skating Men's 500 metres
4128,39,23,Bobsleigh Women's Two
4129,40,19,Luge Mixed (Men)'s Doubles
4130,43,49,"Ski Jumping Men's Normal Hill, Individual"
4131,43,49,"Ski Jumping Men's Large Hill, Individual"
4132,45,13,Gymnastics Men's Team All-Around
4133,10,31,"Canoeing Women's Kayak Singles, 500 metres"
4134,13,18,"Wrestling Men's Welterweight, Greco-Roman"
4135,36,7,"Athletics Men's 3,000 metres Steeplechase"
4136,48,49,"Ski Jumping Men's Normal Hill, Individual"
4137,32,34,Figure Skating Mixed Pairs
4138,45,7,Athletics Men's 110 metres Hurdles
4139,21,9,Swimming Men's 200 metres Individual Medley
4140,26,11,Sailing Mixed One Person Dinghy
4141,20,11,Sailing Mixed Multihull
4142,22,9,Swimming Women's 100 metres Breaststroke
4143,35,7,"Athletics Men's 1,500 metres"
4144,4,22,Rowing Men's Single Sculls
4145,33,7,"Athletics Men's 3,000 metres Steeplechase"
4146,22,27,Boxing Men's Lightweight
4147,47,7,Athletics Men's 800 metres
4148,13,9,Swimming Men's 4 x 100 metres Freestyle Relay
4149,38,29,"Cycling Men's Individual Pursuit, 4,000 metres"
4150,21,43,Rhythmic Gymnastics Women's Individual
4151,22,11,Sailing Men's Windsurfer
4152,21,35,Golf Women's Individual
4153,37,18,"Wrestling Men's Flyweight, Freestyle"
4154,21,28,Taekwondo Men's Flyweight
4155,28,9,Swimming Women's 100 metres Backstroke
4156,28,9,Swimming Women's 200 metres Backstroke
4157,28,31,"Canoeing Women's Kayak Singles, Slalom"
4158,28,18,"Wrestling Men's Lightweight, Freestyle"
4159,29,7,Athletics Men's Pole Vault
4160,21,9,Swimming Women's 400 metres Freestyle
4161,21,9,Swimming Women's 800 metres Freestyle
4162,23,5,Speed Skating Women's 500 metres
4163,23,5,"Speed Skating Women's 1,000 metres"
4164,23,5,"Speed Skating Women's 1,500 metres"
4165,23,5,"Speed Skating Women's 3,000 metres"
4166,24,5,Speed Skating Women's 500 metres
4167,24,5,"Speed Skating Women's 1,000 metres"
4168,24,5,"Speed Skating Women's 3,000 metres"
4169,40,5,"Speed Skating Women's 1,000 metres"
4170,40,5,"Speed Skating Women's 1,500 metres"
4171,40,5,"Speed Skating Women's 3,000 metres"
4172,22,28,Taekwondo Men's Heavyweight
4173,12,27,Boxing Men's Flyweight
4174,3,25,"Equestrianism Men's Three-Day Event, Individual"
4175,27,7,Athletics Men's 400 metres
4176,22,29,"Cycling Men's Individual Pursuit, 4,000 metres"
4177,20,29,Cycling Men's Individual Time Trial
4178,12,18,"Wrestling Men's Welterweight, Freestyle"
4179,43,15,Alpine Skiing Women's Downhill
4180,43,15,Alpine Skiing Women's Giant Slalom
4181,43,15,Alpine Skiing Women's Slalom
4182,22,2,Judo Women's Half-Lightweight
4183,15,7,Athletics Men's Discus Throw
4184,30,7,"Athletics Men's 10,000 metres"
4185,33,7,Athletics Men's Marathon
4186,13,17,Weightlifting Men's Super-Heavyweight
4187,22,18,"Wrestling Men's Lightweight, Freestyle"
4188,22,18,"Wrestling Men's Middleweight, Greco-Roman"
4189,42,6,Cross Country Skiing Men's 30 kilometres
4190,37,25,"Equestrianism Mixed Jumping, Team"
4191,12,43,Rhythmic Gymnastics Women's Individual
4192,36,26,Shooting Mixed Skeet
4193,38,17,Weightlifting Men's Middle-Heavyweight
4194,47,27,Boxing Men's Middleweight
4195,20,26,"Shooting Women's Air Pistol, 10 metres"
4196,37,17,Weightlifting Men's Heavyweight I
4197,28,18,"Wrestling Men's Middleweight, Freestyle"
4198,47,11,Sailing Mixed 12 metres
4199,51,29,"Cycling Men's Road Race, Individual"
4200,38,7,Athletics Men's Hammer Throw
4201,10,18,"Wrestling Men's Middleweight, Freestyle"
4202,21,7,Athletics Women's Triple Jump
4203,12,25,"Equestrianism Mixed Jumping, Team"
4204,10,24,"Fencing Men's Foil, Individual"
4205,33,24,"Fencing Men's Foil, Individual"
4206,33,24,"Fencing Men's Sabre, Individual"
4207,35,9,Swimming Men's 100 metres Freestyle
4208,33,13,Gymnastics Women's Individual All-Around
4209,33,13,Gymnastics Women's Team All-Around
4210,33,13,Gymnastics Women's Team Portable Apparatus
4211,33,13,Gymnastics Women's Floor Exercise
4212,33,13,Gymnastics Women's Horse Vault
4213,33,13,Gymnastics Women's Uneven Bars
4214,33,13,Gymnastics Women's Balance Beam
4215,13,31,"Canoeing Men's Canadian Singles, 500 metres"
4216,13,31,"Canoeing Men's Canadian Singles, 1,000 metres"
4217,37,9,"Swimming Men's 1,500 metres Freestyle"
4218,26,9,Swimming Men's 200 metres Freestyle
4219,26,9,Swimming Men's 400 metres Freestyle
4220,8,11,Sailing Mixed Two Person Keelboat
4221,47,7,Athletics Men's 400 metres
4222,47,58,Racquets Men's Singles
4223,47,58,Racquets Men's Doubles
4224,15,7,Athletics Men's 4 x 400 metres Relay
4225,29,11,Sailing Mixed Multihull
4226,13,26,"Shooting Women's Air Pistol, 10 metres"
4227,13,26,"Shooting Women's Sporting Pistol, 25 metres"
4228,10,27,Boxing Men's Flyweight
4229,17,14,"Art Competitions Mixed Literature, Lyric Works"
4230,2,17,Weightlifting Men's Featherweight
4231,38,18,"Wrestling Men's Lightweight, Freestyle"
4232,27,18,"Wrestling Men's Welterweight, Freestyle"
4233,10,18,"Wrestling Men's Light-Heavyweight, Freestyle"
4234,33,18,"Wrestling Men's Light-Heavyweight, Greco-Roman"
4235,33,18,"Wrestling Men's Light-Heavyweight, Freestyle"
4236,26,26,"Shooting Women's Air Rifle, 10 metres"
4237,29,18,"Wrestling Men's Super-Heavyweight, Freestyle"
4238,37,18,"Wrestling Men's Lightweight, Greco-Roman"
4239,22,31,"Canoeing Men's Canadian Singles, 500 metres"
4240,5,6,Cross Country Skiing Men's 4 x 10 kilometres Relay
4241,37,2,Judo Men's Half-Heavyweight
4242,1,18,"Wrestling Men's Flyweight, Freestyle"
4243,13,2,Judo Women's Extra-Lightweight
4244,26,18,"Wrestling Men's Lightweight, Freestyle"
4245,41,22,Rowing Men's Coxed Fours
4246,15,7,"Athletics Men's 10,000 metres"
4247,37,1,Basketball Women's Basketball
4248,17,18,"Wrestling Men's Lightweight, Freestyle"
4249,26,18,"Wrestling Men's Heavyweight, Freestyle"
4250,3,21,Hockey Men's Hockey
4251,30,7,Athletics Women's 80 metres Hurdles
4252,20,9,Swimming Women's 200 metres Breaststroke
4253,2,9,Swimming Women's 100 metres Breaststroke
4254,2,9,Swimming Women's 200 metres Breaststroke
4255,21,9,Swimming Women's 100 metres Breaststroke
4256,2,48,Triathlon Men's Olympic Distance
4257,47,59,Motorboating Mixed A-Class (Open)
4258,12,9,Swimming Women's 400 metres Freestyle
4259,12,9,Swimming Women's 800 metres Freestyle
4260,22,9,Swimming Women's 200 metres Freestyle
4261,22,9,Swimming Women's 400 metres Freestyle
4262,10,18,"Wrestling Men's Light-Heavyweight, Greco-Roman"
4263,33,18,"Wrestling Men's Middleweight, Greco-Roman"
4264,13,7,Athletics Women's Heptathlon
4265,33,9,Swimming Men's 400 metres Freestyle
4266,33,9,Swimming Men's 200 metres Butterfly
4267,2,2,Judo Men's Half-Middleweight
4268,35,17,Weightlifting Men's Middleweight
4269,30,7,Athletics Men's Javelin Throw
4270,28,29,Cycling Men's Sprint
4271,29,11,Sailing Mixed One Person Dinghy
4272,2,24,"Fencing Women's Sabre, Individual"
4273,20,9,Swimming Women's 200 metres Freestyle
4274,2,9,Swimming Women's 100 metres Backstroke
4275,2,9,Swimming Women's 200 metres Backstroke
4276,21,9,Swimming Women's 4 x 100 metres Medley Relay
4277,22,18,"Wrestling Men's Super-Heavyweight, Freestyle"
4278,17,30,Diving Women's Springboard
4279,19,6,Cross Country Skiing Women's 15 km Skiathlon
4280,35,9,Swimming Men's 200 metres Breaststroke
4281,1,24,"Fencing Women's Foil, Individual"
4282,1,24,"Fencing Women's Foil, Team"
4283,47,37,Archery Men's Continental Style
4284,18,5,Speed Skating Women's 500 metres
4285,18,5,"Speed Skating Women's 1,000 metres"
4286,9,5,Speed Skating Women's 500 metres
4287,9,5,"Speed Skating Women's 1,000 metres"
4288,3,7,"Athletics Men's 1,500 metres"
4289,48,5,Speed Skating Men's 500 metres
4290,48,5,"Speed Skating Men's 1,500 metres"
4291,22,7,Athletics Men's 4 x 400 metres Relay
4292,37,22,Rowing Men's Coxless Pairs
4293,44,60,Military Ski Patrol Men's Military Ski Patrol
4294,21,30,Diving Men's Platform
4295,40,6,Cross Country Skiing Women's 10 kilometres
4296,42,6,Cross Country Skiing Women's 10 kilometres
4297,35,14,"Art Competitions Mixed Painting, Graphic Arts"
4298,1,7,Athletics Women's Shot Put
4299,21,18,"Wrestling Women's Flyweight, Freestyle"
4300,3,33,Modern Pentathlon Men's Individual
4301,30,14,"Art Competitions Mixed Literature, Unknown Event"
4302,4,11,Sailing Mixed 0.5-1 Ton
4303,17,14,"Art Competitions Mixed Painting, Applied Arts"
4304,50,34,Figure Skating Men's Singles
4305,35,29,"Cycling Men's Team Pursuit, 4,000 metres"
4306,4,61,"Croquet Mixed Singles, One Ball"
4307,4,61,Croquet Mixed Doubles
4308,38,7,Athletics Men's Decathlon
4309,2,2,Judo Women's Half-Heavyweight
4310,11,6,Cross Country Skiing Men's 15 kilometres
4311,11,6,Cross Country Skiing Women's 5 kilometres
4312,29,26,"Shooting Women's Air Rifle, 10 metres"
4313,12,11,Sailing Mixed Two Person Keelboat
4314,10,11,Sailing Mixed Two Person Keelboat
4315,47,9,Swimming Men's 100 metres Backstroke
4316,48,15,Alpine Skiing Women's Downhill
4317,48,15,Alpine Skiing Women's Slalom
4318,48,15,Alpine Skiing Women's Combined
4319,14,11,Sailing Mixed 6 metres
4320,15,7,Athletics Men's 10 kilometres Walk
4321,17,14,"Art Competitions Mixed Painting, Graphic Arts"
4322,13,9,Swimming Women's 100 metres Breaststroke
4323,13,9,Swimming Women's 200 metres Breaststroke
4324,12,7,Athletics Men's High Jump
4325,38,9,Swimming Men's 100 metres Freestyle
4326,38,9,Swimming Men's 4 x 100 metres Freestyle Relay
4327,1,27,Boxing Men's Flyweight
4328,17,22,Rowing Men's Coxed Fours
4329,15,26,"Shooting Men's Running Target, Single Shot, Team"
4330,15,26,"Shooting Men's Running Target, Double Shot, Team"
4331,12,7,Athletics Women's Javelin Throw
4332,17,7,Athletics Women's 4 x 100 metres Relay
4333,30,13,Gymnastics Women's Team All-Around
4334,30,18,"Wrestling Men's Light-Heavyweight, Freestyle"
4335,17,18,"Wrestling Men's Light-Heavyweight, Greco-Roman"
4336,21,17,Weightlifting Women's Light-Heavyweight
4337,22,17,Weightlifting Men's Heavyweight
4338,29,7,Athletics Men's High Jump
4339,18,19,Luge Mixed (Men)'s Doubles
4340,35,33,Modern Pentathlon Men's Individual
4341,33,7,Athletics Women's Discus Throw
4342,28,17,Weightlifting Men's Light-Heavyweight
4343,34,9,Swimming Men's 4 x 100 metres Medley Relay
4344,35,27,Boxing Men's Light-Heavyweight
4345,22,7,Athletics Men's Pole Vault
4346,43,5,Speed Skating Women's 500 metres
4347,20,9,Swimming Men's 200 metres Backstroke
4348,12,26,Shooting Women's Skeet
4349,28,7,Athletics Men's Decathlon
4350,36,7,Athletics Men's Decathlon
4351,29,18,"Wrestling Men's Featherweight, Freestyle"
4352,2,37,Archery Women's Team
4353,14,9,Swimming Men's 400 metres Freestyle
4354,13,18,"Wrestling Men's Welterweight, Freestyle"
4355,1,7,"Athletics Women's 10,000 metres"
4356,29,26,"Shooting Men's Running Target, 50 metres"
4357,13,26,"Shooting Men's Running Target, 10 metres"
4358,21,9,Swimming Women's 200 metres Backstroke
4359,1,31,"Canoeing Men's Canadian Singles, Slalom"
4360,25,34,Figure Skating Mixed Pairs
4361,33,17,Weightlifting Men's Bantamweight
4362,20,29,Cycling Men's Sprint
4363,20,29,Cycling Men's Keirin
4364,20,29,Cycling Men's Team Sprint
4365,2,29,Cycling Men's Sprint
4366,2,29,Cycling Men's Keirin
4367,21,29,Cycling Men's Keirin
4368,34,18,"Wrestling Men's Lightweight, Greco-Roman"
4369,26,18,"Wrestling Men's Welterweight, Greco-Roman"
4370,29,17,Weightlifting Men's Middle-Heavyweight
4371,33,24,"Fencing Men's Foil, Team"
4372,31,23,Bobsleigh Men's Two
4373,17,31,"Canoeing Men's Kayak Doubles, 1,000 metres"
4374,47,26,"Shooting Men's Free Pistol, 50 yards"
4375,47,26,"Shooting Men's Free Pistol, 50 yards, Team"
4376,22,7,Athletics Women's 20 kilometres Walk
4377,1,30,Diving Women's Springboard
4378,29,39,Synchronized Swimming Women's Duet
4379,22,2,Judo Men's Half-Heavyweight
4380,12,18,"Wrestling Men's Super-Heavyweight, Greco-Roman"
4381,4,24,"Fencing Men's epee, Masters and Amateurs, Individual"
4382,28,9,Swimming Men's 100 metres Butterfly
4383,18,12,Biathlon Men's 4 x 7.5 kilometres Relay
4384,2,9,"Swimming Men's 1,500 metres Freestyle"
4385,21,9,Swimming Men's 10 kilometres Open Water
4386,39,6,Cross Country Skiing Women's Sprint
4387,36,11,Sailing Mixed Two Person Dinghy
4388,16,5,Speed Skating Women's 500 metres
4389,36,7,Athletics Men's Javelin Throw
4390,28,9,Swimming Men's 200 metres Freestyle
4391,12,7,Athletics Women's 200 metres
4392,12,7,"Athletics Women's 1,500 metres"
4393,38,18,"Wrestling Men's Light-Heavyweight, Freestyle"
4394,27,18,"Wrestling Men's Light-Heavyweight, Freestyle"
4395,26,27,Boxing Men's Featherweight
4396,2,22,Rowing Women's Lightweight Double Sculls
4397,32,6,Cross Country Skiing Men's 50 kilometres
4398,13,13,Gymnastics Men's Team All-Around
4399,16,6,Cross Country Skiing Women's Team Sprint
4400,37,9,Swimming Men's 200 metres Backstroke
4401,37,9,Swimming Women's 100 metres Breaststroke
4402,37,9,Swimming Women's 400 metres Individual Medley
4403,20,27,Boxing Men's Light-Flyweight
4404,22,11,Sailing Women's Three Person Keelboat
4405,38,18,"Wrestling Men's Lightweight, Greco-Roman"
4406,34,17,Weightlifting Men's Bantamweight
4407,38,17,Weightlifting Men's Bantamweight
4408,8,27,Boxing Men's Middleweight
4409,13,7,Athletics Women's 200 metres
4410,20,18,"Wrestling Men's Lightweight, Freestyle"
4411,1,17,Weightlifting Men's Light-Heavyweight
4412,20,7,Athletics Women's 400 metres Hurdles
4413,12,39,Synchronized Swimming Women's Team
4414,10,7,Athletics Men's High Jump
4415,37,2,Judo Men's Middleweight
4416,28,9,Swimming Men's 400 metres Individual Medley
4417,33,25,"Equestrianism Mixed Jumping, Individual"
4418,33,25,"Equestrianism Mixed Jumping, Team"
4419,34,17,Weightlifting Men's Lightweight
4420,2,9,Swimming Men's 10 kilometres Open Water
4421,13,18,"Wrestling Men's Featherweight, Greco-Roman"
4422,13,18,"Wrestling Men's Featherweight, Freestyle"
4423,21,30,Diving Men's Springboard
4424,22,24,"Fencing Women's epee, Team"
4425,21,22,Rowing Men's Lightweight Double Sculls
4426,12,7,Athletics Women's Heptathlon
4427,20,31,"Canoeing Women's Kayak Singles, 500 metres"
4428,36,7,Athletics Men's Long Jump
4429,26,1,Basketball Women's Basketball
4430,13,18,"Wrestling Men's Heavyweight, Greco-Roman"
4431,50,41,Nordic Combined Men's Individual
4432,35,27,Boxing Men's Lightweight
4433,12,9,Swimming Women's 4 x 100 metres Medley Relay
4434,22,9,Swimming Women's 4 x 100 metres Medley Relay
4435,17,7,Athletics Men's 50 kilometres Walk
4436,15,27,Boxing Men's Lightweight
4437,40,5,Speed Skating Women's 500 metres
4438,42,5,"Speed Skating Women's 1,500 metres"
4439,14,7,Athletics Men's Pole Vault
4440,20,7,Athletics Men's High Jump
4441,2,7,Athletics Men's High Jump
4442,33,30,Diving Men's Springboard
4443,33,30,Diving Men's Platform
4444,37,7,"Athletics Men's 3,000 metres Steeplechase"
4445,1,18,"Wrestling Men's Light-Heavyweight, Greco-Roman"
4446,22,31,"Canoeing Men's Kayak Doubles, 500 metres"
4447,26,24,"Fencing Men's Sabre, Individual"
4448,38,9,Swimming Women's 200 metres Breaststroke
4449,38,9,Swimming Women's 4 x 100 metres Medley Relay
4450,27,9,Swimming Women's 100 metres Breaststroke
4451,27,9,Swimming Women's 200 metres Breaststroke
4452,36,9,Swimming Men's 100 metres Freestyle
4453,36,9,Swimming Women's 400 metres Freestyle
4454,36,9,Swimming Women's 800 metres Freestyle
4455,21,26,"Shooting Men's Air Rifle, 10 metres"
4456,45,18,"Wrestling Men's Featherweight, Freestyle"
4457,19,5,"Speed Skating Men's 5,000 metres"
4458,39,5,"Speed Skating Men's 5,000 metres"
4459,16,5,"Speed Skating Men's 5,000 metres"
4460,16,5,"Speed Skating Men's 10,000 metres"
4461,9,34,Figure Skating Women's Singles
4462,22,9,Swimming Women's 4 x 200 metres Freestyle Relay
4463,12,26,"Shooting Men's Air Pistol, 10 metres"
4464,12,26,"Shooting Men's Free Pistol, 50 metres"
4465,22,26,"Shooting Men's Air Pistol, 10 metres"
4466,22,26,"Shooting Men's Free Pistol, 50 metres"
4467,2,26,"Shooting Men's Air Pistol, 10 metres"
4468,43,34,Figure Skating Mixed Pairs
4469,10,7,Athletics Men's 50 kilometres Walk
4470,2,32,Tennis Women's Doubles
4471,21,32,Tennis Women's Singles
4472,21,32,Tennis Women's Doubles
4473,2,9,Swimming Women's 4 x 100 metres Medley Relay
4474,39,15,Alpine Skiing Men's Combined
4475,1,2,Judo Men's Heavyweight
4476,12,2,Judo Men's Heavyweight
4477,22,2,Judo Men's Heavyweight
4478,17,14,"Art Competitions Mixed Music, Compositions For Orchestra"
4479,12,31,"Canoeing Men's Kayak Fours, 1,000 metres"
4480,22,10,Badminton Men's Doubles
4481,20,10,Badminton Men's Doubles
4482,30,31,"Canoeing Men's Kayak Doubles, 10,000 metres"
4483,14,26,Shooting Men's Trap
4484,14,26,"Shooting Men's Trap, Team"
4485,13,2,Judo Women's Half-Heavyweight
4486,36,27,Boxing Men's Welterweight
4487,42,49,"Ski Jumping Men's Large Hill, Individual"
4488,11,23,Bobsleigh Men's Four
4489,28,22,Rowing Men's Coxless Pairs
4490,34,9,Swimming Men's 200 metres Butterfly
4491,28,11,Sailing Mixed One Person Dinghy
4492,37,26,"Shooting Mixed Running Target, 50 metres"
4493,8,17,Weightlifting Men's Featherweight
4494,10,9,Swimming Men's 100 metres Backstroke
4495,33,9,Swimming Men's 100 metres Backstroke
4496,34,7,Athletics Men's 20 kilometres Walk
4497,14,18,"Wrestling Men's Heavyweight, Greco-Roman"
4498,22,11,Sailing Mixed Multihull
4499,28,9,Swimming Men's 200 metres Butterfly
4500,30,7,"Athletics Men's 1,500 metres"
4501,47,37,Archery Men's Double York Round
4502,1,7,Athletics Men's Javelin Throw
4503,13,7,Athletics Men's Javelin Throw
4504,22,7,Athletics Men's Javelin Throw
4505,10,31,"Canoeing Men's Canadian Singles, 10,000 metres"
4506,26,31,"Canoeing Men's Canadian Singles, 500 metres"
4507,26,31,"Canoeing Men's Canadian Singles, 1,000 metres"
4508,3,7,"Athletics Men's 5,000 metres"
4509,42,6,Cross Country Skiing Men's 50 kilometres
4510,50,6,Cross Country Skiing Men's 50 kilometres
4511,45,7,"Athletics Men's 1,500 metres"
4512,47,7,Athletics Men's 400 metres Hurdles
4513,15,18,"Wrestling Men's Welterweight, Freestyle"
4514,15,18,"Wrestling Men's Lightweight, Freestyle"
4515,21,26,Shooting Women's Skeet
4516,7,44,Freestyle Skiing Men's Aerials
4517,13,18,"Wrestling Men's Light-Heavyweight, Freestyle"
4518,8,7,Athletics Men's Decathlon
4519,30,7,Athletics Men's Decathlon
4520,34,7,Athletics Women's 4 x 100 metres Relay
4521,20,2,Judo Women's Lightweight
4522,7,6,Cross Country Skiing Men's 50 kilometres
4523,34,7,Athletics Women's Long Jump
4524,27,27,Boxing Men's Flyweight
4525,26,22,Rowing Women's Coxed Quadruple Sculls
4526,28,7,Athletics Men's 50 kilometres Walk
4527,3,52,Rugby Men's Rugby
4528,9,23,Bobsleigh Women's Two
4529,5,5,"Speed Skating Women's 1,500 metres"
4530,5,5,"Speed Skating Women's 3,000 metres"
4531,40,23,Bobsleigh Men's Two
4532,22,40,Table Tennis Women's Singles
4533,46,34,Figure Skating Men's Singles
4534,46,34,Figure Skating Mixed Pairs
4535,49,34,Figure Skating Mixed Pairs
4536,36,9,Swimming Men's 200 metres Freestyle
4537,29,2,Judo Men's Heavyweight
4538,15,18,"Wrestling Men's Heavyweight, Greco-Roman"
4539,35,18,"Wrestling Men's Heavyweight, Greco-Roman"
4540,36,27,Boxing Men's Heavyweight
4541,20,18,"Wrestling Women's Middleweight, Freestyle"
4542,3,25,"Equestrianism Men's Vaulting, Individual"
4543,13,37,Archery Men's Team
4544,29,13,Gymnastics Women's Team All-Around
4545,25,5,"Speed Skating Men's 1,500 metres"
4546,25,5,"Speed Skating Men's 5,000 metres"
4547,21,10,Badminton Women's Singles
4548,7,5,"Speed Skating Women's 3,000 metres"
4549,18,5,"Speed Skating Women's 1,500 metres"
4550,18,5,"Speed Skating Women's 3,000 metres"
4551,9,5,"Speed Skating Women's 1,500 metres"
4552,27,7,Athletics Women's Shot Put
4553,33,27,Boxing Men's Lightweight
4554,22,18,"Wrestling Men's Welterweight, Freestyle"
4555,36,18,"Wrestling Men's Flyweight, Greco-Roman"
4556,11,34,Figure Skating Mixed Pairs
4557,33,22,Rowing Men's Coxless Pairs
4558,1,18,"Wrestling Men's Light-Heavyweight, Freestyle"
4559,27,17,Weightlifting Men's Bantamweight
4560,28,17,Weightlifting Men's Bantamweight
4561,17,9,Swimming Men's 4 x 200 metres Freestyle Relay
4562,12,2,Judo Men's Half-Heavyweight
4563,49,41,Nordic Combined Men's Individual
4564,37,30,Diving Men's Springboard
4565,10,7,Athletics Women's Discus Throw
4566,20,28,Taekwondo Men's Welterweight
4567,20,28,Taekwondo Women's Featherweight
4568,2,22,Rowing Men's Double Sculls
4569,26,18,"Wrestling Men's Bantamweight, Greco-Roman"
4570,22,31,"Canoeing Men's Canadian Doubles, Slalom"
4571,22,37,Archery Women's Individual
4572,41,9,Swimming Men's 4 x 250 metres Freestyle Relay
4573,19,44,Freestyle Skiing Women's Moguls
4574,39,44,Freestyle Skiing Women's Moguls
4575,16,5,Speed Skating Men's 500 metres
4576,49,34,Figure Skating Men's Singles
4577,50,34,Figure Skating Mixed Pairs
4578,2,29,Cycling Men's BMX
4579,8,7,"Athletics Men's 5,000 metres"
4580,8,7,"Athletics Men's 3,000 metres Steeplechase"
4581,34,24,"Fencing Women's Foil, Team"
4582,33,7,Athletics Men's 800 metres
4583,16,12,Biathlon Men's 15 kilometres Mass Start
4584,13,29,Cycling Women's Individual Time Trial
4585,20,29,Cycling Women's BMX
4586,12,2,Judo Women's Half-Lightweight
4587,15,9,Swimming Men's 100 metres Freestyle
4588,47,18,"Wrestling Men's Lightweight, Freestyle"
4589,2,31,"Canoeing Men's Canadian Doubles, Slalom"
4590,36,22,Rowing Men's Double Sculls
4591,37,22,Rowing Men's Double Sculls
4592,15,18,"Wrestling Men's Light-Heavyweight, Freestyle"
4593,8,14,"Art Competitions Mixed Architecture, Architectural Designs"
4594,39,12,Biathlon Women's 7.5 kilometres Sprint
4595,39,12,Biathlon Women's 10 kilometres Pursuit
4596,39,12,Biathlon Women's 12.5 kilometres Mass Start
4597,39,12,Biathlon Women's 15 kilometres
4598,39,12,Biathlon Women's 4 x 6 kilometres Relay
4599,6,12,Biathlon Men's 10 kilometres Sprint
4600,7,12,Biathlon Men's 10 kilometres Sprint
4601,20,9,Swimming Women's 4 x 200 metres Freestyle Relay
4602,33,9,Swimming Women's 100 metres Butterfly
4603,22,28,Taekwondo Women's Welterweight
4604,16,44,Freestyle Skiing Women's Slopestyle
4605,1,9,Swimming Men's 400 metres Individual Medley
4606,10,18,"Wrestling Men's Flyweight, Freestyle"
4607,37,33,Modern Pentathlon Men's Individual
4608,37,33,Modern Pentathlon Men's Team
4609,25,49,"Ski Jumping Men's Large Hill, Individual"
4610,28,2,Judo Men's Open Class
4611,16,6,Cross Country Skiing Men's Team Sprint
4612,12,9,Swimming Women's 200 metres Breaststroke
4613,12,9,Swimming Women's 100 metres Backstroke
4614,20,18,"Wrestling Women's Flyweight, Freestyle"
4615,21,32,Tennis Men's Doubles
4616,28,30,Diving Men's Springboard
4617,21,2,Judo Men's Middleweight
4618,12,17,Weightlifting Women's Super-Heavyweight
4619,1,22,Rowing Women's Double Sculls
4620,1,7,Athletics Men's 50 kilometres Walk
4621,13,7,Athletics Men's 50 kilometres Walk
4622,47,30,Diving Men's Springboard
4623,39,51,Snowboarding Men's Boardercross
4624,16,51,Snowboarding Men's Boardercross
4625,2,26,"Shooting Men's Free Pistol, 50 metres"
4626,28,2,Judo Men's Lightweight
4627,30,14,"Art Competitions Mixed Architecture, Architectural Designs"
4628,28,33,Modern Pentathlon Men's Individual
4629,28,33,Modern Pentathlon Men's Team
4630,10,7,Athletics Men's 800 metres
4631,27,17,Weightlifting Men's Middleweight
4632,20,40,Table Tennis Women's Team
4633,20,26,"Shooting Women's Small-Bore Rifle, Three Positions, 50 metres"
4634,12,31,"Canoeing Women's Kayak Doubles, 500 metres"
4635,17,7,Athletics Men's Pole Vault
4636,13,2,Judo Men's Half-Middleweight
4637,17,18,"Wrestling Men's Flyweight, Freestyle"
4638,5,49,"Ski Jumping Men's Normal Hill, Individual"
4639,5,49,"Ski Jumping Men's Large Hill, Individual"
4640,5,49,"Ski Jumping Men's Large Hill, Team"
4641,21,9,Swimming Men's 100 metres Breaststroke
4642,33,7,Athletics Women's High Jump
4643,38,7,Athletics Women's High Jump
4644,37,11,Sailing Mixed One Person Dinghy
4645,12,7,Athletics Women's Hammer Throw
4646,22,7,Athletics Women's Hammer Throw
4647,38,22,Rowing Men's Coxless Fours
4648,33,18,"Wrestling Men's Welterweight, Freestyle"
4649,15,30,Diving Men's Springboard
4650,35,30,Diving Men's Springboard
4651,24,6,Cross Country Skiing Women's 3 x 5 kilometres Relay
4652,37,37,Archery Men's Individual
4653,3,30,Diving Men's Springboard
4654,12,31,"Canoeing Men's Canadian Singles, 500 metres"
4655,12,31,"Canoeing Men's Canadian Singles, 1,000 metres"
4656,22,31,"Canoeing Men's Canadian Doubles, 500 metres"
4657,22,31,"Canoeing Men's Canadian Doubles, 1,000 metres"
4658,28,9,Swimming Men's 100 metres Breaststroke
4659,28,9,Swimming Men's 200 metres Breaststroke
4660,36,9,Swimming Men's 100 metres Breaststroke
4661,20,31,"Canoeing Men's Kayak Doubles, 500 metres"
4662,2,31,"Canoeing Men's Kayak Singles, 200 metres"
4663,22,29,"Cycling Men's Team Pursuit, 4,000 metres"
4664,30,17,Weightlifting Men's Lightweight
4665,29,26,"Shooting Women's Small-Bore Rifle, Three Positions, 50 metres"
4666,3,24,"Fencing Men's Sabre, Individual"
4667,3,24,"Fencing Men's Sabre, Team"
4668,7,53,Short Track Speed Skating Women's 500 metres
4669,7,53,"Short Track Speed Skating Women's 3,000 metres Relay"
4670,18,53,Short Track Speed Skating Women's 500 metres
4671,13,43,Rhythmic Gymnastics Women's Group
4672,17,26,"Shooting Men's Free Rifle, Three Positions, 300 metres"
4673,33,31,"Canoeing Men's Kayak Singles, 10,000 metres"
4674,14,18,"Wrestling Men's Lightweight, Greco-Roman"
4675,3,18,"Wrestling Men's Middleweight, Greco-Roman"
4676,1,27,Boxing Men's Featherweight
4677,47,22,Rowing Men's Coxless Fours
4678,47,22,Rowing Men's Coxed Eights
4679,22,9,Swimming Women's 200 metres Breaststroke
4680,20,9,Swimming Women's 100 metres Breaststroke
4681,13,27,Boxing Men's Heavyweight
4682,13,7,Athletics Women's Triple Jump
4683,28,29,"Cycling Men's Tandem Sprint, 2,000 metres"
4684,35,18,"Wrestling Men's Middleweight, Greco-Roman"
4685,1,25,"Equestrianism Mixed Dressage, Individual"
4686,1,25,"Equestrianism Mixed Dressage, Team"
4687,13,25,"Equestrianism Mixed Dressage, Individual"
4688,13,25,"Equestrianism Mixed Dressage, Team"
4689,28,17,Weightlifting Men's Heavyweight
4690,35,7,Athletics Men's 400 metres
4691,6,34,Figure Skating Mixed Pairs
4692,27,18,"Wrestling Men's Middleweight, Freestyle"
4693,38,9,Swimming Women's 100 metres Backstroke
4694,1,29,Cycling Women's Sprint
4695,13,29,Cycling Women's Sprint
4696,12,29,Cycling Women's Sprint
4697,12,29,Cycling Women's 500 metres Time Trial
4698,49,5,"Speed Skating Men's 1,500 metres"
4699,49,5,"Speed Skating Men's 5,000 metres"
4700,49,5,"Speed Skating Men's 10,000 metres"
4701,50,5,"Speed Skating Men's 10,000 metres"
4702,38,18,"Wrestling Men's Featherweight, Greco-Roman"
4703,38,9,Swimming Women's 100 metres Butterfly
4704,1,9,Swimming Men's 200 metres Butterfly
4705,13,11,Sailing Mixed Multihull
4706,12,11,Sailing Mixed Multihull
4707,33,7,"Athletics Men's 1,500 metres"
4708,17,9,Swimming Women's 100 metres Backstroke
4709,41,32,Tennis Men's Singles
4710,41,32,Tennis Men's Doubles
4711,46,41,Nordic Combined Men's Individual
4712,6,5,"Speed Skating Men's 5,000 metres"
4713,12,33,Modern Pentathlon Men's Individual
4714,20,33,Modern Pentathlon Men's Individual
4715,22,26,Shooting Women's Trap
4716,22,26,Shooting Women's Double Trap
4717,28,24,"Fencing Women's Foil, Individual"
4718,41,22,Rowing Men's 6-Man Naval Rowing Boats
4719,1,17,Weightlifting Men's Featherweight
4720,1,26,"Shooting Men's Rapid-Fire Pistol, 25 metres"
4721,28,22,Rowing Men's Single Sculls
4722,48,6,Cross Country Skiing Men's 50 kilometres
4723,48,6,Cross Country Skiing Men's 4 x 10 kilometres Relay
4724,31,6,Cross Country Skiing Men's 50 kilometres
4725,30,14,"Art Competitions Mixed Sculpturing, Unknown Event"
4726,12,27,Boxing Men's Light-Middleweight
4727,26,18,"Wrestling Men's Welterweight, Freestyle"
4728,15,14,Art Competitions Mixed Music
4729,43,5,"Speed Skating Men's 5,000 metres"
4730,19,23,Bobsleigh Women's Two
4731,8,22,Rowing Men's Coxed Fours
4732,16,19,Luge Men's Singles
4733,47,18,"Wrestling Men's Light-Heavyweight, Greco-Roman"
4734,47,18,"Wrestling Men's Heavyweight, Freestyle"
4735,36,29,"Cycling Men's Team Pursuit, 4,000 metres"
4736,21,27,Boxing Women's Middleweight
4737,1,22,Rowing Men's Coxed Fours
4738,2,9,Swimming Women's 400 metres Individual Medley
4739,17,14,"Art Competitions Mixed Sculpturing, Statues"
4740,22,37,Archery Women's Team
4741,34,31,"Canoeing Women's Kayak Singles, 500 metres"
4742,34,31,"Canoeing Women's Kayak Doubles, 500 metres"
4743,4,7,Athletics Men's 800 metres
4744,1,26,"Shooting Women's Air Pistol, 10 metres"
4745,1,26,"Shooting Women's Sporting Pistol, 25 metres"
4746,26,17,Weightlifting Men's Flyweight
4747,29,7,Athletics Women's 100 metres Hurdles
4748,22,40,Table Tennis Women's Doubles
4749,28,38,Volleyball Women's Volleyball
4750,28,31,"Canoeing Men's Kayak Singles, Slalom"
4751,36,29,"Cycling Men's 1,000 metres Time Trial"
4752,29,29,"Cycling Women's Road Race, Individual"
4753,29,31,"Canoeing Men's Kayak Singles, 1,000 metres"
4754,33,11,Sailing Mixed Two Person Keelboat
4755,17,14,"Art Competitions Mixed Painting, Paintings"
4756,18,44,Freestyle Skiing Men's Moguls
4757,9,44,Freestyle Skiing Men's Moguls
4758,30,22,Rowing Men's Single Sculls
4759,13,24,"Fencing Men's Sabre, Individual"
4760,13,24,"Fencing Men's Sabre, Team"
4761,22,31,"Canoeing Men's Kayak Doubles, 1,000 metres"
4762,12,9,Swimming Women's 200 metres Freestyle
4763,15,30,Diving Women's Springboard
4764,33,7,Athletics Men's Shot Put
4765,20,24,"Fencing Women's Sabre, Individual"
4766,20,24,"Fencing Women's Sabre, Team"
4767,25,34,Figure Skating Women's Singles
4768,33,29,"Cycling Men's Team Pursuit, 4,000 metres"
4769,2,22,Rowing Women's Quadruple Sculls
4770,33,17,Weightlifting Men's Middle-Heavyweight
4771,34,17,Weightlifting Men's Middle-Heavyweight
4772,12,32,Tennis Women's Doubles
4773,34,7,"Athletics Men's 1,500 metres"
4774,28,30,Diving Women's Springboard
4775,28,30,Diving Women's Platform
4776,36,30,Diving Women's Springboard
4777,36,30,Diving Women's Platform
4778,29,17,Weightlifting Men's Heavyweight II
4779,1,18,"Wrestling Men's Lightweight, Greco-Roman"
4780,13,9,Swimming Women's 4 x 100 metres Freestyle Relay
4781,20,9,Swimming Women's 200 metres Individual Medley
4782,8,9,Swimming Men's 4 x 200 metres Freestyle Relay
4783,33,18,"Wrestling Men's Flyweight, Greco-Roman"
4784,27,29,"Cycling Men's Tandem Sprint, 2,000 metres"
4785,4,26,"Shooting Men's Free Rifle, Three Positions, 300 metres"
4786,4,26,"Shooting Men's Free Rifle, Three Positions, 300 metres, Team"
4787,4,26,"Shooting Men's Free Rifle, Kneeling, 300 metres"
4788,4,26,"Shooting Men's Free Rifle, Prone, 300 metres"
4789,4,26,"Shooting Men's Free Rifle, Standing, 300 metres"
4790,40,19,Luge Women's Singles
4791,12,31,"Canoeing Men's Canadian Doubles, 500 metres"
4792,12,31,"Canoeing Men's Canadian Doubles, 1,000 metres"
4793,20,31,"Canoeing Men's Canadian Singles, 500 metres"
4794,35,7,Athletics Men's 800 metres
4795,29,2,Judo Men's Half-Heavyweight
4796,36,18,"Wrestling Men's Welterweight, Greco-Roman"
4797,37,18,"Wrestling Men's Welterweight, Greco-Roman"
4798,2,25,"Equestrianism Mixed Dressage, Team"
4799,3,27,Boxing Men's Heavyweight
4800,15,7,Athletics Men's High Jump
4801,12,11,Sailing Men's Windsurfer
4802,10,9,Swimming Men's 200 metres Breaststroke
4803,3,22,Rowing Men's Coxed Eights
4804,8,7,Athletics Men's Long Jump
4805,11,34,Figure Skating Mixed Ice Dancing
4806,25,34,Figure Skating Mixed Ice Dancing
4807,34,9,Swimming Women's 100 metres Backstroke
4808,3,22,Rowing Men's Coxed Pairs
4809,46,34,Figure Skating Women's Singles
4810,35,18,"Wrestling Men's Lightweight, Greco-Roman"
4811,26,13,Gymnastics Men's Team All-Around
4812,47,26,"Shooting Men's Running Target, Single Shot"
4813,20,13,Gymnastics Women's Horse Vault
4814,34,25,"Equestrianism Mixed Jumping, Individual"
4815,38,38,Volleyball Men's Volleyball
4816,1,18,"Wrestling Men's Super-Heavyweight, Freestyle"
4817,48,34,Figure Skating Mixed Pairs
4818,12,48,Triathlon Men's Olympic Distance
4819,9,50,Curling Men's Curling
4820,36,29,Cycling Men's Sprint
4821,21,9,Swimming Women's 400 metres Individual Medley
4822,12,31,"Canoeing Women's Kayak Singles, Slalom"
4823,26,7,Athletics Men's Pole Vault
4824,32,41,Nordic Combined Men's Individual
4825,24,41,Nordic Combined Men's Individual
4826,30,17,Weightlifting Men's Featherweight
4827,7,53,"Short Track Speed Skating Women's 1,000 metres"
4828,45,7,Athletics Men's High Jump
4829,15,9,Swimming Women's 100 metres Freestyle
4830,15,9,Swimming Women's 4 x 100 metres Freestyle Relay
4831,47,7,"Athletics Men's 3,200 metres Steeplechase"
4832,12,17,Weightlifting Women's Lightweight
4833,23,34,Figure Skating Women's Singles
4834,26,7,Athletics Women's 400 metres Hurdles
4835,37,7,Athletics Women's Pentathlon
4836,38,18,"Wrestling Men's Welterweight, Greco-Roman"
4837,28,18,"Wrestling Men's Middleweight, Greco-Roman"
4838,22,24,"Fencing Women's epee, Individual"
4839,8,27,Boxing Men's Heavyweight
4840,30,7,Athletics Men's Shot Put
4841,12,7,"Athletics Men's 3,000 metres Steeplechase"
4842,39,44,Freestyle Skiing Men's Moguls
4843,16,44,Freestyle Skiing Men's Moguls
4844,6,34,Figure Skating Men's Singles
4845,14,14,Art Competitions Mixed Music
4846,27,7,Athletics Women's High Jump
4847,30,27,Boxing Men's Bantamweight
4848,20,18,"Wrestling Men's Welterweight, Freestyle"
4849,1,22,Rowing Women's Coxless Fours
4850,1,22,Rowing Women's Coxed Eights
4851,16,12,Biathlon Women's 15 kilometres
4852,35,7,Athletics Men's Pole Vault
4853,15,26,"Shooting Men's Trap, Team"
4854,47,52,Rugby Men's Rugby
4855,1,17,Weightlifting Men's Heavyweight I
4856,13,17,Weightlifting Men's Heavyweight II
4857,22,9,Swimming Men's 4 x 100 metres Freestyle Relay
4858,16,44,Freestyle Skiing Women's Ski Cross
4859,15,9,Swimming Women's 200 metres Breaststroke
4860,35,30,Diving Women's Platform
4861,35,9,Swimming Women's 200 metres Breaststroke
4862,49,23,Bobsleigh Men's Four
4863,33,7,Athletics Men's High Jump
4864,14,9,Swimming Men's 100 metres Backstroke
4865,2,22,Rowing Men's Lightweight Coxless Fours
4866,47,7,Athletics Men's 100 metres
4867,47,7,Athletics Men's 200 metres
4868,38,2,Judo Men's Middleweight
4869,29,9,Swimming Women's 200 metres Backstroke
4870,39,44,Freestyle Skiing Men's Ski Cross
4871,28,22,Rowing Men's Double Sculls
4872,13,9,Swimming Women's 800 metres Freestyle
4873,22,31,"Canoeing Women's Kayak Doubles, 500 metres"
4874,20,31,"Canoeing Women's Kayak Doubles, 500 metres"
4875,1,7,Athletics Women's Discus Throw
4876,2,11,Sailing Men's Two Person Dinghy
4877,22,11,Sailing Women's Windsurfer
4878,30,22,Rowing Men's Coxless Fours
4879,18,51,Snowboarding Women's Halfpipe
4880,12,7,Athletics Men's 50 kilometres Walk
4881,15,56,Polo Men's Polo
4882,47,7,Athletics Men's Shot Put
4883,39,34,Figure Skating Mixed Pairs
4884,47,18,"Wrestling Men's Heavyweight, Greco-Roman"
4885,47,7,"Athletics Men's Javelin Throw, Freestyle"
4886,38,11,Sailing Mixed One Person Dinghy
4887,47,32,"Tennis Men's Doubles, Covered Courts"
4888,14,32,"Tennis Men's Singles, Covered Courts"
4889,14,32,"Tennis Men's Doubles, Covered Courts"
4890,36,17,Weightlifting Men's Heavyweight
4891,26,27,Boxing Men's Super-Heavyweight
4892,42,5,"Speed Skating Men's 1,500 metres"
4893,42,5,"Speed Skating Men's 5,000 metres"
4894,33,9,Swimming Women's 100 metres Freestyle
4895,34,9,Swimming Women's 100 metres Freestyle
4896,34,9,Swimming Women's 400 metres Freestyle
4897,34,9,Swimming Women's 4 x 100 metres Freestyle Relay
4898,13,33,Modern Pentathlon Men's Individual
4899,2,30,Diving Women's Synchronized Platform
4900,21,11,Sailing Men's Skiff
4901,3,25,"Equestrianism Men's Three-Day Event, Team"
4902,43,34,Figure Skating Mixed Ice Dancing
4903,13,17,Weightlifting Men's Middleweight
4904,22,30,Diving Women's Springboard
4905,29,7,Athletics Women's Long Jump
4906,20,26,Shooting Women's Skeet
4907,39,50,Curling Women's Curling
4908,26,25,"Equestrianism Mixed Dressage, Individual"
4909,26,25,"Equestrianism Mixed Dressage, Team"
4910,1,31,"Canoeing Men's Kayak Doubles, 1,000 metres"
4911,15,9,Swimming Men's 100 metres Backstroke
4912,23,6,Cross Country Skiing Women's 10 kilometres
4913,16,34,Figure Skating Mixed Pairs
4914,34,7,Athletics Men's Marathon
4915,27,17,Weightlifting Men's Middle-Heavyweight
4916,26,7,Athletics Women's Long Jump
4917,3,7,Athletics Men's Discus Throw
4918,35,7,Athletics Men's Javelin Throw
4919,8,7,Athletics Men's Javelin Throw
4920,45,3,Football Men's Football
4921,35,22,Rowing Men's Coxed Fours
4922,38,29,Cycling Men's Sprint
4923,38,29,"Cycling Men's Tandem Sprint, 2,000 metres"
4924,33,30,Diving Women's Springboard
4925,33,30,Diving Women's Platform
4926,37,7,Athletics Women's Discus Throw
4927,34,7,Athletics Women's 200 metres
4928,15,26,Shooting Men's Trap
4929,40,34,Figure Skating Mixed Pairs
4930,17,33,Modern Pentathlon Men's Individual
4931,1,31,"Canoeing Men's Canadian Singles, 1,000 metres"
4932,8,7,"Athletics Men's 1,500 metres"
4933,2,28,Taekwondo Women's Heavyweight
4934,21,28,Taekwondo Women's Welterweight
4935,12,18,"Wrestling Men's Lightweight, Freestyle"
4936,43,6,Cross Country Skiing Men's 15 kilometres
4937,43,6,Cross Country Skiing Men's 30 kilometres
4938,43,6,Cross Country Skiing Men's 4 x 10 kilometres Relay
4939,22,9,Swimming Women's 100 metres Freestyle
4940,28,30,Diving Men's Platform
4941,36,9,"Swimming Men's 1,500 metres Freestyle"
4942,13,18,"Wrestling Men's Light-Heavyweight, Greco-Roman"
4943,12,18,"Wrestling Men's Heavyweight, Greco-Roman"
4944,22,22,Rowing Women's Double Sculls
4945,20,2,Judo Women's Extra-Lightweight
4946,33,27,Boxing Men's Flyweight
4947,48,54,Skeleton Men's Skeleton
4948,15,27,Boxing Men's Welterweight
4949,47,26,"Shooting Men's Running Target, Double Shot"
4950,33,17,Weightlifting Men's Featherweight
4951,20,28,Taekwondo Men's Heavyweight
4952,27,7,Athletics Women's 400 metres
4953,22,24,"Fencing Men's Sabre, Team"
4954,8,13,Gymnastics Men's Rope Climbing
4955,20,11,Sailing Women's Two Person Dinghy
4956,29,32,Tennis Women's Singles
4957,29,32,Tennis Women's Doubles
4958,26,17,Weightlifting Men's Super-Heavyweight
4959,20,9,Swimming Men's 400 metres Freestyle
4960,20,9,Swimming Men's 4 x 200 metres Freestyle Relay
4961,4,29,Cycling Men's 25 kilometres
4962,39,53,"Short Track Speed Skating Men's 1,500 metres"
4963,39,53,"Short Track Speed Skating Men's 5,000 metres Relay"
4964,1,32,Tennis Women's Doubles
4965,10,18,"Wrestling Men's Bantamweight, Freestyle"
4966,7,53,Short Track Speed Skating Men's 500 metres
4967,7,53,"Short Track Speed Skating Men's 1,000 metres"
4968,22,29,"Cycling Women's Individual Pursuit, 3,000 metres"
4969,22,29,Cycling Women's Points Race
4970,20,29,Cycling Women's Points Race
4971,13,25,"Equestrianism Mixed Three-Day Event, Individual"
4972,20,2,Judo Men's Heavyweight
4973,21,18,"Wrestling Men's Welterweight, Freestyle"
4974,12,2,Judo Men's Middleweight
4975,20,30,Diving Women's Synchronized Springboard
4976,2,30,Diving Women's Platform
4977,13,2,Judo Women's Lightweight
4978,39,6,Cross Country Skiing Men's Team Sprint
4979,51,29,Cycling Men's 333 metres Time Trial
4980,51,29,Cycling Men's 100 kilometres
4981,6,44,Freestyle Skiing Women's Moguls
4982,7,44,Freestyle Skiing Women's Moguls
4983,18,44,Freestyle Skiing Women's Moguls
4984,13,22,Rowing Women's Single Sculls
4985,12,22,Rowing Women's Quadruple Sculls
4986,17,7,Athletics Women's 100 metres
4987,14,9,Swimming Men's 4 x 200 metres Freestyle Relay
4988,33,7,Athletics Men's Triple Jump
4989,21,29,"Cycling Women's Mountainbike, Cross-Country"
4990,22,17,Weightlifting Women's Middleweight
4991,7,19,Luge Men's Singles
4992,29,24,"Fencing Women's Foil, Individual"
4993,29,24,"Fencing Women's Foil, Team"
4994,13,24,"Fencing Women's Foil, Team"
4995,12,24,"Fencing Women's Foil, Team"
4996,38,18,"Wrestling Men's Middleweight, Freestyle"
4997,37,27,Boxing Men's Light-Heavyweight
4998,3,22,Rowing Men's Coxed Fours
4999,26,27,Boxing Men's Middleweight
5000,39,41,"Nordic Combined Men's Normal Hill / 10 km, Individual"
5001,39,41,"Nordic Combined Men's Large Hill / 10 km, Individual"
5002,39,41,Nordic Combined Men's Team
5003,16,41,"Nordic Combined Men's Normal Hill / 10 km, Individual"
5004,16,41,"Nordic Combined Men's Large Hill / 10 km, Individual"
5005,16,41,Nordic Combined Men's Team
5006,12,24,"Fencing Men's Sabre, Individual"
5007,12,24,"Fencing Men's Sabre, Team"
5008,10,17,Weightlifting Men's Middleweight
5009,45,18,"Wrestling Men's Flyweight, Freestyle"
5010,30,14,"Art Competitions Mixed Architecture, Designs For Town Planning"
5011,26,26,"Shooting Women's Small-Bore Rifle, Three Positions, 50 metres"
5012,39,12,Biathlon Men's 15 kilometres Mass Start
5013,8,14,Art Competitions Mixed Literature
5014,4,7,Athletics Men's Discus Throw
5015,22,24,"Fencing Women's Foil, Individual"
5016,15,9,Swimming Women's 100 metres Backstroke
5017,34,30,Diving Men's Platform
5018,9,44,Freestyle Skiing Women's Aerials
5019,19,44,Freestyle Skiing Women's Aerials
5020,9,6,Cross Country Skiing Women's 30 kilometres
5021,2,29,Cycling Men's Team Sprint
5022,21,29,Cycling Men's Sprint
5023,21,29,Cycling Men's Team Sprint
5024,33,17,Weightlifting Men's Middleweight
5025,36,29,"Cycling Men's Individual Pursuit, 4,000 metres"
5026,30,7,Athletics Women's Javelin Throw
5027,10,7,Athletics Women's Javelin Throw
5028,15,18,"Wrestling Men's Light-Heavyweight, Greco-Roman"
5029,51,26,"Shooting Men's Military Rifle, 200 metres"
5030,26,9,Swimming Men's 400 metres Individual Medley
5031,30,29,"Cycling Men's 1,000 metres Time Trial"
5032,24,6,Cross Country Skiing Men's 50 kilometres
5033,35,9,Swimming Women's 400 metres Freestyle
5034,35,9,Swimming Women's 4 x 100 metres Freestyle Relay
5035,26,9,Swimming Women's 400 metres Freestyle
5036,26,9,Swimming Women's 800 metres Freestyle
5037,18,5,"Speed Skating Men's 5,000 metres"
5038,18,5,"Speed Skating Men's 10,000 metres"
5039,13,18,"Wrestling Men's Super-Heavyweight, Freestyle"
5040,30,7,Athletics Men's Long Jump
5041,23,34,Figure Skating Mixed Pairs
5042,41,13,Gymnastics Men's Individual All-Around
5043,1,32,Tennis Men's Doubles
5044,19,53,Short Track Speed Skating Women's 500 metres
5045,19,53,"Short Track Speed Skating Women's 1,500 metres"
5046,19,53,"Short Track Speed Skating Women's 3,000 metres Relay"
5047,39,53,"Short Track Speed Skating Women's 1,000 metres"
5048,39,53,"Short Track Speed Skating Women's 1,500 metres"
5049,39,53,"Short Track Speed Skating Women's 3,000 metres Relay"
5050,12,28,Taekwondo Women's Heavyweight
5051,22,28,Taekwondo Women's Heavyweight
5052,4,7,Athletics Men's Standing High Jump
5053,4,7,Athletics Men's Standing Long Jump
5054,4,7,Athletics Men's Standing Triple Jump
5055,41,22,Rowing Men's Coxed Pairs (1 kilometres)
5056,2,18,"Wrestling Men's Featherweight, Freestyle"
5057,30,11,Sailing Mixed Two Person Keelboat
5058,35,22,Rowing Men's Coxless Fours
5059,26,9,Swimming Women's 400 metres Individual Medley
5060,35,7,Athletics Men's Hammer Throw
5061,30,18,"Wrestling Men's Bantamweight, Greco-Roman"
5062,3,26,"Shooting Men's Military Pistol, 30 metres"
5063,22,29,Cycling Men's Sprint
5064,22,29,Cycling Men's Keirin
5065,22,29,Cycling Men's Team Sprint
5066,18,50,Curling Women's Curling
5067,21,29,Cycling Women's Keirin
5068,33,18,"Wrestling Men's Welterweight, Greco-Roman"
5069,21,18,"Wrestling Men's Featherweight, Greco-Roman"
5070,12,18,"Wrestling Men's Heavyweight, Freestyle"
5071,30,18,"Wrestling Men's Welterweight, Greco-Roman"
5072,13,29,Cycling Men's Sprint
5073,2,18,"Wrestling Men's Welterweight, Freestyle"
5074,12,17,Weightlifting Men's Featherweight
5075,22,17,Weightlifting Men's Featherweight
5076,43,5,Speed Skating Men's 500 metres
5077,6,5,"Speed Skating Women's 1,500 metres"
5078,6,5,"Speed Skating Women's 3,000 metres"
5079,6,5,"Speed Skating Women's 5,000 metres"
5080,7,5,"Speed Skating Women's 5,000 metres"
5081,30,22,Rowing Men's Double Sculls
5082,17,29,Cycling Men's Sprint
5083,13,31,"Canoeing Men's Canadian Doubles, 1,000 metres"
5084,45,20,Water Polo Men's Water Polo
5085,34,31,"Canoeing Men's Kayak Singles, 1,000 metres"
5086,26,22,Rowing Men's Quadruple Sculls
5087,3,32,Tennis Mixed Doubles
5088,1,29,"Cycling Women's Individual Pursuit, 3,000 metres"
5089,39,53,Short Track Speed Skating Men's 500 metres
5090,39,53,"Short Track Speed Skating Men's 1,000 metres"
5091,8,7,Athletics Men's 110 metres Hurdles
5092,13,11,Sailing Mixed Two Person Keelboat
5093,13,22,Rowing Men's Single Sculls
5094,36,9,Swimming Women's 100 metres Backstroke
5095,36,9,Swimming Women's 200 metres Backstroke
5096,37,9,Swimming Women's 100 metres Backstroke
5097,47,26,Shooting Men's Trap
5098,47,26,"Shooting Men's Trap, Team"
5099,26,22,Rowing Men's Coxless Fours
5100,2,17,Weightlifting Women's Light-Heavyweight
5101,20,31,"Canoeing Women's Kayak Fours, 500 metres"
5102,4,37,"Archery Men's Au Cordon Dore, 50 metres"
5103,35,29,Cycling Men's Sprint
5104,29,7,Athletics Women's Heptathlon
5105,33,26,"Shooting Men's Rapid-Fire Pistol, 25 metres"
5106,3,34,Figure Skating Men's Singles
5107,3,34,Figure Skating Mixed Pairs
5108,21,31,"Canoeing Men's Kayak Singles, 200 metres"
5109,21,31,"Canoeing Men's Kayak Doubles, 200 metres"
5110,26,38,Volleyball Women's Volleyball
5111,3,9,Swimming Women's 100 metres Freestyle
5112,3,9,Swimming Women's 300 metres Freestyle
5113,21,9,Swimming Men's 200 metres Backstroke
5114,35,7,"Athletics Men's 10,000 metres"
5115,12,25,"Equestrianism Mixed Three-Day Event, Team"
5116,1,9,Swimming Women's 200 metres Breaststroke
5117,1,9,Swimming Women's 200 metres Individual Medley
5118,37,18,"Wrestling Men's Super-Heavyweight, Greco-Roman"
5119,29,18,"Wrestling Men's Super-Heavyweight, Greco-Roman"
5120,26,7,Athletics Women's Discus Throw
5121,26,7,Athletics Men's Discus Throw
5122,26,7,Athletics Men's Hammer Throw
5123,26,17,Weightlifting Men's Light-Heavyweight
5124,45,18,"Wrestling Men's Welterweight, Freestyle"
5125,47,7,Athletics Men's Javelin Throw
5126,20,25,"Equestrianism Mixed Dressage, Team"
5127,5,19,Luge Men's Singles
5128,10,22,Rowing Men's Double Sculls
5129,28,7,Athletics Women's Javelin Throw
5130,36,7,Athletics Women's Javelin Throw
5131,16,5,"Speed Skating Women's 3,000 metres"
5132,16,5,"Speed Skating Women's 5,000 metres"
5133,17,7,Athletics Women's 80 metres Hurdles
5134,17,7,Athletics Women's High Jump
5135,17,7,Athletics Women's Long Jump
5136,1,9,Swimming Women's 100 metres Breaststroke
5137,30,17,Weightlifting Men's Heavyweight
5138,39,5,"Speed Skating Men's 10,000 metres"
5139,37,22,Rowing Women's Coxless Pairs
5140,15,27,Boxing Men's Middleweight
5141,34,31,"Canoeing Men's Canadian Doubles, 1,000 metres"
5142,17,30,Diving Women's Platform
5143,27,7,Athletics Men's Shot Put
5144,21,29,"Cycling Men's Team Pursuit, 4,000 metres"
5145,50,23,Bobsleigh Men's Two
5146,20,17,Weightlifting Women's Lightweight
5147,2,17,Weightlifting Women's Lightweight
5148,19,44,Freestyle Skiing Men's Moguls
5149,34,29,"Cycling Men's Tandem Sprint, 2,000 metres"
5150,21,32,Tennis Mixed Doubles
5151,12,47,Beach Volleyball Women's Beach Volleyball
5152,42,15,Alpine Skiing Women's Downhill
5153,42,15,Alpine Skiing Women's Giant Slalom
5154,42,15,Alpine Skiing Women's Slalom
5155,29,22,Rowing Women's Single Sculls
5156,36,22,Rowing Women's Coxed Fours
5157,41,18,"Wrestling Men's Middleweight, Greco-Roman"
5158,21,28,Taekwondo Men's Welterweight
5159,15,22,Rowing Men's Coxless Pairs
5160,50,15,Alpine Skiing Women's Combined
5161,12,27,Boxing Men's Lightweight
5162,13,24,"Fencing Men's epee, Individual"
5163,13,24,"Fencing Men's epee, Team"
5164,12,22,Rowing Men's Double Sculls
5165,26,17,Weightlifting Men's Featherweight
5166,21,13,Gymnastics Women's Horse Vault
5167,3,27,Boxing Men's Lightweight
5168,15,27,Boxing Men's Light-Heavyweight
5169,21,33,Modern Pentathlon Men's Individual
5170,5,5,"Speed Skating Women's 5,000 metres"
5171,18,5,"Speed Skating Women's 5,000 metres"
5172,43,19,Luge Women's Singles
5173,22,18,"Wrestling Women's Flyweight, Freestyle"
5174,21,24,"Fencing Women's epee, Individual"
5175,21,24,"Fencing Women's epee, Team"
5176,9,50,Curling Women's Curling
5177,45,32,Tennis Men's Singles
5178,45,32,Tennis Men's Doubles
5179,33,7,Athletics Men's Long Jump
5180,18,51,Snowboarding Women's Giant Slalom
5181,12,31,"Canoeing Men's Canadian Singles, Slalom"
5182,22,31,"Canoeing Men's Canadian Singles, Slalom"
5183,20,31,"Canoeing Men's Canadian Singles, Slalom"
5184,20,29,Cycling Men's Madison
5185,6,53,"Short Track Speed Skating Men's 1,000 metres"
5186,47,7,Athletics Men's 5 mile
5187,8,14,"Art Competitions Mixed Sculpturing, Statues"
5188,20,31,"Canoeing Men's Canadian Doubles, Slalom"
5189,1,2,Judo Women's Middleweight
5190,4,24,"Fencing Men's Foil, Individual"
5191,37,7,Athletics Men's Pole Vault
5192,2,32,Tennis Men's Doubles
5193,38,9,Swimming Women's 400 metres Freestyle
5194,38,9,Swimming Women's 400 metres Individual Medley
5195,3,17,Weightlifting Men's Middleweight
5196,37,18,"Wrestling Men's Bantamweight, Freestyle"
5197,51,7,Athletics Men's Marathon
5198,14,11,Sailing Mixed 10 metres
5199,10,18,"Wrestling Men's Middleweight, Greco-Roman"
5200,12,29,"Cycling Women's Road Race, Individual"
5201,22,22,Rowing Women's Single Sculls
5202,38,31,"Canoeing Men's Kayak Doubles, 1,000 metres"
5203,12,2,Judo Women's Heavyweight
5204,26,27,Boxing Men's Lightweight
5205,7,34,Figure Skating Mixed Pairs
5206,16,53,"Short Track Speed Skating Women's 1,000 metres"
5207,16,53,"Short Track Speed Skating Women's 1,500 metres"
5208,16,53,"Short Track Speed Skating Women's 3,000 metres Relay"
5209,43,6,Cross Country Skiing Men's 50 kilometres
5210,15,22,Rowing Men's Single Sculls
5211,2,31,"Canoeing Men's Kayak Singles, 1,000 metres"
5212,2,31,"Canoeing Men's Canadian Singles, 200 metres"
5213,21,31,"Canoeing Men's Canadian Singles, 200 metres"
5214,37,11,Sailing Mixed Two Person Keelboat
5215,13,9,Swimming Men's 50 metres Freestyle
5216,13,2,Judo Men's Half-Heavyweight
5217,10,27,Boxing Men's Heavyweight
5218,27,17,Weightlifting Men's Featherweight
5219,2,30,Diving Men's Springboard
5220,2,33,Modern Pentathlon Men's Individual
5221,3,26,"Shooting Men's Running Target, Double Shot, Team"
5222,20,30,Diving Women's Synchronized Platform
5223,21,30,Diving Women's Synchronized Platform
5224,25,5,"Speed Skating Men's 10,000 metres"
5225,3,11,Sailing Mixed 30 metres
5226,37,11,Sailing Mixed Two Person Dinghy
5227,13,10,Badminton Women's Doubles
5228,10,7,Athletics Men's Javelin Throw
5229,6,5,"Speed Skating Men's 10,000 metres"
5230,2,18,"Wrestling Women's Flyweight, Freestyle"
5231,12,28,Taekwondo Women's Welterweight
5232,33,26,"Shooting Men's Free Pistol, 50 metres"
5233,3,7,Athletics Men's Hammer Throw
5234,38,9,Swimming Men's 200 metres Backstroke
5235,38,9,Swimming Men's 4 x 100 metres Medley Relay
5236,17,7,Athletics Men's Hammer Throw
5237,4,7,"Athletics Men's 1,500 metres"
5238,4,7,"Athletics Men's 4,000 metres Steeplechase"
5239,4,7,"Athletics Men's 5,000 metres, Team"
5240,17,31,"Canoeing Men's Canadian Doubles, 1,000 metres"
5241,49,34,Figure Skating Women's Singles
5242,28,29,"Cycling Men's 1,000 metres Time Trial"
5243,26,7,"Athletics Women's 1,500 metres"
5244,5,34,Figure Skating Mixed Pairs
5245,30,22,Rowing Men's Coxless Pairs
5246,28,18,"Wrestling Men's Welterweight, Greco-Roman"
5247,19,19,Luge Men's Singles
5248,39,19,Luge Men's Singles
5249,26,9,Swimming Women's 200 metres Freestyle
5250,26,9,Swimming Women's 200 metres Individual Medley
5251,26,29,"Cycling Men's Individual Pursuit, 4,000 metres"
5252,20,24,"Fencing Women's epee, Individual"
5253,2,24,"Fencing Women's Foil, Individual"
5254,2,24,"Fencing Women's Foil, Team"
5255,21,31,"Canoeing Men's Canadian Singles, Slalom"
5256,11,23,Bobsleigh Men's Two
5257,3,18,"Wrestling Men's Featherweight, Greco-Roman"
5258,4,29,Cycling Men's Points Race
5259,33,11,Sailing Mixed Two Person Heavyweight Dinghy
5260,21,11,Sailing Men's One Person Heavyweight Dinghy
5261,27,7,Athletics Women's Discus Throw
5262,28,7,Athletics Women's Discus Throw
5263,31,34,Figure Skating Mixed Pairs
5264,22,10,Badminton Mixed Doubles
5265,3,22,Rowing Men's Single Sculls
5266,4,56,Polo Men's Polo
5267,22,9,Swimming Women's 800 metres Freestyle
5268,11,5,"Speed Skating Men's 5,000 metres"
5269,11,5,"Speed Skating Men's 10,000 metres"
5270,12,11,Sailing Men's Two Person Dinghy
5271,22,22,Rowing Women's Quadruple Sculls
5272,3,9,Swimming Women's 4 x 100 metres Freestyle Relay
5273,8,29,"Cycling Men's Road Race, Team"
5274,23,49,"Ski Jumping Men's Normal Hill, Individual"
5275,30,27,Boxing Men's Flyweight
5276,15,17,Weightlifting Men's Light-Heavyweight
5277,6,15,Alpine Skiing Women's Super G
5278,6,15,Alpine Skiing Women's Combined
5279,22,29,"Cycling Men's 1,000 metres Time Trial"
5280,44,34,Figure Skating Mixed Pairs
5281,8,7,Athletics Men's 200 metres
5282,37,9,Swimming Women's 100 metres Freestyle
5283,8,27,Boxing Men's Light-Heavyweight
5284,2,13,Gymnastics Women's Horse Vault
5285,45,27,Boxing Men's Heavyweight
5286,16,12,Biathlon Women's 7.5 kilometres Sprint
5287,16,12,Biathlon Women's 10 kilometres Pursuit
5288,16,12,Biathlon Women's 12.5 kilometres Mass Start
5289,16,12,Biathlon Women's 4 x 6 kilometres Relay
5290,13,27,Boxing Men's Super-Heavyweight
5291,10,26,"Shooting Men's Running Target, Single And Double Shot"
5292,34,7,Athletics Women's Discus Throw
5293,20,9,Swimming Women's 10 kilometres Open Water
5294,29,17,Weightlifting Men's Super-Heavyweight
5295,31,49,"Ski Jumping Men's Normal Hill, Individual"
5296,18,15,Alpine Skiing Women's Combined
5297,16,51,Snowboarding Men's Slopestyle
5298,15,27,Boxing Men's Flyweight
5299,7,34,Figure Skating Mixed Ice Dancing
5300,2,31,"Canoeing Men's Canadian Singles, 1,000 metres"
5301,33,22,Rowing Men's Double Sculls
5302,26,2,Judo Men's Middleweight
5303,10,18,"Wrestling Men's Welterweight, Freestyle"
5304,15,29,Cycling Men's Sprint
5305,29,22,Rowing Men's Double Sculls
5306,1,2,Judo Women's Half-Lightweight
5307,14,7,"Athletics Men's 5,000 metres"
5308,41,22,Rowing Men's Coxed Pairs (1 mile)
5309,10,18,"Wrestling Men's Featherweight, Freestyle"
5310,33,7,Athletics Men's 110 metres Hurdles
5311,35,9,Swimming Women's 100 metres Backstroke
5312,13,26,Shooting Women's Double Trap
5313,12,9,Swimming Men's 200 metres Breaststroke
5314,20,22,Rowing Men's Single Sculls
5315,35,22,Rowing Men's Single Sculls
5316,42,34,Figure Skating Mixed Pairs
5317,46,54,Skeleton Men's Skeleton
5318,35,29,"Cycling Men's Tandem Sprint, 2,000 metres"
5319,26,30,Diving Women's Springboard
5320,39,54,Skeleton Men's Skeleton
5321,21,11,Sailing Men's Windsurfer
5322,3,24,"Fencing Men's Foil, Individual"
5323,39,44,Freestyle Skiing Women's Ski Cross
5324,13,47,Beach Volleyball Women's Beach Volleyball
5325,19,34,Figure Skating Men's Singles
5326,28,24,"Fencing Men's Foil, Team"
5327,22,22,Rowing Men's Quadruple Sculls
5328,8,14,Art Competitions Mixed Unknown Event
5329,21,7,Athletics Women's Hammer Throw
5330,35,18,"Wrestling Men's Lightweight, Freestyle"
5331,15,27,Boxing Men's Heavyweight
5332,21,29,Cycling Women's Omnium
5333,47,24,"Fencing Men's Sabre, Team"
5334,38,7,Athletics Men's 800 metres
5335,34,7,Athletics Women's 80 metres Hurdles
5336,16,44,Freestyle Skiing Men's Halfpipe
5337,2,11,Sailing Women's Three Person Keelboat
5338,4,9,Swimming Men's 200 metres Obstacle Course
5339,4,9,Swimming Men's 200 metres Team Swimming
5340,13,18,"Wrestling Men's Light-Flyweight, Freestyle"
5341,33,7,Athletics Women's 80 metres Hurdles
5342,38,18,"Wrestling Men's Bantamweight, Greco-Roman"
5343,35,9,Swimming Men's 100 metres Backstroke
5344,37,7,Athletics Women's 800 metres
5345,2,7,Athletics Women's Hammer Throw
5346,4,7,Athletics Men's Marathon
5347,17,14,"Art Competitions Mixed Literature, Unknown Event"
5348,30,7,Athletics Men's 200 metres
5349,20,30,Diving Men's Springboard
5350,1,18,"Wrestling Men's Middleweight, Freestyle"
5351,2,27,Boxing Men's Heavyweight
5352,30,7,"Athletics Men's 3,000 metres Steeplechase"
5353,3,11,Sailing Mixed 12 foot
5354,23,15,Alpine Skiing Women's Downhill
5355,8,14,Art Competitions Mixed Music
5356,1,27,Boxing Men's Light-Middleweight
5357,26,9,Swimming Women's 100 metres Butterfly
5358,26,9,Swimming Women's 200 metres Butterfly
5359,2,31,"Canoeing Men's Canadian Doubles, 1,000 metres"
5360,22,2,Judo Women's Lightweight
5361,2,22,Rowing Men's Coxless Pairs
5362,34,11,Sailing Mixed Two Person Keelboat
5363,36,11,Sailing Mixed Multihull
5364,44,5,"Speed Skating Men's 5,000 metres"
5365,44,5,"Speed Skating Men's 10,000 metres"
5366,30,14,"Art Competitions Mixed Music, Instrumental And Chamber"
5367,17,14,"Art Competitions Mixed Music, Vocals"
5368,48,23,Bobsleigh Men's Two
5369,8,11,Sailing Mixed 8 metres
5370,20,22,Rowing Women's Coxless Pairs
5371,15,17,Weightlifting Men's Lightweight
5372,17,14,"Art Competitions Mixed Literature, Dramatic Works"
5373,36,17,Weightlifting Men's Featherweight
5374,29,18,"Wrestling Men's Heavyweight, Freestyle"
5375,47,62,Jeu De Paume Men's Singles
5376,2,9,Swimming Men's 400 metres Freestyle
5377,39,5,Speed Skating Men's 500 metres
5378,23,6,Cross Country Skiing Women's 3 x 5 kilometres Relay
5379,33,18,"Wrestling Men's Featherweight, Greco-Roman"
5380,42,5,Speed Skating Women's 500 metres
5381,42,5,"Speed Skating Women's 1,000 metres"
5382,35,17,Weightlifting Men's Light-Heavyweight
5383,13,22,Rowing Women's Quadruple Sculls
5384,26,22,Rowing Men's Single Sculls
5385,38,7,Athletics Women's Pentathlon
5386,37,9,Swimming Women's 200 metres Breaststroke
5387,9,5,"Speed Skating Men's 5,000 metres"
5388,1,22,Rowing Men's Single Sculls
5389,38,7,Athletics Men's 20 kilometres Walk
5390,1,26,"Shooting Women's Air Rifle, 10 metres"
5391,1,26,"Shooting Women's Small-Bore Rifle, Three Positions, 50 metres"
5392,4,11,Sailing Mixed 10-20 Ton
5393,45,7,Athletics Men's Standing High Jump
5394,45,7,Athletics Men's Standing Long Jump
5395,45,7,Athletics Men's Discus Throw
5396,45,29,Cycling Men's 1/3 mile
5397,45,29,Cycling Men's 1 mile
5398,45,29,Cycling Men's 2 mile
5399,10,17,Weightlifting Men's Bantamweight
5400,17,14,"Art Competitions Mixed Sculpturing, Medals And Plaques"
5401,37,29,"Cycling Men's Individual Pursuit, 4,000 metres"
5402,37,29,"Cycling Men's Team Pursuit, 4,000 metres"
5403,35,14,"Art Competitions Mixed Literature, Lyric Works"
5404,47,11,Sailing Mixed 7 metres
5405,36,7,Athletics Men's 110 metres Hurdles
5406,36,22,Rowing Men's Single Sculls
5407,35,27,Boxing Men's Featherweight
5408,37,22,Rowing Women's Coxed Fours
5409,30,18,"Wrestling Men's Featherweight, Greco-Roman"
5410,5,15,Alpine Skiing Women's Combined
5411,30,9,Swimming Women's 400 metres Freestyle
5412,29,18,"Wrestling Men's Flyweight, Freestyle"
5413,17,7,Athletics Women's Shot Put
5414,37,7,Athletics Women's Javelin Throw
5415,12,24,"Fencing Men's Foil, Team"
5416,36,22,Rowing Men's Quadruple Sculls
5417,17,17,Weightlifting Men's Light-Heavyweight
5418,22,22,Rowing Women's Lightweight Double Sculls
5419,20,22,Rowing Women's Lightweight Double Sculls
5420,13,7,"Athletics Women's 1,500 metres"
5421,8,13,Gymnastics Men's Horizontal Bar
5422,39,54,Skeleton Women's Skeleton
5423,35,27,Boxing Men's Bantamweight
5424,37,11,Sailing Mixed Multihull
5425,47,7,"Athletics Men's 1,600 metres Medley Relay"
5426,2,11,Sailing Men's Two Person Keelboat
5427,42,5,Speed Skating Men's 500 metres
5428,4,61,"Croquet Mixed Singles, Two Balls"
5429,37,7,Athletics Men's Hammer Throw
5430,36,7,"Athletics Men's 5,000 metres"
5431,34,9,Swimming Men's 400 metres Freestyle
5432,47,22,Rowing Men's Single Sculls
5433,3,14,Art Competitions Mixed Literature
5434,30,31,"Canoeing Men's Folding Kayak Doubles, 10 kilometres"
5435,25,5,Speed Skating Women's 500 metres
5436,45,7,Athletics Men's 60 metres
5437,45,7,Athletics Men's 100 metres
5438,45,7,Athletics Men's 400 metres
5439,8,14,"Art Competitions Mixed Painting, Drawings And Water Colors"
5440,1,9,Swimming Women's 50 metres Freestyle
5441,34,22,Rowing Men's Coxless Pairs
5442,38,22,Rowing Men's Coxless Pairs
5443,51,7,"Athletics Men's 1,500 metres"
5444,26,17,Weightlifting Men's Heavyweight I
5445,29,17,Weightlifting Men's Heavyweight I
5446,9,51,Snowboarding Women's Parallel Giant Slalom
5447,19,51,Snowboarding Women's Parallel Giant Slalom
5448,20,46,Trampolining Women's Individual
5449,4,11,Sailing Mixed 2-3 Ton
5450,36,17,Weightlifting Men's Middle-Heavyweight
5451,2,2,Judo Women's Extra-Lightweight
5452,26,2,Judo Men's Open Class
5453,35,7,Athletics Men's Triple Jump
5454,17,7,Athletics Women's 200 metres
5455,40,5,Speed Skating Men's 500 metres
5456,20,9,Swimming Men's 10 kilometres Open Water
5457,37,31,"Canoeing Men's Canadian Singles, 500 metres"
5458,2,7,"Athletics Women's 10,000 metres"
5459,39,51,Snowboarding Women's Halfpipe
5460,40,5,"Speed Skating Men's 5,000 metres"
5461,42,5,"Speed Skating Men's 10,000 metres"
5462,33,31,"Canoeing Men's Kayak Doubles, 10,000 metres"
5463,12,27,Boxing Men's Bantamweight
5464,12,25,"Equestrianism Mixed Dressage, Individual"
5465,12,25,"Equestrianism Mixed Dressage, Team"
5466,3,9,Swimming Men's 100 metres Backstroke
5467,8,24,"Fencing Men's Foil, Individual"
5468,8,24,"Fencing Men's Sabre, Individual"
5469,12,29,"Cycling Men's 1,000 metres Time Trial"
5470,4,9,Swimming Men's 200 metres Backstroke
5471,16,5,Speed Skating Men's Team Pursuit (8 laps)
5472,4,7,Athletics Men's Long Jump
5473,44,5,Speed Skating Men's 500 metres
5474,44,5,Speed Skating Men's Allround
5475,37,29,"Cycling Men's 1,000 metres Time Trial"
5476,44,5,"Speed Skating Men's 1,500 metres"
5477,15,7,Athletics Men's Javelin Throw
5478,3,26,"Shooting Men's Military Rifle, Prone, 600 metres"
5479,10,31,"Canoeing Men's Canadian Doubles, 1,000 metres"
5480,10,31,"Canoeing Men's Canadian Doubles, 10,000 metres"
5481,30,9,Swimming Women's 100 metres Backstroke
5482,16,5,Speed Skating Women's Team Pursuit (6 laps)
5483,20,7,Athletics Women's Heptathlon
5484,17,17,Weightlifting Men's Middleweight
5485,26,22,Rowing Women's Double Sculls
5486,47,18,"Wrestling Men's Lightweight, Greco-Roman"
5487,13,31,"Canoeing Women's Kayak Singles, Slalom"
5488,18,44,Freestyle Skiing Women's Aerials
5489,36,27,Boxing Men's Flyweight
5490,38,26,"Shooting Men's Small-Bore Rifle, Prone, 50 metres"
5491,4,7,Athletics Men's 100 metres
5492,4,7,Athletics Men's 400 metres
5493,35,22,Rowing Men's Double Sculls
5494,17,31,"Canoeing Men's Kayak Singles, 10,000 metres"
5495,11,34,Figure Skating Men's Singles
5496,8,25,"Equestrianism Men's Jumping, Individual"
5497,8,25,"Equestrianism Men's Jumping, Team"
5498,39,51,Snowboarding Women's Parallel Giant Slalom
5499,16,51,Snowboarding Women's Parallel Giant Slalom
5500,16,51,Snowboarding Women's Parallel Slalom
5501,14,26,"Shooting Men's Dueling Pistol, 30 metres, Team"
5502,31,6,Cross Country Skiing Men's 18 kilometres
5503,31,41,Nordic Combined Men's Individual
5504,30,18,"Wrestling Men's Featherweight, Freestyle"
5505,34,7,Athletics Men's Decathlon
5506,23,34,Figure Skating Men's Singles
5507,51,13,Gymnastics Men's Horse Vault
5508,51,13,Gymnastics Men's Parallel Bars
5509,51,13,"Gymnastics Men's Parallel Bars, Teams"
5510,51,13,Gymnastics Men's Horizontal Bar
5511,51,13,"Gymnastics Men's Horizontal Bar, Teams"
5512,51,13,Gymnastics Men's Rings
5513,51,13,Gymnastics Men's Pommelled Horse
5514,44,34,Figure Skating Men's Singles
5515,9,5,"Speed Skating Men's 10,000 metres"
5516,36,7,Athletics Women's Pentathlon
5517,14,7,Athletics Men's 400 metres
5518,14,7,Athletics Men's 4 x 400 metres Relay
5519,35,7,Athletics Women's 800 metres
5520,36,22,Rowing Women's Double Sculls
5521,4,26,"Shooting Men's Free Pistol, 50 metres"
5522,4,26,"Shooting Men's Free Pistol, 50 metres, Team"
5523,8,22,Rowing Men's Double Sculls
5524,33,24,"Fencing Men's Sabre, Team"
5525,10,30,Diving Women's Platform
5526,35,18,"Wrestling Men's Light-Heavyweight, Freestyle"
5527,28,18,"Wrestling Men's Flyweight, Greco-Roman"
5528,38,7,Athletics Women's Shot Put
5529,38,31,"Canoeing Men's Canadian Doubles, 1,000 metres"
5530,30,14,"Art Competitions Mixed Painting, Applied Arts"
5531,11,19,Luge Men's Singles
5532,16,44,Freestyle Skiing Men's Ski Cross
5533,43,34,Figure Skating Men's Singles
5534,22,30,Diving Women's Platform
5535,20,7,Athletics Men's 400 metres Hurdles
5536,4,24,"Fencing Men's Sabre, Individual"
5537,7,34,Figure Skating Men's Singles
5538,14,26,"Shooting Men's Small-Bore Rifle, Disappearing Target, 25 metres, Team"
5539,14,7,Athletics Men's Discus Throw
5540,38,25,"Equestrianism Mixed Dressage, Individual"
5541,38,25,"Equestrianism Mixed Dressage, Team"
5542,36,25,"Equestrianism Mixed Dressage, Individual"
5543,36,25,"Equestrianism Mixed Dressage, Team"
5544,35,18,"Wrestling Men's Middleweight, Freestyle"
5545,32,49,"Ski Jumping Men's Normal Hill, Individual"
5546,20,40,Table Tennis Men's Team
5547,35,14,"Art Competitions Mixed Sculpturing, Medals And Reliefs"
5548,10,7,Athletics Women's Long Jump
5549,10,7,Athletics Women's Shot Put
5550,26,9,"Swimming Men's 1,500 metres Freestyle"
5551,45,27,Boxing Men's Lightweight
5552,40,5,"Speed Skating Men's 10,000 metres"
5553,17,14,"Art Competitions Mixed Architecture, Architectural Designs"
5554,8,25,"Equestrianism Men's Dressage, Individual"
5555,8,25,"Equestrianism Men's Dressage, Team"
5556,17,25,"Equestrianism Men's Dressage, Individual"
5557,17,25,"Equestrianism Men's Dressage, Team"
5558,10,25,"Equestrianism Mixed Dressage, Individual"
5559,10,25,"Equestrianism Mixed Dressage, Team"
5560,33,25,"Equestrianism Mixed Dressage, Individual"
5561,33,25,"Equestrianism Mixed Dressage, Team"
5562,35,22,Rowing Men's Coxless Pairs
5563,6,34,Figure Skating Women's Singles
5564,15,18,"Wrestling Men's Middleweight, Freestyle"
5565,21,29,Cycling Women's BMX
5566,13,29,"Cycling Men's 1,000 metres Time Trial"
5567,2,26,"Shooting Men's Rapid-Fire Pistol, 25 metres"
5568,35,25,"Equestrianism Men's Dressage, Individual"
5569,35,25,"Equestrianism Men's Dressage, Team"
5570,30,31,"Canoeing Men's Kayak Doubles, 1,000 metres"
5571,36,31,"Canoeing Women's Kayak Singles, 500 metres"
5572,22,31,"Canoeing Women's Kayak Singles, Slalom"
5573,20,31,"Canoeing Women's Kayak Singles, Slalom"
5574,45,7,Athletics Men's 800 metres
5575,41,7,"Athletics Men's 1,500 metres Walk"
5576,47,7,"Athletics Men's 3 mile, Team"
5577,17,22,Rowing Men's Coxless Pairs
5578,8,26,"Shooting Men's Rapid-Fire Pistol, 25 metres"
5579,2,18,"Wrestling Men's Lightweight, Freestyle"
5580,1,9,Swimming Women's 400 metres Individual Medley
5581,8,13,Gymnastics Men's Pommelled Horse
5582,13,31,"Canoeing Men's Kayak Singles, 1,000 metres"
5583,13,31,"Canoeing Men's Canadian Singles, Slalom"
5584,32,34,Figure Skating Men's Singles
5585,20,27,Boxing Men's Light-Welterweight
5586,25,5,"Speed Skating Women's 1,000 metres"
5587,5,15,Alpine Skiing Women's Downhill
5588,47,32,Tennis Women's Singles
5589,13,31,"Canoeing Women's Kayak Singles, 500 metres"
5590,12,31,"Canoeing Women's Kayak Singles, 500 metres"
5591,11,5,Speed Skating Women's 500 metres
5592,26,7,Athletics Men's Decathlon
5593,18,15,Alpine Skiing Women's Downhill
5594,35,30,Diving Women's Springboard
5595,20,11,Sailing Men's Two Person Keelboat
5596,41,9,Swimming Men's 400 metres Freestyle
5597,1,2,Judo Women's Extra-Lightweight
5598,12,9,Swimming Women's 100 metres Butterfly
5599,22,9,Swimming Women's 100 metres Butterfly
5600,19,53,"Short Track Speed Skating Women's 1,000 metres"
5601,39,53,Short Track Speed Skating Women's 500 metres
5602,16,53,Short Track Speed Skating Women's 500 metres
5603,12,22,Rowing Women's Double Sculls
5604,20,22,Rowing Women's Quadruple Sculls
5605,38,2,Judo Men's Open Class
5606,8,13,Gymnastics Men's Individual All-Around
5607,8,13,Gymnastics Men's Team All-Around
5608,8,13,Gymnastics Men's Floor Exercise
5609,8,13,Gymnastics Men's Horse Vault
5610,8,14,"Art Competitions Mixed Painting, Paintings"
5611,12,26,Shooting Women's Trap
5612,35,7,Athletics Women's Discus Throw
5613,30,14,"Art Competitions Mixed Sculpturing, Medals"
5614,41,26,"Shooting Men's Military Rifle, Kneeling Or Standing, 300 metres"
5615,33,7,Athletics Women's Long Jump
5616,35,11,Sailing Mixed 8 metres
5617,15,29,"Cycling Men's Tandem Sprint, 2,000 metres"
5618,30,7,Athletics Men's 110 metres Hurdles
5619,35,14,"Art Competitions Mixed Music, Compositions For Orchestra"
5620,15,22,Rowing Men's Double Sculls
5621,33,31,"Canoeing Men's Canadian Singles, 1,000 metres"
5622,14,26,"Shooting Men's Free Pistol, 50 metres, Team"
5623,47,32,"Tennis Men's Singles, Covered Courts"
5624,33,31,"Canoeing Men's Canadian Doubles, 1,000 metres"
5625,33,31,"Canoeing Men's Canadian Doubles, 10,000 metres"
5626,27,22,Rowing Men's Coxless Pairs
5627,37,18,"Wrestling Men's Bantamweight, Greco-Roman"
5628,13,9,Swimming Women's 200 metres Backstroke
5629,26,31,"Canoeing Men's Canadian Doubles, 500 metres"
5630,26,31,"Canoeing Men's Canadian Doubles, 1,000 metres"
5631,22,10,Badminton Women's Doubles
5632,20,10,Badminton Women's Doubles
5633,30,9,Swimming Women's 200 metres Breaststroke
5634,11,5,Speed Skating Men's 500 metres
5635,25,5,Speed Skating Men's 500 metres
5636,25,5,"Speed Skating Men's 1,000 metres"
5637,3,25,"Equestrianism Men's Vaulting, Team"
5638,21,29,Cycling Men's Omnium
5639,21,30,Diving Men's Synchronized Platform
5640,20,18,"Wrestling Men's Heavyweight, Greco-Roman"
5641,22,31,"Canoeing Men's Kayak Singles, Slalom"
5642,20,31,"Canoeing Men's Kayak Singles, Slalom"
5643,20,9,Swimming Women's 200 metres Butterfly
5644,1,27,Boxing Men's Light-Welterweight
5645,15,18,"Wrestling Men's Bantamweight, Freestyle"
5646,12,46,Trampolining Men's Individual
5647,8,9,Swimming Men's 100 metres Backstroke
5648,20,22,Rowing Men's Coxless Pairs
5649,6,15,Alpine Skiing Women's Downhill
5650,7,15,Alpine Skiing Women's Super G
5651,47,27,Boxing Men's Lightweight
5652,7,15,Alpine Skiing Women's Downhill
5653,9,53,Short Track Speed Skating Women's 500 metres
5654,9,53,"Short Track Speed Skating Women's 1,000 metres"
5655,9,53,"Short Track Speed Skating Women's 1,500 metres"
5656,3,27,Boxing Men's Bantamweight
5657,34,7,Athletics Women's Shot Put
5658,19,5,Speed Skating Women's 500 metres
5659,33,27,Boxing Men's Light-Heavyweight
5660,15,7,"Athletics Men's 5,000 metres"
5661,28,7,Athletics Men's Pole Vault
5662,20,24,"Fencing Women's Foil, Team"
5663,10,18,"Wrestling Men's Featherweight, Greco-Roman"
5664,41,26,"Shooting Men's Free Rifle, Three Positions, 300 metres, Team"
5665,41,26,"Shooting Men's Free Rifle, Any Position, 300 metres"
5666,41,26,"Shooting Men's Military Rifle, 1873-1874 Gras Model, Kneeling Or Standing, 200 metres"
5667,21,17,Weightlifting Men's Bantamweight
5668,45,9,Swimming Men's 100 Yard Backstroke
5669,45,9,Swimming Men's 440 Yard Breaststroke
5670,36,18,"Wrestling Men's Super-Heavyweight, Greco-Roman"
5671,3,27,Boxing Men's Middleweight
5672,7,44,Freestyle Skiing Women's Aerials
5673,10,7,Athletics Women's High Jump
5674,1,22,Rowing Women's Single Sculls
5675,4,22,Rowing Men's Coxed Pairs
5676,1,18,"Wrestling Men's Flyweight, Greco-Roman"
5677,33,7,Athletics Women's Shot Put
5678,2,24,"Fencing Women's epee, Team"
5679,26,22,Rowing Women's Single Sculls
5680,8,7,Athletics Women's High Jump
5681,8,7,Athletics Women's Discus Throw
5682,8,7,Athletics Women's Javelin Throw
5683,8,22,Rowing Men's Coxed Pairs
5684,45,4,Tug-Of-War Men's Tug-Of-War
5685,45,30,Diving Men's Springboard
5686,45,7,Athletics Men's Marathon
5687,35,9,Swimming Women's 100 metres Freestyle
5688,6,34,Figure Skating Mixed Ice Dancing
5689,26,31,"Canoeing Men's Kayak Singles, 500 metres"
5690,17,14,"Art Competitions Mixed Literature, Epic Works"
5691,21,26,"Shooting Men's Small-Bore Rifle, Prone, 50 metres"
5692,8,18,"Wrestling Men's Bantamweight, Greco-Roman"
5693,21,31,"Canoeing Men's Canadian Doubles, 1,000 metres"
5694,20,22,Rowing Men's Double Sculls
5695,21,29,Cycling Men's BMX
5696,27,31,"Canoeing Women's Kayak Singles, 500 metres"
5697,47,27,Boxing Men's Heavyweight
5698,8,7,"Athletics Men's 10,000 metres"
5699,22,22,Rowing Men's Coxless Pairs
5700,2,31,"Canoeing Women's Kayak Fours, 500 metres"
5701,16,51,Snowboarding Women's Halfpipe
5702,22,25,"Equestrianism Mixed Dressage, Individual"
5703,22,25,"Equestrianism Mixed Dressage, Team"
5704,20,7,Athletics Women's Hammer Throw
5705,34,7,"Athletics Men's 3,000 metres Steeplechase"
5706,27,25,"Equestrianism Mixed Dressage, Individual"
5707,27,25,"Equestrianism Mixed Dressage, Team"
5708,15,14,Art Competitions Mixed Architecture
5709,47,34,Figure Skating Men's Singles
5710,27,22,Rowing Men's Single Sculls
5711,5,34,Figure Skating Women's Singles
5712,3,14,Art Competitions Mixed Painting
5713,33,29,"Cycling Men's Tandem Sprint, 2,000 metres"
5714,37,18,"Wrestling Men's Welterweight, Freestyle"
5715,33,9,Swimming Men's 200 metres Breaststroke
5716,47,7,"Athletics Men's 3,500 metres Walk"
5717,47,32,Tennis Men's Singles
5718,45,63,Roque Men's Singles
5719,22,28,Taekwondo Men's Welterweight
5720,13,18,"Wrestling Men's Middleweight, Freestyle"
5721,27,7,Athletics Women's 800 metres
5722,15,13,Gymnastics Men's Individual All-Around
5723,15,13,Gymnastics Men's Team All-Around
5724,15,13,Gymnastics Men's Horse Vault
5725,15,13,Gymnastics Men's Parallel Bars
5726,15,13,Gymnastics Men's Horizontal Bar
5727,15,13,Gymnastics Men's Rings
5728,15,13,Gymnastics Men's Pommelled Horse
5729,15,13,Gymnastics Men's Rope Climbing
5730,15,13,Gymnastics Men's Side Horse
5731,3,26,"Shooting Men's Running Target, Single Shot"
5732,3,26,"Shooting Men's Running Target, Single Shot, Team"
5733,3,26,"Shooting Men's Running Target, Double Shot"
5734,2,10,Badminton Women's Doubles
5735,44,64,Alpinism Mixed Alpinism
5736,45,37,Archery Men's Double American Round
5737,45,37,Archery Men's Double York Round
5738,45,37,Archery Men's Team Round
5739,33,7,Athletics Men's Decathlon
5740,27,7,Athletics Men's Discus Throw
5741,24,5,Speed Skating Men's 500 metres
5742,12,10,Badminton Women's Doubles
5743,3,37,"Archery Men's Target Archery, 33 metres, Individual"
5744,3,37,"Archery Men's Target Archery, 50 metres, Individual"
5745,30,17,Weightlifting Men's Light-Heavyweight
5746,1,31,"Canoeing Women's Kayak Singles, 500 metres"
5747,1,7,"Athletics Women's 3,000 metres"
5748,44,34,Figure Skating Women's Singles
5749,15,7,Athletics Men's Triple Jump
5750,33,18,"Wrestling Men's Bantamweight, Greco-Roman"
5751,25,5,"Speed Skating Women's 1,500 metres"
5752,17,22,Rowing Men's Single Sculls
5753,20,2,Judo Women's Heavyweight
5754,37,17,Weightlifting Men's Featherweight
5755,37,7,Athletics Men's 110 metres Hurdles
5756,4,7,Athletics Men's 200 metres
5757,1,7,Athletics Women's 400 metres
5758,30,31,"Canoeing Men's Kayak Singles, 10,000 metres"
5759,30,31,"Canoeing Men's Canadian Doubles, 1,000 metres"
5760,9,51,Snowboarding Women's Halfpipe
5761,10,27,Boxing Men's Light-Middleweight
5762,38,31,"Canoeing Women's Kayak Singles, 500 metres"
5763,47,56,Polo Men's Polo
5764,37,31,"Canoeing Men's Canadian Doubles, 1,000 metres"
5765,8,22,Rowing Men's Coxless Pairs
5766,45,22,Rowing Men's Coxless Pairs
5767,7,15,Alpine Skiing Women's Combined
5768,14,14,Art Competitions Mixed Sculpturing
5769,27,7,Athletics Men's Javelin Throw
5770,29,31,"Canoeing Men's Canadian Singles, 1,000 metres"
5771,1,31,"Canoeing Men's Canadian Singles, 500 metres"
5772,33,31,"Canoeing Men's Canadian Singles, 10,000 metres"
5773,37,7,"Athletics Women's 1,500 metres"
5774,33,7,Athletics Men's Pole Vault
5775,22,9,"Swimming Men's 1,500 metres Freestyle"
5776,29,18,"Wrestling Men's Middleweight, Greco-Roman"
5777,20,17,Weightlifting Women's Flyweight
5778,36,31,"Canoeing Women's Kayak Doubles, 500 metres"
5779,47,34,Figure Skating Mixed Pairs
5780,4,9,"Swimming Men's 1,000 metres Freestyle"
5781,36,27,Boxing Men's Light-Heavyweight
5782,2,17,Weightlifting Women's Flyweight
5783,21,17,Weightlifting Women's Featherweight
5784,45,27,Boxing Men's Flyweight
5785,51,7,Athletics Men's 100 metres
5786,51,7,Athletics Men's 400 metres
5787,34,18,"Wrestling Men's Flyweight, Greco-Roman"
5788,30,29,"Cycling Men's Tandem Sprint, 2,000 metres"
5789,20,46,Trampolining Men's Individual
5790,2,46,Trampolining Men's Individual
5791,12,28,Taekwondo Women's Flyweight
5792,28,31,"Canoeing Men's Kayak Singles, 1,000 metres"
5793,2,18,"Wrestling Men's Middleweight, Freestyle"
5794,37,17,Weightlifting Men's Middleweight
5795,8,9,Swimming Men's 400 metres Freestyle
5796,8,9,"Swimming Men's 1,500 metres Freestyle"
5797,18,53,"Short Track Speed Skating Women's 1,000 metres"
5798,10,7,Athletics Men's Discus Throw
5799,14,22,Rowing Men's Single Sculls
5800,47,7,Athletics Men's 10 mile Walk
5801,15,22,Rowing Men's Coxed Pairs
5802,33,17,Weightlifting Men's Light-Heavyweight
5803,36,18,"Wrestling Men's Heavyweight, Freestyle"
5804,48,34,Figure Skating Men's Singles
5805,31,34,Figure Skating Men's Singles
5806,20,24,"Fencing Men's Sabre, Team"
5807,2,24,"Fencing Men's Sabre, Team"
5808,14,7,"Athletics Men's Discus Throw, Both Hands"
5809,10,29,Cycling Men's Sprint
5810,8,27,Boxing Men's Flyweight
5811,20,7,Athletics Women's 20 kilometres Walk
5812,37,27,Boxing Men's Middleweight
5813,17,7,Athletics Men's Marathon
5814,8,18,"Wrestling Men's Middleweight, Greco-Roman"
5815,3,17,Weightlifting Men's Light-Heavyweight
5816,45,35,Golf Men's Team
5817,8,9,Swimming Women's 200 metres Breaststroke
5818,26,7,Athletics Women's Shot Put
5819,20,30,Diving Women's Platform
5820,29,17,Weightlifting Men's Middleweight
5821,4,11,Sailing Mixed 0-0.5 Ton
5822,29,31,"Canoeing Men's Canadian Singles, 500 metres"
5823,22,26,Shooting Women's Skeet
5824,30,18,"Wrestling Men's Bantamweight, Freestyle"
5825,20,31,"Canoeing Men's Canadian Singles, 1,000 metres"
5826,22,28,Taekwondo Men's Featherweight
5827,20,29,"Cycling Women's Individual Pursuit, 3,000 metres"
5828,2,29,Cycling Women's Omnium
5829,51,24,"Fencing Men's Foil, Individual"
5830,4,11,Sailing Mixed 20+ Ton
5831,21,29,Cycling Women's Sprint
5832,21,29,Cycling Women's Team Sprint
5833,41,17,"Weightlifting Men's Unlimited, Two Hands"
5834,6,53,Short Track Speed Skating Women's 500 metres
5835,39,19,Luge Women's Singles
5836,13,2,Judo Women's Middleweight
5837,35,27,Boxing Men's Middleweight
5838,9,53,"Short Track Speed Skating Women's 3,000 metres Relay"
5839,17,18,"Wrestling Men's Light-Heavyweight, Freestyle"
5840,18,34,Figure Skating Men's Singles
5841,22,46,Trampolining Men's Individual
5842,37,30,Diving Women's Platform
5843,26,30,Diving Women's Platform
5844,21,30,Diving Men's Synchronized Springboard
5845,12,29,Cycling Men's Points Race
5846,17,17,Weightlifting Men's Bantamweight
5847,27,27,Boxing Men's Light-Welterweight
5848,3,18,"Wrestling Men's Light-Heavyweight, Greco-Roman"
5849,22,30,Diving Women's Synchronized Platform
5850,45,18,"Wrestling Men's Bantamweight, Freestyle"
5851,35,14,"Art Competitions Mixed Literature, Epic Works"
5852,14,25,"Equestrianism Men's Jumping, Team"
5853,41,26,"Shooting Men's Free Pistol, 25 metres"
5854,41,26,"Shooting Men's Free Pistol, 50 metres"
5855,41,26,"Shooting Men's Military Revolver, 1873-1874 Gras Model, 20 metres"
5856,41,26,"Shooting Men's Military Revolver, 20 metres"
5857,41,26,Shooting Men's Dueling Pistol Au Vise 20 metres
5858,41,26,"Shooting Men's Dueling Pistol Au Commandement, 25 metres"
5859,14,26,"Shooting Men's Small-Bore Rifle, Prone, 50 metres, Team"
5860,25,5,"Speed Skating Women's 3,000 metres"
5861,33,27,Boxing Men's Light-Welterweight
5862,41,18,"Wrestling Men's Lightweight, Greco-Roman"
5863,43,5,"Speed Skating Men's 10,000 metres"
5864,14,7,"Athletics Men's 10,000 metres"
5865,26,17,Weightlifting Men's Heavyweight II
5866,20,28,Taekwondo Men's Flyweight
5867,3,11,Sailing Mixed 6.5 metres
5868,28,9,Swimming Women's 100 metres Breaststroke
5869,20,31,"Canoeing Men's Kayak Doubles, 1,000 metres"
5870,21,2,Judo Women's Extra-Lightweight
5871,2,31,"Canoeing Women's Kayak Doubles, 500 metres"
5872,12,17,Weightlifting Women's Heavyweight
5873,45,24,"Fencing Men's Foil, Individual"
5874,45,24,"Fencing Men's Sabre, Individual"
5875,45,7,Athletics Men's 200 metres
5876,1,7,Athletics Women's 200 metres
5877,37,26,"Shooting Mixed Free Pistol, 50 metres"
5878,41,32,Tennis Mixed Doubles
5879,38,2,Judo Men's Heavyweight
5880,45,24,"Fencing Men's epee, Individual"
5881,41,24,"Fencing Men's epee, Team"
5882,2,30,Diving Men's Synchronized Springboard
5883,21,2,Judo Women's Half-Heavyweight
5884,45,7,Athletics Men's 200 metres Hurdles
5885,38,7,Athletics Women's Discus Throw
5886,17,27,Boxing Men's Middleweight
5887,34,25,"Equestrianism Mixed Dressage, Individual"
5888,13,22,Rowing Women's Coxless Pairs
5889,47,32,Tennis Men's Doubles
5890,33,31,"Canoeing Men's Kayak Singles, 1,000 metres"
5891,33,24,"Fencing Women's Foil, Individual"
5892,2,31,"Canoeing Women's Kayak Singles, Slalom"
5893,20,17,Weightlifting Women's Featherweight
5894,45,7,Athletics Men's Shot Put
5895,45,7,Athletics Men's 56-pound Weight Throw
5896,45,7,Athletics Men's Hammer Throw
5897,16,54,Skeleton Women's Skeleton
5898,8,29,Cycling Men's Sprint
5899,8,29,"Cycling Men's Tandem Sprint, 2,000 metres"
5900,30,29,Cycling Men's Sprint
5901,15,9,Swimming Women's 400 metres Freestyle
5902,28,17,Weightlifting Men's Flyweight
5903,26,18,"Wrestling Men's Middleweight, Greco-Roman"
5904,21,10,Badminton Women's Doubles
5905,4,25,Equestrianism Mixed Four-In-Hand Competition
5906,38,17,Weightlifting Men's Middleweight
5907,34,7,Athletics Women's 800 metres
5908,35,18,"Wrestling Men's Heavyweight, Freestyle"
5909,30,31,"Canoeing Men's Canadian Doubles, 10,000 metres"
5910,4,7,"Athletics Men's 2,500 metres Steeplechase"
5911,26,2,Judo Men's Extra-Lightweight
5912,10,17,Weightlifting Men's Featherweight
5913,39,6,Cross Country Skiing Men's Sprint
5914,22,18,"Wrestling Men's Heavyweight, Greco-Roman"
5915,22,17,Weightlifting Women's Flyweight
5916,2,40,Table Tennis Women's Singles
5917,21,40,Table Tennis Women's Team
5918,12,17,Weightlifting Women's Middleweight
5919,12,18,"Wrestling Men's Super-Heavyweight, Freestyle"
5920,22,22,Rowing Women's Coxed Eights
5921,12,7,Athletics Women's Shot Put
5922,29,31,"Canoeing Men's Kayak Singles, 500 metres"
5923,2,28,Taekwondo Women's Featherweight
5924,22,46,Trampolining Women's Individual
5925,17,7,"Athletics Men's 3,000 metres Steeplechase"
5926,17,7,Athletics Men's 10 kilometres Walk
5927,30,14,"Art Competitions Mixed Music, Unknown Event"
5928,20,17,Weightlifting Men's Super-Heavyweight
5929,10,18,"Wrestling Men's Bantamweight, Greco-Roman"
5930,2,17,Weightlifting Women's Featherweight
5931,8,7,Athletics Men's 50 kilometres Walk
5932,37,17,Weightlifting Men's Bantamweight
5933,2,18,"Wrestling Women's Middleweight, Freestyle"
5934,4,7,Athletics Men's 110 metres Hurdles
5935,4,7,Athletics Men's 200 metres Hurdles
5936,21,31,"Canoeing Women's Kayak Singles, Slalom"
5937,34,31,"Canoeing Men's Canadian Singles, 1,000 metres"
5938,8,29,"Cycling Men's 1,000 metres Time Trial"
5939,15,18,"Wrestling Men's Middleweight, Greco-Roman"
5940,37,25,"Equestrianism Mixed Jumping, Individual"
5941,2,28,Taekwondo Men's Heavyweight
5942,10,30,Diving Women's Springboard
5943,16,23,Bobsleigh Women's Two
5944,2,31,"Canoeing Men's Canadian Singles, Slalom"
5945,2,29,Cycling Women's Team Sprint
5946,51,7,Athletics Men's High Jump
5947,51,7,Athletics Men's Long Jump
5948,51,7,Athletics Men's Shot Put
5949,45,7,Athletics Men's All-Around Championship
5950,36,22,Rowing Women's Coxless Pairs
5951,8,7,Athletics Women's 80 metres Hurdles
5952,3,27,Boxing Men's Welterweight
5953,8,7,Athletics Men's Pole Vault
5954,8,18,"Wrestling Men's Lightweight, Freestyle"
5955,3,37,"Archery Men's Pole Archery, Small Birds, Individual"
5956,3,37,"Archery Men's Pole Archery, Large Birds, Individual"
5957,3,37,"Archery Men's Pole Archery, Small Birds, Team"
5958,3,37,"Archery Men's Pole Archery, Large Birds, Team"
5959,30,18,"Wrestling Men's Heavyweight, Greco-Roman"
5960,33,31,"Canoeing Women's Kayak Singles, 500 metres"
5961,12,46,Trampolining Women's Individual
5962,2,46,Trampolining Women's Individual
5963,30,18,"Wrestling Men's Middleweight, Greco-Roman"
5964,45,7,"Athletics Men's 2,590 metres Steeplechase"
5965,8,30,Diving Women's Springboard
5966,8,30,Diving Women's Platform
5967,3,14,Art Competitions Mixed Sculpturing
5968,14,14,Art Competitions Mixed Architecture
5969,27,31,"Canoeing Men's Kayak Singles, 1,000 metres"
5970,20,30,Diving Men's Synchronized Springboard
5971,22,30,Diving Men's Synchronized Platform
5972,47,27,Boxing Men's Bantamweight
5973,51,7,Athletics Men's Triple Jump
5974,4,7,Athletics Men's Triple Jump
5975,8,7,Athletics Men's Hammer Throw
5976,45,37,Archery Women's Double Columbia Round
5977,45,37,Archery Women's Double National Round
5978,4,32,Tennis Women's Singles
5979,4,32,Tennis Mixed Doubles
5980,8,9,Swimming Women's 100 metres Backstroke
5981,4,7,Athletics Men's Shot Put
5982,10,31,"Canoeing Men's Kayak Doubles, 1,000 metres"
5983,45,7,"Athletics Men's 4 mile, Team"
5984,20,17,Weightlifting Women's Super-Heavyweight
5985,33,27,Boxing Men's Featherweight
5986,3,13,Gymnastics Men's Individual All-Around
5987,47,18,"Wrestling Men's Bantamweight, Freestyle"
5988,17,14,"Art Competitions Mixed Music, Instrumental And Chamber"
5989,3,18,"Wrestling Men's Light-Heavyweight, Freestyle"
5990,16,44,Freestyle Skiing Women's Moguls
5991,41,24,"Fencing Men's epee, Individual"
5992,23,41,Nordic Combined Men's Individual
5993,1,18,"Wrestling Men's Bantamweight, Freestyle"
5994,28,18,"Wrestling Men's Super-Heavyweight, Greco-Roman"
5995,27,31,"Canoeing Men's Canadian Singles, 1,000 metres"
5996,2,29,Cycling Women's Sprint
5997,47,34,Figure Skating Men's Special Figures
5998,8,30,Diving Men's Platform
5999,45,18,"Wrestling Men's Light-Flyweight, Freestyle"
6000,13,29,Cycling Men's Points Race
6001,33,18,"Wrestling Men's Heavyweight, Freestyle"
6002,2,40,Table Tennis Women's Team
6003,3,26,"Shooting Men's Military Rifle, Standing, 300 metres"
6004,8,18,"Wrestling Men's Welterweight, Greco-Roman"
6005,17,18,"Wrestling Men's Lightweight, Greco-Roman"
6006,51,7,Athletics Men's Pole Vault
6007,15,18,"Wrestling Men's Heavyweight, Freestyle"
6008,1,18,"Wrestling Men's Heavyweight, Greco-Roman"
6009,51,7,Athletics Men's 800 metres
6010,8,14,"Art Competitions Mixed Painting, Graphic Arts"
6011,45,9,Swimming Men's 50 yard Freestyle
6012,45,9,Swimming Men's 100 yard Freestyle
6013,45,9,Swimming Men's 440 yard Freestyle
6014,19,5,"Speed Skating Men's 10,000 metres"
6015,8,7,Athletics Men's 800 metres
6016,8,7,Athletics Men's Shot Put
6017,1,18,"Wrestling Men's Light-Flyweight, Greco-Roman"
6018,4,35,Golf Men's Individual
6019,30,14,"Art Competitions Mixed Painting, Drawings And Water Colors"
6020,4,65,Basque Pelota Men's Two-Man Teams With Cesta
6021,4,25,"Equestrianism Mixed Jumping, Individual"
6022,41,26,"Shooting Men's Trap, Single Shot, 16 metres"
6023,41,26,"Shooting Men's Trap, Double Shot, 14 metres"
6024,35,14,"Art Competitions Mixed Literature, Dramatic Works"
6025,4,32,Tennis Men's Singles
6026,4,32,Tennis Men's Doubles
6027,3,17,Weightlifting Men's Featherweight
6028,10,9,Swimming Women's 100 metres Backstroke
6029,3,11,Sailing Mixed 8 metres
6030,30,27,Boxing Men's Heavyweight
6031,45,7,Athletics Men's Long Jump
6032,4,25,Equestrianism Mixed Long Jump
6033,41,32,Tennis Women's Singles
6034,8,30,Diving Men's Springboard
6035,41,22,Rowing Men's Single Sculls
6036,22,17,Weightlifting Women's Super-Heavyweight
6037,2,7,Athletics Women's Long Jump
6038,38,22,Rowing Men's Single Sculls
6039,42,19,Luge Women's Singles
6040,30,31,"Canoeing Men's Folding Kayak Singles, 10 kilometres"
6041,8,18,"Wrestling Men's Bantamweight, Freestyle"
6042,37,22,Rowing Men's Single Sculls
6043,41,7,Athletics Men's Standing High Jump
6044,45,24,"Fencing Men's Foil, Team"
6045,36,31,"Canoeing Men's Kayak Singles, 500 metres"
6046,38,18,"Wrestling Men's Heavyweight, Greco-Roman"
6047,28,18,"Wrestling Men's Super-Heavyweight, Freestyle"
6048,45,18,"Wrestling Men's Heavyweight, Freestyle"
6049,12,17,Weightlifting Women's Light-Heavyweight
6050,8,18,"Wrestling Men's Heavyweight, Greco-Roman"
6051,37,25,"Equestrianism Mixed Dressage, Individual"
6052,37,25,"Equestrianism Mixed Dressage, Team"
6053,51,26,"Shooting Men's Free Pistol, 30 metres"
6054,51,26,"Shooting Men's Military Pistol, 25 metres"
6055,8,22,Rowing Men's Single Sculls
6056,12,17,Weightlifting Women's Flyweight
6057,17,31,"Canoeing Men's Canadian Doubles, 10,000 metres"
6058,51,9,Swimming Men's 100 metres Freestyle For Sailors
6059,4,37,Archery Men's Sur La Perche a La Herse
6060,37,17,Weightlifting Men's Heavyweight II
6061,27,17,Weightlifting Men's Heavyweight
6062,4,11,Sailing Mixed 3-10 Ton
6063,8,17,Weightlifting Men's Light-Heavyweight
6064,45,22,Rowing Men's Single Sculls
6065,45,13,"Gymnastics Men's Individual All-Around, 4 Events"
6066,45,13,Gymnastics Men's Parallel Bars
6067,35,17,Weightlifting Men's Heavyweight
6068,8,17,Weightlifting Men's Heavyweight
6069,41,7,Athletics Men's 110 metres Hurdles
6070,47,22,Rowing Men's Coxless Pairs
6071,8,17,Weightlifting Men's Lightweight
6072,37,31,"Canoeing Men's Canadian Singles, 1,000 metres"
6073,30,64,Alpinism Mixed Alpinism
6074,26,7,Athletics Women's Javelin Throw
6075,30,14,"Art Competitions Mixed Music, Compositions For Orchestra"
6076,30,14,"Art Competitions Mixed Literature, Epic Works"
6077,8,18,"Wrestling Men's Featherweight, Greco-Roman"
6078,41,7,"Athletics Men's 3,000 metres Walk"
6079,29,18,"Wrestling Men's Flyweight, Greco-Roman"
6080,47,26,"Shooting Men's Running Target, Single Shot, Team"
6081,51,17,"Weightlifting Men's Unlimited, One Hand"
6082,51,17,"Weightlifting Men's Unlimited, Two Hands"
6083,51,18,"Wrestling Men's Unlimited Class, Greco-Roman"
6084,33,18,"Wrestling Men's Featherweight, Freestyle"
6085,38,31,"Canoeing Men's Canadian Singles, 1,000 metres"
6086,12,30,Diving Men's Synchronized Platform
6087,45,18,"Wrestling Men's Lightweight, Freestyle"
6088,45,7,Athletics Men's Triple Jump
6089,49,5,Speed Skating Men's 500 metres
6090,15,7,Athletics Men's Hammer Throw
6091,22,18,"Wrestling Women's Middleweight, Freestyle"
6092,22,30,Diving Women's Synchronized Springboard
6093,33,9,Swimming Women's 200 metres Breaststroke
6094,30,18,"Wrestling Men's Middleweight, Freestyle"
6095,45,7,Athletics Men's Standing Triple Jump
6096,45,13,Gymnastics Men's Horse Vault
6097,45,13,Gymnastics Men's Horizontal Bar
6098,45,13,Gymnastics Men's Rope Climbing
6099,45,13,Gymnastics Men's Side Horse
6100,10,18,"Wrestling Men's Heavyweight, Greco-Roman"
6101,29,29,Cycling Women's Sprint
6102,17,18,"Wrestling Men's Heavyweight, Greco-Roman"
6103,30,14,"Art Competitions Mixed Literature, Lyric Works"
6104,30,7,Athletics Women's Discus Throw
6105,37,26,"Shooting Mixed Rapid-Fire Pistol, 25 metres"
6106,47,59,Motorboating Mixed B-Class (Under 60 Feet)
6107,47,59,Motorboating Mixed C-Class
6108,34,22,Rowing Men's Single Sculls
6109,45,27,Boxing Men's Bantamweight
6110,36,18,"Wrestling Men's Lightweight, Freestyle"
6111,51,29,Cycling Men's Sprint
6112,51,29,"Cycling Men's 10,000 metres"
6113,4,7,Athletics Men's Hammer Throw
6114,35,27,Boxing Men's Heavyweight
6115,17,14,"Art Competitions Mixed Sculpturing, Reliefs"
6116,45,27,Boxing Men's Welterweight
6117,12,26,Shooting Women's Double Trap
6118,8,18,"Wrestling Men's Welterweight, Freestyle"
6119,22,18,"Wrestling Women's Lightweight, Freestyle"
6120,35,18,"Wrestling Men's Bantamweight, Freestyle"
6121,3,7,Athletics Men's Pole Vault
6122,33,22,Rowing Men's Single Sculls
6123,8,17,Weightlifting Men's Middleweight
6124,51,26,"Shooting Men's Muzzle-Loading Pistol, 25 metres"
6125,30,14,"Art Competitions Mixed Sculpturing, Reliefs"
6126,38,27,Boxing Men's Heavyweight
6127,35,14,"Art Competitions Mixed Music, Instrumental And Chamber"
6128,37,18,"Wrestling Men's Featherweight, Greco-Roman"
6129,10,7,Athletics Men's Shot Put
6130,41,24,"Fencing Men's epee, Masters, Individual"
6131,4,25,Equestrianism Mixed High Jump
6132,51,7,Athletics Men's Discus Throw
6133,22,18,"Wrestling Women's Heavyweight, Freestyle"
6134,28,31,"Canoeing Women's Kayak Singles, 500 metres"
6135,2,29,Cycling Women's Keirin
6136,30,14,"Art Competitions Mixed Music, Compositions For Solo Or Chorus"
6137,51,24,"Fencing Men's Sabre, Individual"
6138,38,31,"Canoeing Men's Kayak Singles, 1,000 metres"
6139,45,27,Boxing Men's Featherweight
6140,13,2,Judo Women's Half-Lightweight
6141,45,13,Gymnastics Men's Rings
6142,4,37,Archery Men's Sur La Perche a La Pyramide
6143,26,18,"Wrestling Men's Lightweight, Greco-Roman"
6144,20,29,Cycling Women's Sprint
6145,45,24,"Fencing Men's Single Sticks, Individual"
6146,47,34,Figure Skating Women's Singles
6147,21,18,"Wrestling Women's Middleweight, Freestyle"
6148,8,13,Gymnastics Men's Tumbling
6149,8,18,"Wrestling Men's Light-Heavyweight, Greco-Roman"
6150,14,14,Art Competitions Mixed Painting
6151,3,34,Figure Skating Women's Singles
6152,8,27,Boxing Men's Bantamweight
6153,1,18,"Wrestling Men's Welterweight, Freestyle"
6154,3,26,Shooting Men's Unknown Event
6155,8,7,Athletics Men's High Jump
6156,3,11,Sailing Mixed 18 foot
6157,4,37,Archery Men's Unknown Event
6158,4,37,"Archery Men's Au Chapelet, 50 metres"
6159,27,18,"Wrestling Men's Light-Heavyweight, Greco-Roman"
6160,45,13,Gymnastics Men's Club Swinging
6161,4,37,Archery Men's Championnat Du Monde
6162,8,18,"Wrestling Men's Middleweight, Freestyle"
6163,45,7,Athletics Men's 400 metres Hurdles
6164,8,18,"Wrestling Men's Heavyweight, Freestyle"
6165,45,22,Rowing Men's Double Sculls
6166,4,7,Athletics Men's 60 metres
6167,45,37,Archery Women's Team Round
6168,30,14,"Art Competitions Mixed Painting, Graphic Arts"
6169,41,18,"Wrestling Men's All-Around, Greco-Roman"
6170,45,17,"Weightlifting Men's Unlimited, Two Hands"
6171,33,27,Boxing Men's Light-Middleweight
6172,51,29,Cycling Men's 12-Hours Race
6173,51,9,Swimming Men's 500 metres Freestyle
6174,8,14,"Art Competitions Mixed Sculpturing, Medals And Reliefs"
6175,17,14,"Art Competitions Mixed Architecture, Designs For Town Planning"
6176,45,17,Weightlifting Men's All-Around Dumbbell Contest
6177,8,18,"Wrestling Men's Lightweight, Greco-Roman"
6178,22,17,Weightlifting Women's Featherweight
6179,4,7,Athletics Men's 400 metres Hurdles
6180,3,7,Athletics Men's 56-pound Weight Throw
6181,3,18,"Wrestling Men's Heavyweight, Freestyle"
6182,8,18,"Wrestling Men's Light-Heavyweight, Freestyle"
6183,45,27,Boxing Men's Middleweight
6184,3,14,Art Competitions Mixed Music
6185,51,24,"Fencing Men's Foil, Masters, Individual"
6186,4,37,"Archery Men's Au Chapelet, 33 metres"
6187,4,37,"Archery Men's Au Cordon Dore, 33 metres"
6188,3,37,"Archery Men's Target Archery, 28 metres, Individual"
6189,41,24,"Fencing Men's Sabre, Masters, Individual"
6190,8,64,Alpinism Mixed Alpinism
6191,30,66,Aeronautics Mixed Aeronautics
6192,3,14,Art Competitions Mixed Architecture
6193,52,67,Women's Road Race
6194,52,67,Women's Individual Time Trial
6195,52,68,Men's All-Around
6196,52,68,Men's Floor Exercise
6197,52,68,Men's Pommel Horse
6198,52,68,Men's Rings
6199,52,68,Men's Vault
6200,52,68,Men's Parallel Bars
6201,52,68,Men's Horizontal Bar
6202,52,68,Men's Team
6203,52,22,Men's Pair Team
6204,52,1,Men Team
6205,52,1,Women Team
6206,52,16,Men Team
6207,52,22,Lightweight Men's Double Sculls Team
6208,52,9,Men's 100m Breaststroke
6209,52,69,Women's Kumite +61kg
6210,52,18,Men's Greco-Roman 87kg
6211,52,16,Women Team
6212,52,43,Group All-Around Team
6213,52,70,Softball Team
6214,52,7,Men's 800m
6215,52,2,Men -73 kg
6216,52,26,10m Air Pistol Women
6217,52,26,10m Air Pistol Mixed Team
6218,52,26,10m Air Pistol Men
6219,52,2,Men -81 kg
6220,52,69,Men's Kumite -75kg
6221,52,40,Women's Team
6222,52,2,Men -66 kg
6223,52,18,Men's Freestyle 125kg
6224,52,7,Men's Javelin Throw
6225,52,3,Men Team
6226,52,28,Women -49kg
6227,52,7,Men's 3000m Steeplechase
6228,52,7,Men's Marathon
6229,52,68,Women's All-Around
6230,52,68,Women's Vault
6231,52,68,Women's Uneven Bars
6232,52,68,Women's Balance Beam
6233,52,68,Women's Floor Exercise
6234,52,24,Women's Épée Individual
6235,52,10,Women's Singles
6236,52,27,Men's Heavy (81-91kg)
6237,52,18,Men's Freestyle 57kg
6238,52,18,Men's Greco-Roman 130kg
6239,52,17,Men's 73kg
6240,52,27,Men's Super Heavy (+91kg)
6241,52,37,Men's Individual
6242,52,37,Men's Team
6243,52,27,Men's Light (57-63kg)
6244,52,18,Men's Freestyle 74kg
6245,52,2,Mixed Team
6246,52,7,Men's 400m Hurdles
6247,52,2,Women -52 kg
6248,52,7,Women's 3000m Steeplechase
6249,52,24,Men's Sabre Individual
6250,52,24,Men's Sabre Team
6251,52,30,Women's 3m Springboard
6252,52,30,Women's Synchronised 3m Springboard Team
6253,52,10,Men's Singles
6254,52,9,Men's 100m Freestyle
6255,52,47,Men Team
6256,52,11,Women's Skiff - 49er Team
6257,52,7,Men's 5000m
6258,52,7,Women's 100m
6259,52,24,Men's Foil Individual
6260,52,24,Men's Foil Team
6261,52,17,Women's 76kg
6262,52,21,Men Team
6263,52,7,Women's 400m
6264,52,7,Men's Shot Put
6265,52,71,Men
6266,52,72,Men's 10km
6267,52,22,Women's Single Sculls
6268,52,9,Men's 1500m Freestyle
6269,52,7,Men's 4 x 400m Relay Team
6270,52,7,4 x 400m Relay Mixed Team
6271,52,9,Mixed 4 x 100m Medley Relay Team
6272,52,28,Men -68kg
6273,52,40,Men's Singles
6274,52,40,Mixed Doubles Team
6275,52,26,Skeet Men
6276,52,18,Men's Greco-Roman 97kg
6277,52,9,Men's 4 x 100m Freestyle Relay Team
6278,52,48,Women's Individual
6279,52,28,Women +67kg
6280,52,37,Women's Individual
6281,52,37,Mixed Team
6282,52,9,Men's 800m Freestyle
6283,52,3,Women Team
6284,52,73,Men's Kayak
6285,52,20,Men Team
6286,52,22,Men's Eight Team
6287,52,7,Women's 4 x 100m Relay Team
6288,52,28,Women -57kg
6289,52,9,Women's 100m Breaststroke
6290,52,7,Women's Shot Put
6291,52,17,Men's 96kg
6292,52,18,Women's Freestyle 76kg
6293,52,7,Men's 100m
6294,52,18,Women's Freestyle 57kg
6295,52,18,Women's Freestyle 62kg
6296,52,43,Individual All-Around
6297,52,2,Women +78 kg
6298,52,74,Women
6299,52,75,Men's Canoe Single 1000m
6300,52,75,Men's Canoe Double 1000m Team
6301,52,22,Men's Double Sculls Team
6302,52,22,Women's Quadruple Sculls Team
6303,52,11,Men's Two Person Dinghy - 470 Team
6304,52,7,Women's 1500m
6305,52,7,Men's 400m
6306,52,76,Women
6307,52,9,Women's 50m Freestyle
6308,52,2,Women -63 kg
6309,52,45,Men Team
6310,52,75,Men's Kayak Single 1000m
6311,52,7,Men's Triple Jump
6312,52,18,Men's Freestyle 86kg
6313,52,38,Men Team
6314,52,7,Men's 50km Race Walk
6315,52,2,Women -78 kg
6316,52,7,Women's Heptathlon
6317,52,30,Women's 10m Platform
6318,52,30,Women's Synchronised 10m Platform Team
6319,52,27,Men's Welter (63-69kg)
6320,52,9,Men's 100m Butterfly
6321,52,18,Women's Freestyle 68kg
6322,52,7,"Men's 10,000m"
6323,52,75,Women's Kayak Single 200m
6324,52,75,Women's Kayak Single 500m
6325,52,10,Men's Doubles Team
6326,52,71,Women
6327,52,9,Women's 4 x 100m Freestyle Relay Team
6328,52,22,Women's Pair Team
6329,52,18,Men's Greco-Roman 60kg
6330,52,17,Women's 49kg
6331,52,18,Men's Greco-Roman 77kg
6332,52,45,Women Team
6333,52,7,Men's 4 x 100m Relay Team
6334,52,26,10m Air Rifle Men
6335,52,26,50m Rifle 3 Positions Men
6336,52,68,Women's Team
6337,52,18,Women's Freestyle 53kg
6338,52,26,25m Rapid Fire Pistol Men
6339,52,7,Men's High Jump
6340,52,38,Women Team
6341,52,27,Women's Welter (64-69kg)
6342,52,2,Men -60 kg
6343,52,17,Women's +87kg
6344,52,18,Men's Freestyle 65kg
6345,52,75,Men's Kayak Single 200m
6346,52,69,Men's Kumite +75kg
6347,52,77,Jumping Team
6348,52,77,Jumping Individual
6349,52,26,Trap Men
6350,52,22,Men's Single Sculls
6351,52,18,Men's Greco-Roman 67kg
6352,52,27,Men's Fly (48-52kg)
6353,52,48,Men's Individual
6354,52,48,Mixed Relay Team
6355,52,28,Men +80kg
6356,52,21,Women Team
6357,52,11,Mixed Multihull - Nacra 17 Foiling Team
6358,52,2,Women -57 kg
6359,52,22,Women's Eight Team
6360,52,32,Women's Singles
6361,52,78,Team
6362,52,17,Women's 59kg
6363,52,7,Women's 800m
6364,52,28,Men -80kg
6365,52,78,Duet Team
6366,52,27,Women's Light (57-60kg)
6367,52,27,Men's Light Heavy (75-81kg)
6368,52,77,Eventing Team
6369,52,77,Eventing Individual
6370,52,27,Women's Feather (54-57kg)
6371,52,26,Trap Women
6372,52,26,Trap Mixed Team
6373,52,27,Men's Feather (52-57kg)
6374,52,7,Men's 110m Hurdles
6375,52,17,Men's 81kg
6376,52,70,Baseball Team
6377,52,9,Men's 200m Breaststroke
6378,52,7,Women's Discus Throw
6379,52,7,Women's 4 x 400m Relay Team
6380,52,69,Men's Kumite -67kg
6381,52,67,Men's Road Race
6382,52,67,Men's Individual Time Trial
6383,52,9,Women's 4 x 200m Freestyle Relay Team
6384,52,69,Men's Kata
6385,52,9,Women's 100m Butterfly
6386,52,28,Women -67kg
6387,52,17,Men's 61kg
6388,52,22,Lightweight Women's Double Sculls Team
6389,52,2,Women -48 kg
6390,52,9,Men's 400m Freestyle
6391,52,9,Men's 200m Freestyle
6392,52,79,Women's Team Pursuit Team
6393,52,27,Men's Middle (69-75kg)
6394,52,7,Men's 200m
6395,52,11,Men's Skiff - 49er Team
6396,52,7,Women's 100m Hurdles
6397,52,37,Women's Team
6398,52,7,Women's Marathon
6399,52,69,Women's Kata
6400,52,2,Men -90 kg
6401,52,7,Men's Hammer Throw
6402,52,26,Skeet Women
6403,52,35,Men's Individual Stroke Play
6404,52,7,Women's Hammer Throw
6405,52,80,Men's Park
6406,52,9,Women's 100m Freestyle
6407,52,9,Women's 200m Freestyle
6408,52,9,Women's 4 x 100m Medley Relay Team
6409,52,72,Women's 10km
6410,52,7,4 x 400m Relay Mixed
6411,52,7,Women's 20km Race Walk
6412,52,74,Men
6413,52,9,Women's 200m Individual Medley
6414,52,17,Women's 64kg
6415,52,7,"Women's 10,000m"
6416,52,76,Men
6417,52,7,Men's 1500m
6418,52,75,Women's Canoe Single 200m
6419,52,75,Women's Canoe Double 500m Team
6420,52,7,Women's Javelin Throw
6421,52,9,Men's 50m Freestyle
6422,52,9,Men's 200m Individual Medley
6423,52,9,Men's 4 x 100m Medley Relay Team
6424,52,20,Women Team
6425,52,79,Women's Sprint
6426,52,79,Women's Keirin
6427,52,17,Women's 87kg
6428,52,17,Men's 67kg
6429,52,11,Women's One Person Dinghy - Laser Radial
6430,52,32,Men's Singles
6431,52,32,Men's Doubles Team
6432,52,22,Women's Four Team
6433,52,75,Men's Kayak Double 1000m Team
6434,52,75,Men's Kayak Four 500m Team
6435,52,22,Men's Quadruple Sculls Team
6436,52,79,Women's Team Sprint Team
6437,52,22,Women's Double Sculls Team
6438,52,24,Women's Sabre Individual
6439,52,24,Women's Sabre Team
6440,52,80,Men's Street
6441,52,32,Women's Doubles Team
6442,52,40,Men's Team
6443,52,9,Men's 4 x 200m Freestyle Relay Team
6444,52,2,Women -70 kg
6445,52,7,Women's Long Jump
6446,52,11,Men's One Person Dinghy - Laser
6447,52,33,Women's Individual
6448,52,79,Women's Omnium
6449,52,79,Women's Madison Team
6450,52,9,Women's 100m Backstroke
6451,52,30,Men's 3m Springboard
6452,52,7,Men's 20km Race Walk
6453,52,75,Women's Kayak Double 500m Team
6454,52,11,Women's Two Person Dinghy - 470 Team
6455,52,30,Men's 10m Platform
6456,52,80,Women's Park
6457,52,9,Men's 100m Backstroke
6458,52,9,Men's 400m Individual Medley
6459,52,26,10m Air Rifle Women
6460,52,26,50m Rifle 3 Positions Women
6461,52,26,10m Air Rifle Mixed Team
6462,52,47,Women Team
6463,52,28,Men -58kg
6464,52,26,25m Pistol Women
6465,52,17,Men's +109kg
6466,52,35,Women's Individual Stroke Play
6467,52,11,Men's Windsurfer - RS:X
6468,52,7,Women's 4 x 100m Relay
6469,52,9,Men's 200m Backstroke
6470,52,32,Mixed Doubles Team
6471,52,81,Men's Cross-country
6472,52,9,Women's 200m Butterfly
6473,52,79,Men's Sprint
6474,52,79,Men's Keirin
6475,52,77,Dressage Team
6476,52,77,Dressage Individual
6477,52,7,Women's 200m
6478,52,24,Women's Foil Individual
6479,52,24,Women's Foil Team
6480,52,9,Women's 1500m Freestyle
6481,52,17,Men's 109kg
6482,52,9,Men's 200m Butterfly
6483,52,9,Women's 200m Backstroke
6484,52,69,Women's Kumite -55kg
6485,52,7,Men's Discus Throw
6486,52,40,Women's Singles
6487,52,30,Men's Synchronised 10m Platform Team
6488,52,9,Women's 400m Individual Medley
6489,52,24,Men's Épée Individual
6490,52,24,Men's Épée Team
6491,52,79,Women's Madison
6492,52,2,Men +100 kg
6493,52,7,Men's Decathlon
6494,52,7,Women's 5000m
6495,52,81,Women's Cross-country
6496,52,82,Women Team
6497,52,11,Women's Windsurfer - RS:X
6498,52,7,Women's 400m Hurdles
6499,52,9,Women's 200m Breaststroke
6500,52,82,Men Team
6501,52,33,Men's Individual
6502,52,24,Women's Épée Team
6503,52,9,Women's 800m Freestyle
6504,52,83,Women's Park
6505,52,7,Women's Pole Vault
6506,52,80,Women's Street
6507,52,73,Men's Canoe
6508,52,22,Men's Four Team
6509,52,11,Men's One Person Dinghy (Heavyweight) - Finn
6510,52,79,Men's Team Pursuit Team
6511,52,79,Men's Madison Team
6512,52,73,Women's Canoe
6513,52,7,Men's Long Jump
6514,52,79,Men's Team Sprint Team
6515,52,10,Women's Doubles Team
6516,52,7,Men's Pole Vault
6517,52,9,Women's 400m Freestyle
6518,52,75,Women's Kayak Four 500m Team
6519,52,10,Mixed Doubles Team
6520,52,2,Men -100 kg
6521,52,7,Women's High Jump
6522,52,27,Women's Fly (48-51kg)
6523,52,73,Women's Kayak
6524,52,83,Men's Park
6525,52,27,Women's Middle (69-75kg)
6526,52,30,Men's Synchronised 3m Springboard Team
6527,52,84,Women's Combined
6528,52,17,Women's 55kg
6529,52,84,Men's Combined
6530,52,69,Women's Kumite -61kg
6531,52,7,Men's 4 x 400m Relay
6532,52,79,Men's Omnium
6533,52,18,Men's Freestyle 97kg
6534,52,18,Women's Freestyle 50kg
6535,52,7,Women's Triple Jump
6536,52,7,Men's 4 x 100m Relay
6537,52,7,Women's 4 x 400m Relay
6538,53,18,Men's Greco-Roman 97kg
6539,53,18,Men's Greco-Roman 77kg
6540,53,18,Men's Greco-Roman 67kg
6541,53,18,Men's Freestyle 57kg
6542,53,18,Men's Freestyle 65kg
6543,53,7,Women's 20km Race Walk
6544,53,7,Marathon Race Walk Relay Mixed
6545,53,2,Men -60 kg
6546,53,7,Women's 100m
6547,53,7,Women's 200m
6548,53,7,Men's 100m
6549,53,48,Women's Individual
6550,53,48,Men's Individual
6551,53,9,Women's 50m Freestyle
6552,53,78,Team
6553,53,78,Duet
6554,53,2,Men -81 kg
6555,53,17,Men's +102kg
6556,53,7,Men's 5000m
6557,53,7,Men's Marathon
6558,53,7,Women's 5000m
6559,53,9,Men's 50m Freestyle
6560,53,73,Men's Kayak Single
6561,53,73,Men's Kayak Cross
6562,53,27,Men's 63.5kg
6563,53,27,Men's 71kg
6564,53,7,Men's 800m
6565,53,7,Men's High Jump
6566,53,7,Men's Shot Put
6567,53,7,Men's Hammer Throw
6568,53,7,Men's 20km Race Walk
6569,53,7,Women's 400m
6570,53,7,Women's Marathon
6571,53,11,Women's Dinghy
6572,53,11,Women's Windsurfing
6573,53,22,Women's Single Sculls
6574,53,22,Lightweight Men's Double Sculls
6575,53,68,Women
6576,53,68,Women's All-Around
6577,53,68,Women's Balance Beam
6578,53,68,Women's Floor Exercise
6579,53,68,Women's Uneven Bars
6580,53,68,Women's Vault
6581,53,30,Men's 10m Platform
6582,53,30,Men's Synchronised 10m Platform
6583,53,30,Women's 10m Platform
6584,53,30,Women's Synchronised 10m Platform
6585,53,30,Men's 3m Springboard
6586,53,30,Men's Synchronised 3m Springboard
6587,53,77,Jumping Individual
6588,53,77,Jumping Team
6589,53,9,Men's 100m Breaststroke
6590,53,9,Men's 200m Breaststroke
6591,53,43,Group All-Around
6592,53,33,Men's Individual
6593,53,33,Women's Individual
6594,53,28,Men +80kg
6595,53,28,Women -49kg
6596,53,74,Men
6597,53,2,Men -90 kg
6598,53,2,Men -100 kg
6599,53,2,Men +100 kg
6600,53,2,Women -52 kg
6601,53,2,Men -73 kg
6602,53,67,Women's Road Race
6603,53,37,Women's Individual
6604,53,37,Women's Team
6605,53,37,Mixed Team
6606,53,37,Men's Individual
6607,53,37,Men's Team
6608,53,26,10m Air Rifle Men
6609,53,26,10m Air Rifle Mixed Team
6610,53,26,Skeet Women
6611,53,26,10m Air Pistol Women
6612,53,26,25m Pistol Women
6613,53,26,50m Rifle 3 Positions Men
6614,53,73,Women's Kayak Single
6615,53,73,Women's Kayak Cross
6616,53,75,Women's Kayak Single 500m
6617,53,75,Women's Kayak Double 500m
6618,53,7,Women's Long Jump
6619,53,7,Women's Javelin Throw
6620,53,18,Women's Freestyle 76kg
6621,53,27,Women's 60kg
6622,53,27,Women's 57kg
6623,53,11,Men's Kite
6624,53,9,Men's 100m Freestyle
6625,53,3,Men
6626,53,11,Men's Dinghy
6627,53,9,Women's 100m Breaststroke
6628,53,9,Women's 200m Breaststroke
6629,53,9,Women's 4 x 100m Medley Relay
6630,53,26,10m Air Pistol Men
6631,53,77,Dressage Individual
6632,53,28,Men -80kg
6633,53,28,Women -57kg
6634,53,72,Men's 10km
6635,53,72,Women's 10km
6636,53,30,Women's 3m Springboard
6637,53,84,Men's Speed
6638,53,40,Men's Singles
6639,53,2,Women +78 kg
6640,53,35,Men's Individual Stroke Play
6641,53,7,Men's 1500m
6642,53,7,Women's 800m
6643,53,35,Women's Individual Stroke Play
6644,53,40,Women's Singles
6645,53,10,Men's Singles
6646,53,10,Mixed Doubles
6647,53,10,Women's Singles
6648,53,67,Men's Road Race
6649,53,22,Men's Single Sculls
6650,53,7,Women's Triple Jump
6651,53,17,Men's 89kg
6652,53,7,Women's 1500m
6653,53,75,Men's Kayak Single 1000m
6654,53,7,"Men's 10,000m"
6655,53,17,Women's 49kg
6656,53,7,"Women's 10,000m"
6657,53,7,Men's Decathlon
6658,53,7,Women's 100m Hurdles
6659,53,9,Women's 100m Backstroke
6660,53,7,Men's 400m Hurdles
6661,53,9,Men's 200m Freestyle
6662,53,9,Women's 400m Freestyle
6663,53,9,Women's 800m Freestyle
6664,53,17,Women's 59kg
6665,53,2,Women -63 kg
6666,53,75,Men's Canoe Single 1000m
6667,53,7,Men's 400m
6668,53,28,Women -67kg
6669,53,26,Trap Men
6670,53,28,Men -68kg
6671,53,9,Men's 100m Backstroke
6672,53,7,Women's 3000m Steeplechase
6673,53,7,Men's 4 x 100m Relay
6674,53,17,Men's 102kg
6675,53,26,Skeet Men
6676,53,26,10m Air Rifle Women
6677,53,11,Mixed Multihull
6678,53,11,Men's Windsurfing
6679,53,11,Women's Kite
6680,53,40,Women's Team
6681,53,40,Men's Team
6682,53,26,Skeet Mixed Team
6683,53,9,Women's 200m Backstroke
6684,53,26,50m Rifle 3 Positions Women
6685,53,26,Trap Women
6686,53,26,10m Air Pistol Mixed Team
6687,53,21,Women
6688,53,21,Men
6689,53,22,Lightweight Women's Double Sculls
6690,53,7,Women's 4 x 100m Relay
6691,53,68,Men
6692,53,68,Men's Vault
6693,53,76,Men
6694,53,7,Women's Shot Put
6695,53,7,Men's Triple Jump
6696,53,7,Women's 400m Hurdles
6697,53,7,Men's Discus Throw
6698,53,7,Women's Hammer Throw
6699,53,7,Men's Javelin Throw
6700,53,10,Men's Doubles
6701,53,10,Women's Doubles
6702,53,7,Women's High Jump
6703,53,9,Men's 400m Freestyle
6704,53,9,Women's 100m Freestyle
6705,53,7,Men's 200m
6706,53,26,25m Rapid Fire Pistol Men
6707,53,2,Men -66 kg
6708,53,24,Men's Sabre Individual
6709,53,45,Men
6710,53,27,Women's 66kg
6711,53,9,Women's 4 x 100m Freestyle Relay
6712,53,9,Relay Only Athlete
6713,53,9,Men's 4 x 100m Medley Relay
6714,53,85,Men's 10km
6715,53,85,Men's 1500m Freestyle
6716,53,85,Men's 800m Freestyle
6717,53,79,Women's Madison
6718,53,79,Women's Omnium
6719,53,79,Women's Team Pursuit
6720,53,68,Men's Pommel Horse
6721,53,22,Women's Pair
6722,53,22,Women's Four
6723,53,16,Men
6724,53,18,Men's Greco-Roman 130kg
6725,53,18,Men's Greco-Roman 60kg
6726,53,18,Women's Freestyle 53kg
6727,53,18,Women's Freestyle 62kg
6728,53,18,Men's Freestyle 97kg
6729,53,17,Men's 61kg
6730,53,27,Men's +92kg
6731,53,27,Women's 50kg
6732,53,80,Men's Street
6733,53,75,Women's Canoe Single 200m
6734,53,76,Women
6735,53,27,Women's 54kg
6736,53,27,Men's 57kg
6737,53,24,Men's Épée Individual
6738,53,43,Individual All-Around
6739,53,40,Mixed Doubles
6740,53,24,Men's Sabre Team
6741,53,9,Women's 200m Freestyle
6742,53,9,Men's 1500m Freestyle
6743,53,24,Women's Foil Individual
6744,53,24,Women's Épée Individual
6745,53,75,Men's Canoe Double 500m
6746,53,81,Men's Cross-country
6747,53,28,Women +67kg
6748,53,9,Men's 100m Butterfly
6749,53,32,Men's Doubles
6750,53,32,Men's Singles
6751,53,80,Women's Park
6752,53,86,B-Boys
6753,53,86,B-Girls
6754,53,17,Women's 81kg
6755,53,18,Men's Freestyle 125kg
6756,53,18,Men's Greco-Roman 87kg
6757,53,27,Women's 75kg
6758,53,7,4 x 400m Relay Mixed
6759,53,7,Women's 4 x 400m Relay
6760,53,45,Women
6761,53,9,Women's 100m Butterfly
6762,53,9,Women's 200m Individual Medley
6763,53,9,Women's 400m Individual Medley
6764,53,11,Men's Skiff
6765,53,67,Men's Individual Time Trial
6766,53,22,Men's Double Sculls
6767,53,22,Men's Pair
6768,53,22,Women's Double Sculls
6769,53,71,Men
6770,53,32,Women's Singles
6771,53,7,Men's Long Jump
6772,53,7,Women's Heptathlon
6773,53,83,Women's Park
6774,53,79,Women's Keirin
6775,53,79,Women's Sprint
6776,53,79,Men's Keirin
6777,53,79,Men's Sprint
6778,53,17,Men's 73kg
6779,53,17,Women's 71kg
6780,53,9,Men's 800m Freestyle
6781,53,2,Women -48 kg
6782,53,80,Men's Park
6783,53,17,Women's +81kg
6784,53,84,Men's Boulder & Lead
6785,53,84,Women's Boulder & Lead
6786,53,7,Men's 4 x 400m Relay
6787,53,7,Men's 3000m Steeplechase
6788,53,73,Men's Canoe Single
6789,53,18,Men's Freestyle 86kg
6790,53,18,Men's Freestyle 74kg
6791,53,18,Women's Freestyle 50kg
6792,53,18,Women's Freestyle 57kg
6793,53,2,Women -57 kg
6794,53,2,Women -78 kg
6795,53,67,Women's Individual Time Trial
6796,53,9,Men's 200m Individual Medley
6797,53,81,Women's Cross-country
6798,53,27,Men's 92kg
6799,53,2,Mixed Team
6800,53,47,Women
6801,53,28,Men -58kg
6802,53,22,Men's Quadruple Sculls
6803,53,22,Men's Four
6804,53,22,Men's Eight
6805,53,22,Women's Eight
6806,53,9,Women's 200m Butterfly
6807,53,47,Men
6808,53,9,Men's 200m Backstroke
6809,53,1,Women
6810,53,32,Women's Doubles
6811,53,2,Women -70 kg
6812,53,68,Women's Team
6813,53,27,Men's 51kg
6814,53,68,Men's Parallel Bars
6815,53,75,Women's Canoe Double 500m
6816,53,22,Women's Quadruple Sculls
6817,53,24,Men's Foil Individual
6818,53,73,Women's Canoe Single
6819,53,68,Men's All-Around
6820,53,68,Men's Floor Exercise
6821,53,68,Men's Horizontal Bar
6822,53,68,Men's Rings
6823,53,68,Men's Team
6824,53,71,Women
6825,53,79,Women's Team Sprint
6826,53,79,Men's Omnium
6827,53,24,Women's Sabre Individual
6828,53,7,Women's Pole Vault
6829,53,7,Men's Pole Vault
6830,53,7,Women's Discus Throw
6831,53,84,Women's Speed
6832,53,16,Women
6833,53,32,Mixed Doubles
6834,53,77,Eventing Individual
6835,53,77,Eventing Team
6836,53,9,Women's 1500m Freestyle
6837,53,27,Men's 80kg
6838,53,9,Men's 200m Butterfly
6839,53,20,Men
6840,53,74,Women
6841,53,11,Mixed Dinghy
6842,53,11,Women's Skiff
6843,53,7,Men's 110m Hurdles
6844,53,87,Women's Road Race
6845,53,87,Women's Keirin
6846,53,87,Women's Sprint
6847,53,1,Men
6848,53,38,Men
6849,53,85,Men's 200m Freestyle
6850,53,85,Men's 400m Freestyle
6851,53,79,Men's Madison
6852,53,18,Women's Freestyle 68kg
6853,53,75,Women's Kayak Four 500m
6854,53,75,Men's Kayak Four 500m
6855,53,82,Men
6856,53,75,Men's Kayak Double 500m
6857,53,82,Women
6858,53,9,Men's 4 x 100m Freestyle Relay
6859,53,9,Mixed 4 x 100m Medley Relay
6860,53,38,Women
6861,53,77,Dressage Team
6862,53,79,Men's Team Pursuit
6863,53,87,Men's Road Race
6864,53,87,Men's Madison
6865,53,87,Men's Team Pursuit
6866,53,80,Women's Street
6867,53,3,Women
6868,53,9,Women's 4 x 200m Freestyle Relay
6869,53,79,Men's Team Sprint
6870,53,87,Women's Individual Time Trial
6871,53,87,Women's Team Pursuit
6872,53,9,Men's 4 x 200m Freestyle Relay
6873,53,9,Men's 400m Individual Medley
6874,53,24,Men's Foil Team
6875,53,24,Women's Foil Team
6876,53,24,Women's Épée Team
6877,53,83,Men's Park
6878,53,88,Women's Road Race
6879,53,88,Women's Cross-country
6880,53,24,Women's Sabre Team
6881,53,24,Men's Épée Team
6882,53,30,Women's Synchronised 3m Springboard
6883,53,87,Women's Omnium
6884,53,20,Women
6885,53,85,Women's 10km
6886,53,85,Women's 1500m Freestyle
6887,53,85,Women's 400m Freestyle
6888,53,88,Men's Road Race
6889,53,88,Men's Cross-country
6890,53,87,Women's Madison
6891,53,87,Men's Omnium
6892,53,87,Men's Individual Time Trial
6893,53,89,Women's Individual Time Trial
6894,53,89,Women's Individual
6895,53,85,Women's 400m Individual Medley
6896,53,90,Women
6897,53,85,Men's 4 x 200m Freestyle Relay
6898,53,48,Mixed Relay
6899,14,32,"Singles, Men (Olympic)"
6900,14,32,"Doubles, Men (Olympic)"
6901,3,32,"Singles, Men (Olympic)"
6902,3,32,"Doubles, Mixed (Olympic)"
6903,3,32,"Doubles, Men (Olympic)"
6904,13,32,"Singles, Men (Olympic)"
6905,13,32,"Doubles, Men (Olympic)"
6906,15,32,"Singles, Men (Olympic)"
6907,15,32,"Doubles, Mixed (Olympic)"
6908,15,32,"Doubles, Men (Olympic)"
6909,14,32,"Doubles, Mixed (Olympic)"
6910,1,40,"Singles, Men (Olympic)"
6911,1,40,"Doubles, Men (Olympic)"
6912,13,40,"Singles, Men (Olympic)"
6913,13,40,"Doubles, Men (Olympic)"
6914,12,40,"Doubles, Men (Olympic)"
6915,22,40,"Singles, Men (Olympic)"
6916,20,40,"Singles, Men (Olympic)"
6917,4,32,"Doubles, Men (Olympic)"
6918,4,32,"Singles, Handicap, Men (Olympic (non-medal))"
6919,4,32,"Doubles, Handicap, Men (Olympic (non-medal))"
6920,4,24,"Épée, Individual, Men (Olympic)"
6921,4,24,Tennis
6922,4,24,"Doubles, Men (Olympic)"
6923,4,24,"Doubles, Handicap, Mixed (Olympic (non-medal))"
6924,4,24,"Singles, Handicap, Men (Olympic (non-medal))"
6925,4,24,"Doubles, Handicap, Men (Olympic (non-medal))"
6926,4,32,"Singles, Men (Olympic)"
6927,54,32,"Singles, Men (Intercalated)"
6928,54,32,"Doubles, Mixed (Intercalated)"
6929,54,32,"Doubles, Men (Intercalated)"
6930,47,32,"Singles, Men (Olympic)"
6931,47,32,"Doubles, Men (Olympic)"
6932,14,32,"Doubles, Covered Courts, Mixed (Olympic)"
6933,14,32,"Singles, Covered Courts, Men (Olympic)"
6934,51,32,"Singles, Men (Olympic)"
6935,51,32,"Doubles, Men (Olympic)"
6936,12,40,"Singles, Men (Olympic)"
6937,26,32,"Singles, Men (Olympic (non-medal))"
6938,29,32,"Singles, Men (Olympic)"
6939,29,32,"Doubles, Men (Olympic)"
6940,1,32,"Singles, Men (Olympic)"
6941,1,32,"Doubles, Men (Olympic)"
6942,29,40,"Singles, Men (Olympic)"
6943,29,40,"Doubles, Men (Olympic)"
6944,4,32,"Doubles, Handicap, Mixed (Olympic (non-medal))"
6945,14,32,"Doubles, Covered Courts, Men (Olympic)"
6946,4,32,Polo
6947,4,32,"Polo, Men (Olympic (non-medal))"
6948,1,10,"Singles, Men (Olympic)"
6949,12,32,"Singles, Men (Olympic)"
6950,22,32,"Singles, Men (Olympic)"
6951,22,32,"Doubles, Men (Olympic)"
6952,13,10,"Singles, Men (Olympic)"
6953,4,32,"Doubles, Mixed (Olympic)"
6954,14,32,"Singles, Covered Courts, Women (Olympic)"
6955,3,32,"Singles, Women (Olympic)"
6956,3,32,"Doubles, Women (Olympic)"
6957,47,32,"Singles, Women (Olympic)"
6958,47,32,"Singles, Covered Courts, Women (Olympic)"
6959,1,10,"Doubles, Women (Olympic)"
6960,13,10,"Doubles, Mixed (Olympic)"
6961,13,10,"Doubles, Women (Olympic)"
6962,15,32,"Doubles, Women (Olympic)"
6963,4,32,"Singles, Women (Olympic)"
6964,4,32,"Singles, Handicap, Women (Olympic (non-medal))"
6965,15,32,"Singles, Women (Olympic)"
6966,29,32,"Singles, Women (Olympic)"
6967,29,32,"Doubles, Women (Olympic)"
6968,1,32,"Singles, Women (Olympic)"
6969,1,40,"Singles, Women (Olympic)"
6970,1,40,"Doubles, Women (Olympic)"
6971,13,40,"Doubles, Women (Olympic)"
6972,13,32,"Doubles, Women (Olympic)"
6973,13,40,"Singles, Women (Olympic)"
6974,13,10,"Singles, Women (Olympic)"
6975,12,10,"Singles, Women (Olympic)"
6976,22,10,"Singles, Women (Olympic)"
6977,1,10,"Singles, Women (Olympic)"
6978,1,32,"Doubles, Women (Olympic)"
6979,13,32,"Singles, Women (Olympic)"
6980,12,10,"Doubles, Mixed (Olympic)"
6981,12,10,"Doubles, Women (Olympic)"
6982,13,10,"Doubles, Men (Olympic)"
6983,12,10,"Doubles, Men (Olympic)"
6984,47,32,"Singles, Covered Courts, Men (Olympic)"
6985,47,32,"Doubles, Covered Courts, Men (Olympic)"
6986,1,10,"Doubles, Men (Olympic)"
6987,29,10,"Singles, Men (Olympic (non-medal))"
6988,12,10,"Singles, Men (Olympic)"
6989,26,32,"Singles, Women (Olympic (non-medal))"
6990,14,32,"Singles, Women (Olympic)"
6991,29,40,"Singles, Women (Olympic)"
6992,29,40,"Doubles, Women (Olympic)"
6993,12,40,"Doubles, Women (Olympic)"
6994,22,40,"Singles, Women (Olympic)"
6995,22,40,"Doubles, Women (Olympic)"
6996,20,40,"Singles, Women (Olympic)"
6997,20,40,"Team, Women (Olympic)"
6998,12,40,"Singles, Women (Olympic)"
6999,45,32,"Singles, Men (Olympic)"
7000,45,32,"Singles, Men (Olympic (non-medal))"
7001,45,32,"Doubles, Men (Olympic)"
7002,45,32,"Doubles, Men (Olympic (non-medal))"
7003,12,32,"Doubles, Men (Olympic)"
7004,47,21,"Hockey, Men (Olympic)"
7005,47,21,Tennis
7006,47,21,"Singles, Men (Olympic)"
7007,47,21,"Doubles, Men (Olympic)"
7008,22,40,"Doubles, Men (Olympic)"
7009,51,7,"100 metres, Men (Olympic)"
7010,51,7,"400 metres, Men (Olympic)"
7011,51,7,"800 metres, Men (Olympic)"
7012,51,7,"110 metres Hurdles, Men (Olympic)"
7013,51,7,"High Jump, Men (Olympic)"
7014,51,7,"Pole Vault, Men (Olympic)"
7015,51,7,"Long Jump, Men (Olympic)"
7016,51,7,"Triple Jump, Men (Olympic)"
7017,51,7,Tennis
7018,51,7,"Singles, Men (Olympic)"
7019,51,7,"Doubles, Men (Olympic)"
7020,22,32,"Doubles, Women (Olympic)"
7021,20,40,"Team, Men (Olympic)"
7022,2,40,"Singles, Men (Olympic)"
7023,51,32,Swimming (Aquatics)
7024,51,32,"100 metres Freestyle, Men (Olympic)"
7025,51,32,"500 metres Freestyle, Men (Olympic)"
7026,51,32,"1,200 metres Freestyle, Men (Olympic)"
7027,2,40,"Singles, Women (Olympic)"
7028,15,14,"Architecture, Open (Olympic)"
7029,51,32,Weightlifting
7030,51,32,"Unlimited, Two Hands, Men (Olympic)"
7031,51,32,Wrestling
7032,51,32,"Unlimited Class, Greco-Roman, Men (Olympic)"
7033,51,32,Athletics
7034,51,32,"Pole Vault, Men (Olympic)"
7035,51,32,"Long Jump, Men (Olympic)"
7036,51,32,"Shot Put, Men (Olympic)"
7037,12,32,"Doubles, Women (Olympic)"
7038,26,33,"Individual, Men (Olympic)"
7039,26,33,"Team, Men (Olympic)"
7040,22,10,"Doubles, Women (Olympic)"
7041,22,10,"Doubles, Men (Olympic)"
7042,20,10,"Doubles, Mixed (Olympic)"
7043,20,32,"Doubles, Men (Olympic)"
7044,2,32,"Doubles, Men (Olympic)"
7045,2,32,"Doubles, Mixed (Olympic)"
7046,21,32,"Doubles, Men (Olympic)"
7047,29,37,"Individual, Men (Olympic)"
7048,36,37,"Individual, Women (Olympic)"
7049,13,37,"Individual, Women (Olympic)"
7050,22,37,"Individual, Women (Olympic)"
7051,22,37,"Team, Women (Olympic)"
7052,28,37,"Individual, Women (Olympic)"
7053,37,37,"Individual, Women (Olympic)"
7054,26,37,"Individual, Women (Olympic)"
7055,36,37,"Individual, Men (Olympic)"
7056,26,37,"Individual, Men (Olympic)"
7057,29,37,"Team, Men (Olympic)"
7058,37,37,"Individual, Men (Olympic)"
7059,1,37,"Individual, Men (Olympic)"
7060,1,37,"Team, Men (Olympic)"
7061,13,37,"Individual, Men (Olympic)"
7062,13,37,"Team, Men (Olympic)"
7063,12,37,"Individual, Men (Olympic)"
7064,12,37,"Team, Men (Olympic)"
7065,22,37,"Individual, Men (Olympic)"
7066,22,37,"Team, Men (Olympic)"
7067,20,37,"Individual, Men (Olympic)"
7068,20,37,"Team, Men (Olympic)"
7069,28,37,"Individual, Men (Olympic)"
7070,3,37,"Target Archery, 28 metres, Team, Men (Olympic)"
7071,3,37,"Target Archery, 33 metres, Team, Men (Olympic)"
7072,3,37,"Target Archery, 50 metres, Team, Men (Olympic)"
7073,3,37,"Pole Archery, Small Birds, Individual, Men (Olympic)"
7074,3,37,"Pole Archery, Large Birds, Individual, Men (Olympic)"
7075,3,37,"Pole Archery, Small Birds, Team, Men (Olympic)"
7076,3,37,"Pole Archery, Large Birds, Team, Men (Olympic)"
7077,4,37,"Sur La Perche À La Herse, Men (Olympic)"
7078,4,37,"Au Chapelet, 33 metres, Men (Olympic)"
7079,4,37,"Au Chapelet, 50 metres, Men (Olympic)"
7080,4,37,"Au Cordon Doré, 33 metres, Men (Olympic)"
7081,4,37,"Au Cordon Doré, 50 metres, Men (Olympic)"
7082,4,37,"Championnat Du Monde, Men (Olympic)"
7083,3,37,"Target Archery, 28 metres, Individual, Men (Olympic)"
7084,3,37,"Target Archery, 33 metres, Individual, Men (Olympic)"
7085,3,37,"Target Archery, 50 metres, Individual, Men (Olympic)"
7086,1,37,"Individual, Women (Olympic)"
7087,1,37,"Team, Women (Olympic)"
7088,12,37,"Individual, Women (Olympic)"
7089,29,37,"Individual, Women (Olympic)"
7090,13,37,"Team, Women (Olympic)"
7091,12,37,"Team, Women (Olympic)"
7092,29,37,"Team, Women (Olympic)"
7093,47,37,"Continental Style, Men (Olympic)"
7094,47,37,"Double York Round, Men (Olympic)"
7095,4,37,"Sur La Perche À La Pyramide, Men (Olympic)"
7096,4,37,"French Championship, Individual, Men (Olympic (non-medal))"
7097,20,37,"Individual, Women (Olympic)"
7098,2,37,"Individual, Women (Olympic)"
7099,2,37,"Team, Women (Olympic)"
7100,47,37,"Double National Round, Women (Olympic)"
7101,20,37,"Team, Women (Olympic)"
7102,2,37,"Individual, Men (Olympic)"
7103,2,37,"Team, Men (Olympic)"
7104,20,32,"Doubles, Women (Olympic)"
7105,51,7,"1,500 metres, Men (Olympic)"
7106,51,7,"Marathon, Men (Olympic)"
7107,2,40,"Team, Men (Olympic)"
7108,12,32,"Singles, Women (Olympic)"
7109,35,21,"Hockey, Men (Olympic)"
7110,21,40,"Singles, Men (Olympic)"
7111,22,32,"Singles, Women (Olympic)"
7112,22,10,"Doubles, Mixed (Olympic)"
7113,29,10,"Doubles, Women (Olympic (non-medal))"
7114,20,32,"Singles, Women (Olympic)"
7115,29,10,"Doubles, Men (Olympic (non-medal))"
7116,29,10,"Singles, Women (Olympic (non-medal))"
7117,20,32,"Singles, Men (Olympic)"
7118,29,10,"Doubles, Mixed (Olympic (non-medal))"
7119,21,40,"Singles, Women (Olympic)"
7120,52,40,"Singles, Women (Olympic)"
7121,21,40,"Team, Men (Olympic)"
7122,36,27,"Welterweight, Men (Olympic)"
7123,37,27,"Welterweight, Men (Olympic)"
7124,27,27,"Welterweight, Men (Olympic)"
7125,29,27,"Light-Heavyweight, Men (Olympic)"
7126,29,27,"Featherweight, Men (Olympic)"
7127,1,27,"Featherweight, Men (Olympic)"
7128,28,27,"Welterweight, Men (Olympic)"
7129,36,27,"Light-Welterweight, Men (Olympic)"
7130,28,27,"Flyweight, Men (Olympic)"
7131,36,27,"Flyweight, Men (Olympic)"
7132,28,27,"Featherweight, Men (Olympic)"
7133,37,27,"Lightweight, Men (Olympic)"
7134,37,27,"Flyweight, Men (Olympic)"
7135,33,27,"Heavyweight, Men (Olympic)"
7136,10,27,"Featherweight, Men (Olympic)"
7137,10,27,"Lightweight, Men (Olympic)"
7138,27,27,"Featherweight, Men (Olympic)"
7139,28,27,"Lightweight, Men (Olympic)"
7140,34,27,"Light-Welterweight, Men (Olympic)"
7141,38,27,"Bantamweight, Men (Olympic)"
7142,34,27,"Welterweight, Men (Olympic)"
7143,38,27,"Light-Heavyweight, Men (Olympic)"
7144,28,27,"Light-Flyweight, Men (Olympic)"
7145,10,27,"Middleweight, Men (Olympic)"
7146,33,27,"Light-Middleweight, Men (Olympic)"
7147,38,27,"Flyweight, Men (Olympic)"
7148,38,27,"Heavyweight, Men (Olympic)"
7149,27,27,"Heavyweight, Men (Olympic)"
7150,34,27,"Middleweight, Men (Olympic)"
7151,36,27,"Featherweight, Men (Olympic)"
7152,34,27,"Bantamweight, Men (Olympic)"
7153,38,27,"Lightweight, Men (Olympic)"
7154,27,27,"Lightweight, Men (Olympic)"
7155,37,27,"Bantamweight, Men (Olympic)"
7156,29,27,"Heavyweight, Men (Olympic)"
7157,1,27,"Super-Heavyweight, Men (Olympic)"
7158,27,27,"Bantamweight, Men (Olympic)"
7159,10,27,"Light-Middleweight, Men (Olympic)"
7160,34,27,"Light-Heavyweight, Men (Olympic)"
7161,27,27,"Light-Heavyweight, Men (Olympic)"
7162,28,27,"Light-Heavyweight, Men (Olympic)"
7163,28,27,"Light-Middleweight, Men (Olympic)"
7164,36,27,"Light-Middleweight, Men (Olympic)"
7165,37,27,"Light-Middleweight, Men (Olympic)"
7166,29,27,"Light-Middleweight, Men (Olympic)"
7167,34,27,"Lightweight, Men (Olympic)"
7168,36,27,"Light-Heavyweight, Men (Olympic)"
7169,37,27,"Heavyweight, Men (Olympic)"
7170,29,27,"Super-Heavyweight, Men (Olympic)"
7171,27,27,"Light-Welterweight, Men (Olympic)"
7172,1,27,"Flyweight, Men (Olympic)"
7173,13,27,"Flyweight, Men (Olympic)"
7174,13,27,"Light-Welterweight, Men (Olympic)"
7175,28,27,"Heavyweight, Men (Olympic)"
7176,36,27,"Heavyweight, Men (Olympic)"
7177,29,27,"Lightweight, Men (Olympic)"
7178,29,27,"Flyweight, Men (Olympic)"
7179,1,27,"Bantamweight, Men (Olympic)"
7180,13,27,"Featherweight, Men (Olympic)"
7181,1,27,"Lightweight, Men (Olympic)"
7182,13,27,"Lightweight, Men (Olympic)"
7183,1,27,"Middleweight, Men (Olympic)"
7184,36,27,"Lightweight, Men (Olympic)"
7185,26,27,"Lightweight, Men (Olympic)"
7186,26,27,"Welterweight, Men (Olympic)"
7187,29,27,"Welterweight, Men (Olympic)"
7188,38,27,"Featherweight, Men (Olympic)"
7189,38,27,"Light-Welterweight, Men (Olympic)"
7190,34,27,"Light-Middleweight, Men (Olympic)"
7191,35,27,"Lightweight, Men (Olympic)"
7192,33,27,"Lightweight, Men (Olympic)"
7193,15,27,"Light-Heavyweight, Men (Olympic)"
7194,13,27,"Super-Heavyweight, Men (Olympic)"
7195,15,27,"Middleweight, Men (Olympic)"
7196,17,27,"Welterweight, Men (Olympic)"
7197,1,27,"Light-Heavyweight, Men (Olympic)"
7198,15,27,"Featherweight, Men (Olympic)"
7199,10,27,"Welterweight, Men (Olympic)"
7200,8,27,"Flyweight, Men (Olympic)"
7201,30,27,"Welterweight, Men (Olympic)"
7202,35,27,"Light-Heavyweight, Men (Olympic)"
7203,35,27,"Middleweight, Men (Olympic)"
7204,33,27,"Light-Heavyweight, Men (Olympic)"
7205,17,27,"Bantamweight, Men (Olympic)"
7206,1,27,"Light-Middleweight, Men (Olympic)"
7207,13,27,"Heavyweight, Men (Olympic)"
7208,38,27,"Welterweight, Men (Olympic)"
7209,26,27,"Heavyweight, Men (Olympic)"
7210,26,27,"Middleweight, Men (Olympic)"
7211,26,27,"Flyweight, Men (Olympic)"
7212,13,27,"Light-Middleweight, Men (Olympic)"
7213,17,27,"Heavyweight, Men (Olympic)"
7214,1,27,"Light-Flyweight, Men (Olympic)"
7215,13,27,"Light-Flyweight, Men (Olympic)"
7216,8,27,"Lightweight, Men (Olympic)"
7217,36,27,"Middleweight, Men (Olympic)"
7218,35,27,"Bantamweight, Men (Olympic)"
7219,3,27,"Bantamweight, Men (Olympic)"
7220,15,27,"Lightweight, Men (Olympic)"
7221,29,27,"Light-Welterweight, Men (Olympic)"
7222,8,27,"Bantamweight, Men (Olympic)"
7223,17,27,"Lightweight, Men (Olympic)"
7224,28,27,"Bantamweight, Men (Olympic)"
7225,27,27,"Flyweight, Men (Olympic)"
7226,3,27,"Middleweight, Men (Olympic)"
7227,33,27,"Middleweight, Men (Olympic)"
7228,36,27,"Bantamweight, Men (Olympic)"
7229,1,27,"Heavyweight, Men (Olympic)"
7230,17,27,"Middleweight, Men (Olympic)"
7231,10,27,"Light-Welterweight, Men (Olympic)"
7232,8,27,"Featherweight, Men (Olympic)"
7233,33,27,"Welterweight, Men (Olympic)"
7234,13,27,"Welterweight, Men (Olympic)"
7235,30,27,"Bantamweight, Men (Olympic)"
7236,13,27,"Bantamweight, Men (Olympic)"
7237,26,27,"Light-Welterweight, Men (Olympic)"
7238,8,27,"Middleweight, Men (Olympic)"
7239,1,27,"Light-Welterweight, Men (Olympic)"
7240,15,27,"Welterweight, Men (Olympic)"
7241,26,27,"Super-Heavyweight, Men (Olympic)"
7242,15,27,"Flyweight, Men (Olympic)"
7243,8,27,"Welterweight, Men (Olympic)"
7244,34,27,"Featherweight, Men (Olympic)"
7245,29,27,"Middleweight, Men (Olympic)"
7246,30,27,"Featherweight, Men (Olympic)"
7247,35,27,"Flyweight, Men (Olympic)"
7248,33,27,"Light-Welterweight, Men (Olympic)"
7249,8,27,"Heavyweight, Men (Olympic)"
7250,36,27,"Light-Flyweight, Men (Olympic)"
7251,3,27,"Featherweight, Men (Olympic)"
7252,3,27,"Lightweight, Men (Olympic)"
7253,26,27,"Light-Middleweight, Men (Olympic)"
7254,29,27,"Light-Flyweight, Men (Olympic)"
7255,26,27,"Featherweight, Men (Olympic)"
7256,13,27,"Light-Heavyweight, Men (Olympic)"
7257,12,27,"Light-Heavyweight, Men (Olympic)"
7258,17,27,"Flyweight, Men (Olympic)"
7259,10,27,"Heavyweight, Men (Olympic)"
7260,17,27,"Featherweight, Men (Olympic)"
7261,3,27,"Welterweight, Men (Olympic)"
7262,30,27,"Light-Heavyweight, Men (Olympic)"
7263,35,27,"Welterweight, Men (Olympic)"
7264,12,27,"Light-Welterweight, Men (Olympic)"
7265,13,27,"Middleweight, Men (Olympic)"
7266,3,27,"Flyweight, Men (Olympic)"
7267,35,27,"Featherweight, Men (Olympic)"
7268,26,27,"Bantamweight, Men (Olympic)"
7269,37,27,"Light-Heavyweight, Men (Olympic)"
7270,33,27,"Bantamweight, Men (Olympic)"
7271,27,27,"Light-Middleweight, Men (Olympic)"
7272,30,27,"Lightweight, Men (Olympic)"
7273,30,27,"Flyweight, Men (Olympic)"
7274,38,27,"Middleweight, Men (Olympic)"
7275,15,27,"Bantamweight, Men (Olympic)"
7276,27,27,"Middleweight, Men (Olympic)"
7277,30,27,"Middleweight, Men (Olympic)"
7278,12,27,"Flyweight, Men (Olympic)"
7279,37,27,"Light-Welterweight, Men (Olympic)"
7280,37,27,"Featherweight, Men (Olympic)"
7281,26,27,"Light-Heavyweight, Men (Olympic)"
7282,29,27,"Bantamweight, Men (Olympic)"
7283,13,91,"Softball, Women (Olympic)"
7284,12,91,"Softball, Women (Olympic)"
7285,22,91,"Softball, Women (Olympic)"
7286,20,91,"Softball, Women (Olympic)"
7287,13,92,"Baseball, Men (Olympic)"
7288,12,92,"Baseball, Men (Olympic)"
7289,29,92,"Baseball, Men (Olympic (non-medal))"
7290,22,92,"Baseball, Men (Olympic)"
7291,1,92,"Baseball, Men (Olympic)"
7292,20,92,"Baseball, Men (Olympic)"
7293,26,92,"Baseball, Men (Olympic (non-medal))"
7294,26,27,"Light-Flyweight, Men (Olympic)"
7295,28,27,"Light-Welterweight, Men (Olympic)"
7296,12,27,"Featherweight, Men (Olympic)"
7297,22,27,"Welterweight, Men (Olympic)"
7298,27,27,"Light-Flyweight, Men (Olympic)"
7299,37,27,"Middleweight, Men (Olympic)"
7300,1,27,"Welterweight, Men (Olympic)"
7301,12,27,"Light-Middleweight, Men (Olympic)"
7302,28,27,"Middleweight, Men (Olympic)"
7303,37,27,"Light-Flyweight, Men (Olympic)"
7304,12,27,"Light-Flyweight, Men (Olympic)"
7305,12,27,"Super-Heavyweight, Men (Olympic)"
7306,12,27,"Heavyweight, Men (Olympic)"
7307,34,27,"Flyweight, Men (Olympic)"
7308,3,27,"Light-Heavyweight, Men (Olympic)"
7309,38,27,"Light-Middleweight, Men (Olympic)"
7310,47,27,"Lightweight, Men (Olympic)"
7311,30,27,"Heavyweight, Men (Olympic)"
7312,17,27,"Light-Heavyweight, Men (Olympic)"
7313,8,27,"Light-Heavyweight, Men (Olympic)"
7314,15,27,"Heavyweight, Men (Olympic)"
7315,35,27,"Heavyweight, Men (Olympic)"
7316,3,27,"Heavyweight, Men (Olympic)"
7317,10,27,"Flyweight, Men (Olympic)"
7318,10,27,"Bantamweight, Men (Olympic)"
7319,10,27,"Light-Heavyweight, Men (Olympic)"
7320,52,37,"Team, Mixed (Olympic)"
7321,52,37,"Individual, Men (Olympic)"
7322,45,37,"Double Columbia Round, Women (Olympic)"
7323,45,37,"Double National Round, Women (Olympic)"
7324,45,37,"Team Round, Women (Olympic)"
7325,45,37,"Flight Shooting, Women (Olympic (non-medal))"
7326,45,37,"Double American Round, Men (Olympic)"
7327,45,37,"Double York Round, Men (Olympic)"
7328,45,37,"Team Round, Men (Olympic)"
7329,45,37,"Flight Shooting, Men (Olympic (non-medal))"
7330,20,10,"Doubles, Men (Olympic)"
7331,2,40,"Team, Women (Olympic)"
7332,21,32,"Doubles, Women (Olympic)"
7333,14,11,"8 metres, Open (Olympic)"
7334,14,11,Tennis
7335,14,11,"Singles, Men (Olympic)"
7336,14,11,"Doubles, Mixed (Olympic)"
7337,14,11,"Doubles, Men (Olympic)"
7338,14,11,"Singles, Covered Courts, Men (Olympic)"
7339,14,11,"Doubles, Covered Courts, Men (Olympic)"
7340,20,10,"Singles, Men (Olympic)"
7341,8,14,"Painting, Unknown Event, Open (Olympic)"
7342,45,35,"Individual, Men (Olympic)"
7343,45,35,"Individual, Men (Olympic (non-medal))"
7344,45,35,Tennis
7345,45,35,"Doubles, Men (Olympic)"
7346,45,35,"Team, Men (Olympic)"
7347,45,35,"Team, Men (Olympic (non-medal))"
7348,45,35,"Singles, Men (Olympic)"
7349,45,35,"Singles, Men (Olympic (non-medal))"
7350,45,35,"Doubles, Men (Olympic (non-medal))"
7351,4,35,"Individual, Men (Olympic)"
7352,4,35,"Individual, Handicap, Men (Olympic (non-medal))"
7353,4,35,Tennis
7354,4,35,"Singles, Men (Olympic)"
7355,4,35,"Doubles, Mixed (Olympic)"
7356,4,35,"Doubles, Men (Olympic)"
7357,4,35,"Doubles, Handicap, Mixed (Olympic (non-medal))"
7358,4,35,"Doubles, Handicap, Men (Olympic (non-medal))"
7359,4,35,"Singles, Handicap, Men (Olympic (non-medal))"
7360,47,62,"Singles, Men (Olympic)"
7361,45,32,Athletics
7362,45,32,"Long Jump, Men (Olympic (non-medal))"
7363,45,32,"Long Jump, Handicap, Men (Olympic (non-medal))"
7364,4,32,Golf
7365,4,32,"Individual, Men (Olympic)"
7366,33,93,"Basketball, Men (Olympic)"
7367,27,93,"Basketball, Men (Olympic)"
7368,28,93,"Basketball, Men (Olympic)"
7369,37,93,"Basketball, Men (Olympic)"
7370,26,93,"Basketball, Men (Olympic)"
7371,10,93,"Basketball, Men (Olympic)"
7372,36,93,"Basketball, Men (Olympic)"
7373,34,93,"Basketball, Men (Olympic)"
7374,38,93,"Basketball, Men (Olympic)"
7375,1,93,"Basketball, Men (Olympic)"
7376,30,93,"Basketball, Men (Olympic)"
7377,34,27,"Heavyweight, Men (Olympic)"
7378,33,27,"Featherweight, Men (Olympic)"
7379,47,27,"Middleweight, Men (Olympic)"
7380,12,27,"Bantamweight, Men (Olympic)"
7381,47,27,"Featherweight, Men (Olympic)"
7382,33,27,"Flyweight, Men (Olympic)"
7383,47,27,"Bantamweight, Men (Olympic)"
7384,13,93,"Basketball, Men (Olympic)"
7385,12,93,"Basketball, Men (Olympic)"
7386,29,93,"Basketball, Men (Olympic)"
7387,17,93,"Basketball, Men (Olympic)"
7388,47,27,"Heavyweight, Men (Olympic)"
7389,12,27,"Middleweight, Men (Olympic)"
7390,12,27,"Lightweight, Men (Olympic)"
7391,12,27,"Welterweight, Men (Olympic)"
7392,12,94,"Road Race, Individual, Men (Olympic)"
7393,22,94,"Road Race, Individual, Men (Olympic)"
7394,22,27,"Light-Welterweight, Men (Olympic)"
7395,22,27,"Flyweight, Men (Olympic)"
7396,1,93,"Basketball, Women (Olympic)"
7397,13,93,"Basketball, Women (Olympic)"
7398,36,93,"Basketball, Women (Olympic)"
7399,29,93,"Basketball, Women (Olympic)"
7400,37,93,"Basketball, Women (Olympic)"
7401,26,93,"Basketball, Women (Olympic)"
7402,22,93,"Basketball, Women (Olympic)"
7403,12,93,"Basketball, Women (Olympic)"
7404,12,7,"Triple Jump, Women (Olympic)"
7405,22,7,"Triple Jump, Women (Olympic)"
7406,20,7,"Triple Jump, Women (Olympic)"
7407,20,93,"Basketball, Women (Olympic)"
7408,12,16,"Handball, Women (Olympic)"
7409,22,27,"Light-Heavyweight, Men (Olympic)"
7410,22,93,"Basketball, Men (Olympic)"
7411,33,95,"Australian Rules Football, Men (Olympic (non-medal))"
7412,36,11,"One Person Dinghy, Open (Olympic)"
7413,20,93,"Basketball, Men (Olympic)"
7414,34,7,"Decathlon, Men (Olympic)"
7415,2,93,"Basketball, Men (Olympic)"
7416,22,27,"Middleweight, Men (Olympic)"
7417,22,27,"Featherweight, Men (Olympic)"
7418,45,27,"Heavyweight, Men (Olympic)"
7419,45,27,"Featherweight, Men (Olympic)"
7420,45,27,"Lightweight, Men (Olympic)"
7421,45,27,"Flyweight, Men (Olympic)"
7422,49,96,"Four, Men (Olympic)"
7423,45,27,"Welterweight, Men (Olympic)"
7424,45,27,"Bantamweight, Men (Olympic)"
7425,45,27,Football (Football)
7426,45,27,"Football, Men (Olympic)"
7427,45,27,Athletics
7428,45,27,"100 yards, Men (Olympic (non-medal))"
7429,45,27,"440 yards, Men (Olympic (non-medal))"
7430,45,27,"100 yards, Handicap, Men (Olympic (non-medal))"
7431,45,27,"220 yards, Handicap, Men (Olympic (non-medal))"
7432,45,27,"440 yards, Handicap, Men (Olympic (non-medal))"
7433,45,27,"Middleweight, Men (Olympic)"
7434,29,97,"Kayak Doubles, 500 metres, Women (Olympic)"
7435,29,97,"Kayak Singles, 500 metres, Women (Olympic)"
7436,13,97,"Kayak Doubles, 500 metres, Men (Olympic)"
7437,29,97,"Kayak Fours, 1,000 metres, Men (Olympic)"
7438,1,97,"Kayak Doubles, 500 metres, Men (Olympic)"
7439,1,97,"Kayak Fours, 1,000 metres, Men (Olympic)"
7440,29,97,"Kayak Doubles, 500 metres, Men (Olympic)"
7441,13,97,"Kayak Singles, 500 metres, Men (Olympic)"
7442,13,97,"Kayak Doubles, 1,000 metres, Men (Olympic)"
7443,12,97,"Kayak Singles, 500 metres, Men (Olympic)"
7444,12,97,"Kayak Singles, 1,000 metres, Men (Olympic)"
7445,22,97,"Kayak Singles, 500 metres, Men (Olympic)"
7446,22,97,"Kayak Singles, 1,000 metres, Men (Olympic)"
7447,1,98,"Kayak Singles, Slalom, Men (Olympic)"
7448,13,97,"Kayak Singles, 1,000 metres, Men (Olympic)"
7449,12,97,"Kayak Doubles, 1,000 metres, Men (Olympic)"
7450,26,97,"Kayak Singles, 500 metres, Men (Olympic)"
7451,26,97,"Kayak Singles, 1,000 metres, Men (Olympic)"
7452,29,97,"Kayak Singles, 1,000 metres, Men (Olympic)"
7453,26,97,"Kayak Singles, 500 metres, Women (Olympic)"
7454,38,97,"Kayak Singles, 500 metres, Women (Olympic)"
7455,38,97,"Kayak Doubles, 500 metres, Women (Olympic)"
7456,33,97,"Kayak Singles, 500 metres, Women (Olympic)"
7457,1,97,"Kayak Fours, 500 metres, Women (Olympic)"
7458,13,98,"Kayak Singles, Slalom, Women (Olympic)"
7459,13,97,"Kayak Fours, 500 metres, Women (Olympic)"
7460,36,97,"Kayak Doubles, 500 metres, Women (Olympic)"
7461,34,97,"Kayak Doubles, 500 metres, Women (Olympic)"
7462,12,97,"Kayak Fours, 500 metres, Women (Olympic)"
7463,1,97,"Kayak Doubles, 500 metres, Women (Olympic)"
7464,34,97,"Kayak Singles, 500 metres, Women (Olympic)"
7465,1,98,"Kayak Singles, Slalom, Women (Olympic)"
7466,12,98,"Kayak Singles, Slalom, Women (Olympic)"
7467,13,97,"Kayak Fours, 1,000 metres, Men (Olympic)"
7468,33,99,"Kayak Singles, 10,000 metres, Men (Olympic)"
7469,37,97,"Kayak Fours, 1,000 metres, Men (Olympic)"
7470,13,98,"Canadian Singles, Slalom, Men (Olympic)"
7471,33,97,"Kayak Doubles, 1,000 metres, Men (Olympic)"
7472,33,97,Canoe Marathon (Canoeing)
7473,33,97,"Kayak Doubles, 10,000 metres, Men (Olympic)"
7474,34,97,"Kayak Singles, 1,000 metres, Men (Olympic)"
7475,34,97,"Kayak Relay, 4 × 500 metres, Men (Olympic)"
7476,38,97,"Kayak Singles, 1,000 metres, Men (Olympic)"
7477,38,97,"Kayak Fours, 1,000 metres, Men (Olympic)"
7478,27,97,"Kayak Fours, 1,000 metres, Men (Olympic)"
7479,1,97,"Kayak Doubles, 1,000 metres, Men (Olympic)"
7480,12,97,"Kayak Doubles, 500 metres, Men (Olympic)"
7481,22,97,"Kayak Doubles, 1,000 metres, Men (Olympic)"
7482,26,97,"Kayak Fours, 1,000 metres, Men (Olympic)"
7483,1,98,"Canadian Singles, Slalom, Men (Olympic)"
7484,13,98,"Canadian Doubles, Slalom, Men (Olympic)"
7485,29,97,"Kayak Doubles, 1,000 metres, Men (Olympic)"
7486,28,97,"Kayak Fours, 1,000 metres, Men (Olympic)"
7487,26,97,"Kayak Doubles, 500 metres, Men (Olympic)"
7488,36,97,"Kayak Fours, 1,000 metres, Men (Olympic)"
7489,34,97,"Kayak Doubles, 1,000 metres, Men (Olympic)"
7490,33,97,"Canadian Singles, 1,000 metres, Men (Olympic)"
7491,33,97,"Canadian Singles, 10,000 metres, Men (Olympic)"
7492,29,97,"Kayak Singles, 500 metres, Men (Olympic)"
7493,1,97,"Kayak Singles, 500 metres, Men (Olympic)"
7494,38,97,"Kayak Doubles, 1,000 metres, Men (Olympic)"
7495,28,97,"Kayak Doubles, 1,000 metres, Men (Olympic)"
7496,33,97,"Canadian Doubles, 1,000 metres, Men (Olympic)"
7497,33,97,"Canadian Doubles, 10,000 metres, Men (Olympic)"
7498,38,97,"Canadian Doubles, 1,000 metres, Men (Olympic)"
7499,37,97,"Kayak Doubles, 500 metres, Men (Olympic)"
7500,26,97,"Kayak Doubles, 1,000 metres, Men (Olympic)"
7501,13,98,"Kayak Singles, Slalom, Men (Olympic)"
7502,12,97,"Kayak Fours, 1,000 metres, Men (Olympic)"
7503,1,98,"Canadian Doubles, Slalom, Men (Olympic)"
7504,34,97,"Canadian Singles, 1,000 metres, Men (Olympic)"
7505,27,97,"Kayak Singles, 1,000 metres, Men (Olympic)"
7506,27,97,"Kayak Doubles, 1,000 metres, Men (Olympic)"
7507,36,97,"Kayak Doubles, 1,000 metres, Men (Olympic)"
7508,1,97,"Kayak Singles, 1,000 metres, Men (Olympic)"
7509,22,97,"Kayak Doubles, 500 metres, Men (Olympic)"
7510,20,97,"Kayak Doubles, 500 metres, Men (Olympic)"
7511,20,97,"Kayak Fours, 1,000 metres, Men (Olympic)"
7512,28,97,"Kayak Singles, 1,000 metres, Men (Olympic)"
7513,36,97,"Kayak Doubles, 500 metres, Men (Olympic)"
7514,33,97,"Kayak Singles, 1,000 metres, Men (Olympic)"
7515,37,97,"Kayak Singles, 500 metres, Men (Olympic)"
7516,37,97,"Kayak Singles, 1,000 metres, Men (Olympic)"
7517,38,97,"Canadian Singles, 1,000 metres, Men (Olympic)"
7518,10,97,"Kayak Singles, 500 metres, Women (Olympic)"
7519,1,97,"Kayak Singles, 500 metres, Women (Olympic)"
7520,13,97,"Kayak Singles, 500 metres, Women (Olympic)"
7521,12,97,"Kayak Singles, 500 metres, Women (Olympic)"
7522,28,98,"Kayak Singles, Slalom, Women (Olympic)"
7523,17,97,"Kayak Singles, 500 metres, Women (Olympic)"
7524,34,97,"Canadian Doubles, 1,000 metres, Men (Olympic)"
7525,30,97,"Kayak Doubles, 1,000 metres, Men (Olympic)"
7526,30,97,Canoe Marathon (Canoeing)
7527,30,97,"Folding Kayak Doubles, 10,000 metres, Men (Olympic)"
7528,17,97,"Kayak Doubles, 1,000 metres, Men (Olympic)"
7529,37,97,"Kayak Doubles, 1,000 metres, Men (Olympic)"
7530,30,97,"Kayak Singles, 1,000 metres, Men (Olympic)"
7531,30,97,"Folding Kayak Singles, 10,000 metres, Men (Olympic)"
7532,30,99,"Kayak Doubles, 10,000 metres, Men (Olympic)"
7533,17,97,Canoe Marathon (Canoeing)
7534,17,97,"Kayak Singles, 10,000 metres, Men (Olympic)"
7535,12,98,"Kayak Singles, Slalom, Men (Olympic)"
7536,30,99,"Kayak Singles, 10,000 metres, Men (Olympic)"
7537,10,97,"Canadian Doubles, 1,000 metres, Men (Olympic)"
7538,17,97,"Canadian Singles, 1,000 metres, Men (Olympic)"
7539,17,97,"Canadian Doubles, 1,000 metres, Men (Olympic)"
7540,17,97,"Canadian Singles, 10,000 metres, Men (Olympic)"
7541,17,97,"Canadian Doubles, 10,000 metres, Men (Olympic)"
7542,28,98,"Canadian Doubles, Slalom, Men (Olympic)"
7543,30,97,"Canadian Singles, 1,000 metres, Men (Olympic)"
7544,22,98,"Kayak Singles, Slalom, Men (Olympic)"
7545,20,98,"Kayak Singles, Slalom, Men (Olympic)"
7546,2,98,"Kayak Singles, Slalom, Men (Olympic)"
7547,36,97,"Kayak Singles, 1,000 metres, Men (Olympic)"
7548,17,97,"Kayak Singles, 1,000 metres, Men (Olympic)"
7549,17,97,"Kayak Doubles, 10,000 metres, Men (Olympic)"
7550,28,98,"Kayak Singles, Slalom, Men (Olympic)"
7551,30,97,"Canadian Doubles, 1,000 metres, Men (Olympic)"
7552,30,97,"Canadian Doubles, 10,000 metres, Men (Olympic)"
7553,10,97,"Kayak Doubles, 1,000 metres, Men (Olympic)"
7554,10,97,Canoe Marathon (Canoeing)
7555,10,97,"Kayak Doubles, 10,000 metres, Men (Olympic)"
7556,33,99,"Kayak Doubles, 10,000 metres, Men (Olympic)"
7557,10,99,"Kayak Singles, 10,000 metres, Men (Olympic)"
7558,10,97,"Kayak Singles, 1,000 metres, Men (Olympic)"
7559,17,99,"Kayak Doubles, 10,000 metres, Men (Olympic)"
7560,37,97,"Kayak Singles, 500 metres, Women (Olympic)"
7561,37,97,"Kayak Doubles, 500 metres, Women (Olympic)"
7562,26,97,"Kayak Doubles, 500 metres, Women (Olympic)"
7563,36,97,"Kayak Singles, 500 metres, Women (Olympic)"
7564,17,99,"Kayak Singles, 10,000 metres, Men (Olympic)"
7565,30,99,"Folding Kayak Singles, 10,000 metres, Men (Olympic)"
7566,36,97,"Kayak Singles, 500 metres, Men (Olympic)"
7567,30,99,"Folding Kayak Doubles, 10,000 metres, Men (Olympic)"
7568,1,97,"Canadian Singles, 500 metres, Men (Olympic)"
7569,1,97,"Canadian Doubles, 500 metres, Men (Olympic)"
7570,13,97,"Canadian Doubles, 500 metres, Men (Olympic)"
7571,12,97,"Canadian Singles, 500 metres, Men (Olympic)"
7572,28,26,"Small-Bore Rifle, Prone, 50 metres, Open (Olympic)"
7573,29,97,"Kayak Fours, 500 metres, Women (Olympic)"
7574,28,97,"Kayak Doubles, 500 metres, Women (Olympic)"
7575,28,97,"Kayak Singles, 500 metres, Women (Olympic)"
7576,13,97,"Kayak Doubles, 500 metres, Women (Olympic)"
7577,22,97,"Kayak Doubles, 500 metres, Women (Olympic)"
7578,36,97,"Canadian Singles, 500 metres, Men (Olympic)"
7579,36,97,"Canadian Singles, 1,000 metres, Men (Olympic)"
7580,37,97,"Canadian Doubles, 500 metres, Men (Olympic)"
7581,29,97,"Canadian Doubles, 500 metres, Men (Olympic)"
7582,29,97,"Canadian Doubles, 1,000 metres, Men (Olympic)"
7583,29,97,"Canadian Singles, 1,000 metres, Men (Olympic)"
7584,1,97,"Canadian Singles, 1,000 metres, Men (Olympic)"
7585,13,97,"Canadian Singles, 500 metres, Men (Olympic)"
7586,13,97,"Canadian Singles, 1,000 metres, Men (Olympic)"
7587,12,97,"Canadian Singles, 1,000 metres, Men (Olympic)"
7588,28,97,"Canadian Doubles, 1,000 metres, Men (Olympic)"
7589,36,97,"Canadian Doubles, 500 metres, Men (Olympic)"
7590,36,97,"Canadian Doubles, 1,000 metres, Men (Olympic)"
7591,27,97,"Canadian Doubles, 1,000 metres, Men (Olympic)"
7592,37,97,"Canadian Doubles, 1,000 metres, Men (Olympic)"
7593,22,97,"Kayak Fours, 1,000 metres, Men (Olympic)"
7594,27,97,"Canadian Singles, 1,000 metres, Men (Olympic)"
7595,28,97,"Canadian Singles, 1,000 metres, Men (Olympic)"
7596,37,97,"Canadian Singles, 500 metres, Men (Olympic)"
7597,37,97,"Canadian Singles, 1,000 metres, Men (Olympic)"
7598,29,97,"Canadian Singles, 500 metres, Men (Olympic)"
7599,1,97,"Canadian Doubles, 1,000 metres, Men (Olympic)"
7600,13,97,"Canadian Doubles, 1,000 metres, Men (Olympic)"
7601,22,97,"Canadian Singles, 500 metres, Men (Olympic)"
7602,21,97,"Canadian Singles, 1,000 metres, Men (Olympic)"
7603,21,97,"Canadian Doubles, 1,000 metres, Men (Olympic)"
7604,26,97,"Kayak Fours, 500 metres, Women (Olympic)"
7605,12,97,"Kayak Doubles, 500 metres, Women (Olympic)"
7606,22,97,"Kayak Singles, 500 metres, Women (Olympic)"
7607,27,97,"Kayak Doubles, 500 metres, Women (Olympic)"
7608,27,97,"Kayak Singles, 500 metres, Women (Olympic)"
7609,22,98,"Kayak Singles, Slalom, Women (Olympic)"
7610,10,97,"Canadian Singles, 1,000 metres, Men (Olympic)"
7611,26,97,"Canadian Doubles, 500 metres, Men (Olympic)"
7612,26,97,"Canadian Doubles, 1,000 metres, Men (Olympic)"
7613,10,99,"Kayak Doubles, 10,000 metres, Men (Olympic)"
7614,12,97,"Canadian Doubles, 500 metres, Men (Olympic)"
7615,12,97,"Canadian Doubles, 1,000 metres, Men (Olympic)"
7616,22,97,"Canadian Doubles, 500 metres, Men (Olympic)"
7617,26,97,"Canadian Singles, 500 metres, Men (Olympic)"
7618,26,97,"Canadian Singles, 1,000 metres, Men (Olympic)"
7619,30,97,"Kayak Doubles, 10,000 metres, Men (Olympic)"
7620,12,98,"Canadian Doubles, Slalom, Men (Olympic)"
7621,22,97,"Canadian Singles, 1,000 metres, Men (Olympic)"
7622,28,98,"Canadian Singles, Slalom, Men (Olympic)"
7623,10,99,"Canadian Doubles, 10,000 metres, Men (Olympic)"
7624,33,99,"Canadian Doubles, 10,000 metres, Men (Olympic)"
7625,17,99,"Canadian Singles, 10,000 metres, Men (Olympic)"
7626,10,99,"Canadian Singles, 10,000 metres, Men (Olympic)"
7627,17,99,"Canadian Doubles, 10,000 metres, Men (Olympic)"
7628,33,99,"Canadian Singles, 10,000 metres, Men (Olympic)"
7629,20,97,"Kayak Singles, 500 metres, Men (Olympic)"
7630,20,97,"Kayak Singles, 1,000 metres, Men (Olympic)"
7631,12,98,"Canadian Singles, Slalom, Men (Olympic)"
7632,22,98,"Canadian Singles, Slalom, Men (Olympic)"
7633,20,98,"Kayak Singles, Slalom, Women (Olympic)"
7634,2,98,"Kayak Singles, Slalom, Women (Olympic)"
7635,22,97,"Kayak Fours, 500 metres, Women (Olympic)"
7636,20,97,"Kayak Doubles, 500 metres, Women (Olympic)"
7637,20,97,"Kayak Fours, 500 metres, Women (Olympic)"
7638,22,97,"Canadian Doubles, 1,000 metres, Men (Olympic)"
7639,10,97,"Kayak Singles, 10,000 metres, Men (Olympic)"
7640,33,97,"Kayak Singles, 10,000 metres, Men (Olympic)"
7641,30,97,"Kayak Singles, 10,000 metres, Men (Olympic)"
7642,10,97,"Canadian Singles, 10,000 metres, Men (Olympic)"
7643,34,33,"Individual, Men (Olympic)"
7644,34,33,"Team, Men (Olympic)"
7645,20,97,"Canadian Singles, 500 metres, Men (Olympic)"
7646,20,97,"Canadian Singles, 1,000 metres, Men (Olympic)"
7647,10,97,"Canadian Doubles, 10,000 metres, Men (Olympic)"
7648,30,99,"Canadian Doubles, 10,000 metres, Men (Olympic)"
7649,22,98,"Canadian Doubles, Slalom, Men (Olympic)"
7650,1,22,"Single Sculls, Women (Olympic)"
7651,20,97,"Kayak Doubles, 1,000 metres, Men (Olympic)"
7652,2,97,"Kayak Fours, 1,000 metres, Men (Olympic)"
7653,20,97,"Kayak Singles, 500 metres, Women (Olympic)"
7654,2,97,"Kayak Singles, 500 metres, Women (Olympic)"
7655,20,97,"Canadian Doubles, 500 metres, Men (Olympic)"
7656,2,97,"Kayak Fours, 500 metres, Women (Olympic)"
7657,20,97,"Canadian Doubles, 1,000 metres, Men (Olympic)"
7658,20,98,"Canadian Singles, Slalom, Men (Olympic)"
7659,2,98,"Canadian Singles, Slalom, Men (Olympic)"
7660,2,97,"Kayak Doubles, 1,000 metres, Men (Olympic)"
7661,38,94,"Road Race, Individual, Men (Olympic)"
7662,1,100,"Team Pursuit, 4,000 metres, Men (Olympic)"
7663,15,94,"Road Race, Individual, Men (Olympic)"
7664,15,94,"Road Race, Team, Men (Olympic)"
7665,29,94,"100 kilometres Team Time Trial, Men (Olympic)"
7666,30,56,"Polo, Men (Olympic)"
7667,15,56,"Polo, Men (Olympic)"
7668,47,101,"Rugby, Men (Olympic)"
7669,3,101,"Rugby, Men (Olympic)"
7670,14,22,"Eights, Men (Olympic)"
7671,3,56,"Polo, Men (Olympic)"
7672,28,102,"Individual, Open (Olympic)"
7673,28,102,"Team, Open (Olympic)"
7674,13,103,"Team, Open (Olympic)"
7675,22,103,"Individual, Open (Olympic)"
7676,22,103,"Team, Open (Olympic)"
7677,20,103,"Individual, Open (Olympic)"
7678,20,103,"Team, Open (Olympic)"
7679,2,103,"Individual, Open (Olympic)"
7680,2,103,"Team, Open (Olympic)"
7681,21,103,"Individual, Open (Olympic)"
7682,21,103,"Team, Open (Olympic)"
7683,26,103,"Individual, Open (Olympic)"
7684,26,103,"Team, Open (Olympic)"
7685,27,104,"Individual, Open (Olympic)"
7686,27,104,"Team, Open (Olympic)"
7687,28,104,"Team, Open (Olympic)"
7688,26,102,"Individual, Open (Olympic)"
7689,26,102,"Team, Open (Olympic)"
7690,29,102,"Individual, Open (Olympic)"
7691,29,102,"Team, Open (Olympic)"
7692,1,102,"Individual, Open (Olympic)"
7693,1,102,"Team, Open (Olympic)"
7694,13,102,"Individual, Open (Olympic)"
7695,13,102,"Team, Open (Olympic)"
7696,13,104,"Individual, Open (Olympic)"
7697,13,104,"Team, Open (Olympic)"
7698,12,104,"Individual, Open (Olympic)"
7699,12,104,"Team, Open (Olympic)"
7700,22,104,"Individual, Open (Olympic)"
7701,22,104,"Team, Open (Olympic)"
7702,21,104,"Individual, Open (Olympic)"
7703,21,104,"Team, Open (Olympic)"
7704,52,104,"Individual, Open (Olympic)"
7705,52,104,"Team, Open (Olympic)"
7706,13,103,"Individual, Open (Olympic)"
7707,1,104,"Individual, Open (Olympic)"
7708,29,103,"Individual, Open (Olympic)"
7709,1,104,"Team, Open (Olympic)"
7710,3,4,"Tug-Of-War, Men (Olympic)"
7711,45,55,"Lacrosse, Men (Olympic)"
7712,12,102,"Individual, Open (Olympic)"
7713,12,102,"Team, Open (Olympic)"
7714,20,102,"Individual, Open (Olympic)"
7715,20,102,"Team, Open (Olympic)"
7716,27,103,"Individual, Open (Olympic)"
7717,27,103,"Team, Open (Olympic)"
7718,26,104,"Team, Open (Olympic)"
7719,29,104,"Individual, Open (Olympic)"
7720,29,104,"Team, Open (Olympic)"
7721,37,103,"Individual, Open (Olympic)"
7722,37,103,"Team, Open (Olympic)"
7723,10,102,"Individual, Open (Olympic)"
7724,55,102,"Individual, Open (Olympic)"
7725,55,102,"Team, Open (Olympic)"
7726,1,103,"Individual, Open (Olympic)"
7727,1,103,"Team, Open (Olympic)"
7728,29,103,"Team, Open (Olympic)"
7729,36,103,"Individual, Open (Olympic)"
7730,12,103,"Individual, Open (Olympic)"
7731,12,103,"Team, Open (Olympic)"
7732,37,102,"Individual, Open (Olympic)"
7733,37,102,"Team, Open (Olympic)"
7734,27,102,"Individual, Open (Olympic)"
7735,27,102,"Team, Open (Olympic)"
7736,38,103,"Individual, Open (Olympic)"
7737,38,103,"Team, Open (Olympic)"
7738,22,102,"Individual, Open (Olympic)"
7739,22,102,"Team, Open (Olympic)"
7740,21,102,"Individual, Open (Olympic)"
7741,21,102,"Team, Open (Olympic)"
7742,52,102,"Individual, Open (Olympic)"
7743,52,102,"Team, Open (Olympic)"
7744,38,102,"Individual, Open (Olympic)"
7745,34,102,"Individual, Open (Olympic)"
7746,38,102,"Team, Open (Olympic)"
7747,28,103,"Individual, Open (Olympic)"
7748,28,103,"Team, Open (Olympic)"
7749,36,103,"Team, Open (Olympic)"
7750,36,102,"Individual, Open (Olympic)"
7751,36,102,"Team, Open (Olympic)"
7752,4,102,"Hacks and Hunter Combined, Open (Olympic)"
7753,10,102,"Team, Open (Olympic)"
7754,2,102,"Individual, Open (Olympic)"
7755,2,102,"Team, Open (Olympic)"
7756,36,104,"Individual, Open (Olympic)"
7757,36,104,"Team, Open (Olympic)"
7758,38,104,"Individual, Open (Olympic)"
7759,38,104,"Team, Open (Olympic)"
7760,28,104,"Individual, Open (Olympic)"
7761,37,104,"Team, Open (Olympic)"
7762,26,104,"Individual, Open (Olympic)"
7763,55,104,"Individual, Open (Olympic)"
7764,55,104,"Team, Open (Olympic)"
7765,34,104,"Individual, Open (Olympic)"
7766,12,105,"Springboard, Women (Olympic)"
7767,34,104,"Team, Open (Olympic)"
7768,17,104,"Individual, Men (Olympic)"
7769,17,104,"Team, Men (Olympic)"
7770,10,103,"Individual, Men (Olympic)"
7771,10,103,"Team, Men (Olympic)"
7772,30,102,"Individual, Men (Olympic)"
7773,30,102,"Team, Men (Olympic)"
7774,14,104,"Individual, Men (Olympic)"
7775,14,104,Equestrian Eventing (Equestrian)
7776,14,104,"Team, Men (Olympic)"
7777,14,102,"Individual, Men (Olympic)"
7778,20,104,"Individual, Open (Olympic)"
7779,20,104,"Team, Open (Olympic)"
7780,2,104,"Individual, Open (Olympic)"
7781,2,104,"Team, Open (Olympic)"
7782,3,104,"Individual, Men (Olympic)"
7783,48,106,"Winter Pentathlon, Men (Olympic (non-medal))"
7784,1,104,Equestrian Eventing (Equestrian)
7785,15,104,"Individual, Men (Olympic)"
7786,15,104,"Team, Men (Olympic)"
7787,35,104,"Individual, Men (Olympic)"
7788,35,104,"Team, Men (Olympic)"
7789,10,104,"Individual, Men (Olympic)"
7790,10,104,"Team, Men (Olympic)"
7791,3,104,"Team, Men (Olympic)"
7792,15,104,Equestrian Eventing (Equestrian)
7793,55,103,"Individual, Men (Olympic)"
7794,55,103,"Team, Men (Olympic)"
7795,17,103,"Individual, Men (Olympic)"
7796,17,103,"Team, Men (Olympic)"
7797,30,103,"Individual, Men (Olympic)"
7798,30,103,"Team, Men (Olympic)"
7799,15,102,"Individual, Men (Olympic)"
7800,35,103,"Individual, Men (Olympic)"
7801,35,103,"Team, Men (Olympic)"
7802,35,104,Equestrian Eventing (Equestrian)
7803,30,104,"Individual, Men (Olympic)"
7804,30,104,"Team, Men (Olympic)"
7805,34,103,"Individual, Men (Olympic)"
7806,34,103,"Team, Men (Olympic)"
7807,8,103,"Individual, Men (Olympic)"
7808,8,103,"Team, Men (Olympic)"
7809,3,102,"Individual, Men (Olympic)"
7810,15,103,"Individual, Men (Olympic)"
7811,15,103,"Team, Men (Olympic)"
7812,3,104,Equestrian Eventing (Equestrian)
7813,38,33,"Individual, Men (Olympic)"
7814,38,33,"Team, Men (Olympic)"
7815,27,33,"Individual, Men (Olympic)"
7816,27,33,"Team, Men (Olympic)"
7817,3,102,Equestrian Eventing (Equestrian)
7818,3,102,"Team, Men (Olympic)"
7819,3,107,"Individual, Men (Olympic)"
7820,3,103,"Individual, Men (Olympic)"
7821,3,103,"Team, Men (Olympic)"
7822,8,104,"Individual, Men (Olympic)"
7823,8,104,"Team, Men (Olympic)"
7824,8,102,"Individual, Men (Olympic)"
7825,8,102,"Team, Men (Olympic)"
7826,17,102,"Individual, Men (Olympic)"
7827,17,102,"Team, Men (Olympic)"
7828,35,102,"Individual, Men (Olympic)"
7829,35,102,"Team, Men (Olympic)"
7830,3,107,"Team, Men (Olympic)"
7831,4,108,"Four-In-Hand Competition, Open (Olympic)"
7832,14,104,Equestrian Dressage (Equestrian)
7833,3,104,Equestrian Dressage (Equestrian)
7834,8,104,Equestrian Eventing (Equestrian)
7835,15,24,"Sabre, Team, Men (Olympic)"
7836,15,24,Equestrian Eventing (Equestrian)
7837,15,24,"Individual, Men (Olympic)"
7838,15,24,"Team, Men (Olympic)"
7839,36,104,Equestrian Eventing (Equestrian)
7840,4,104,"Long Jump, Open (Olympic)"
7841,4,104,"Individual, Open (Olympic)"
7842,4,104,Equestrian Dressage (Equestrian)
7843,4,104,"Hacks and Hunter Combined, Open (Olympic)"
7844,37,104,"Individual, Open (Olympic)"
7845,52,103,"Individual, Open (Olympic)"
7846,52,103,"Team, Open (Olympic)"
7847,4,104,"High Jump, Open (Olympic)"
7848,14,103,"Individual, Men (Olympic)"
7849,14,103,"Team, Men (Olympic)"
7850,28,104,Equestrian Eventing (Equestrian)
7851,17,102,Equestrian Eventing (Equestrian)
7852,30,104,Equestrian Eventing (Equestrian)
7853,15,33,"Individual, Men (Olympic)"
7854,15,33,Equestrian Eventing (Equestrian)
7855,15,33,"Team, Men (Olympic)"
7856,35,33,"Individual, Men (Olympic)"
7857,4,104,Equestrian Driving (Equestrian)
7858,4,104,"Four-In-Hand Competition, Open (Olympic)"
7859,17,104,Equestrian Eventing (Equestrian)
7860,17,33,"Individual, Men (Olympic)"
7861,17,33,Equestrian Eventing (Equestrian)
7862,17,33,"Team, Men (Olympic)"
7863,30,102,Equestrian Eventing (Equestrian)
7864,10,104,Equestrian Eventing (Equestrian)
7865,4,102,Equestrian Driving (Equestrian)
7866,4,102,"Four-In-Hand Competition, Open (Olympic)"
7867,30,104,Equestrian Dressage (Equestrian)
7868,14,102,Equestrian Eventing (Equestrian)
7869,14,102,"Team, Men (Olympic)"
7870,44,96,"Four/Five, Men (Olympic)"
7871,46,96,"Four/Five, Men (Olympic)"
7872,15,102,Equestrian Eventing (Equestrian)
7873,35,102,Equestrian Eventing (Equestrian)
7874,15,104,Equestrian Dressage (Equestrian)
7875,4,24,"Sabre, Individual, Men (Olympic)"
7876,10,104,Equestrian Dressage (Equestrian)
7877,10,104,"Individual, Open (Olympic)"
7878,10,104,"Team, Open (Olympic)"
7879,29,104,Equestrian Eventing (Equestrian)
7880,35,104,Equestrian Dressage (Equestrian)
7881,36,100,"Team Pursuit, 4,000 metres, Men (Olympic)"
7882,36,94,"100 kilometres Team Time Trial, Men (Olympic)"
7883,17,94,"Road Race, Individual, Men (Olympic)"
7884,17,94,"Road Race, Team, Men (Olympic)"
7885,47,100,"20 kilometres, Men (Olympic)"
7886,28,100,"Individual Pursuit, 4,000 metres, Men (Olympic)"
7887,28,100,"Team Pursuit, 4,000 metres, Men (Olympic)"
7888,29,100,"Team Pursuit, 4,000 metres, Men (Olympic)"
7889,28,94,"100 kilometres Team Time Trial, Men (Olympic)"
7890,28,94,"Road Race, Individual, Men (Olympic)"
7891,17,100,"Team Pursuit, 4,000 metres, Men (Olympic)"
7892,26,100,"Sprint, Men (Olympic)"
7893,30,94,"Road Race, Individual, Men (Olympic)"
7894,30,94,"Road Race, Team, Men (Olympic)"
7895,38,94,"100 kilometres Team Time Trial, Men (Olympic)"
7896,29,94,"Road Race, Individual, Men (Olympic)"
7897,29,94,Cycling Track (Cycling)
7898,29,94,"Sprint, Men (Olympic)"
7899,29,94,"1,000 metres Time Trial, Men (Olympic)"
7900,29,94,"Points Race, Men (Olympic)"
7901,1,94,"Road Race, Individual, Men (Olympic)"
7902,37,94,"Road Race, Individual, Men (Olympic)"
7903,1,94,"100 kilometres Team Time Trial, Men (Olympic)"
7904,26,94,"Road Race, Individual, Women (Olympic)"
7905,13,94,"Road Race, Individual, Women (Olympic)"
7906,13,94,Cycling Mountain Bike (Cycling)
7907,13,94,"Cross-Country, Women (Olympic)"
7908,12,109,"Cross-Country, Women (Olympic)"
7909,13,109,"Cross-Country, Women (Olympic)"
7910,13,100,"Individual Pursuit, Women (Olympic)"
7911,13,100,"Points Race, Women (Olympic)"
7912,12,94,"Individual Time Trial, Women (Olympic)"
7913,12,94,Cycling Track (Cycling)
7914,12,94,"Individual Pursuit, Women (Olympic)"
7915,12,94,"Points Race, Women (Olympic)"
7916,22,94,"Road Race, Individual, Women (Olympic)"
7917,22,94,"Individual Time Trial, Women (Olympic)"
7918,20,94,"Road Race, Individual, Women (Olympic)"
7919,20,94,"Individual Time Trial, Women (Olympic)"
7920,2,94,"Road Race, Individual, Women (Olympic)"
7921,2,94,"Individual Time Trial, Women (Olympic)"
7922,2,94,Cycling Track (Cycling)
7923,2,94,"Team Pursuit, Women (Olympic)"
7924,1,94,"Road Race, Individual, Women (Olympic)"
7925,13,94,"Individual Time Trial, Women (Olympic)"
7926,1,100,"Sprint, Women (Olympic)"
7927,13,100,"Sprint, Women (Olympic)"
7928,12,100,"Sprint, Women (Olympic)"
7929,12,100,"500 metres Time Trial, Women (Olympic)"
7930,13,94,"Road Race, Individual, Men (Olympic)"
7931,1,94,Cycling Track (Cycling)
7932,1,94,"Individual Pursuit, Women (Olympic)"
7933,12,100,"Individual Pursuit, Women (Olympic)"
7934,12,100,"Points Race, Women (Olympic)"
7935,9,96,"Two, Women (Olympic)"
7936,13,94,Cycling Track (Cycling)
7937,13,94,"Points Race, Women (Olympic)"
7938,29,94,"Road Race, Individual, Women (Olympic)"
7939,12,94,"Road Race, Individual, Women (Olympic)"
7940,13,94,"Individual Pursuit, Women (Olympic)"
7941,22,100,"500 metres Time Trial, Women (Olympic)"
7942,22,109,"Cross-Country, Women (Olympic)"
7943,20,109,"Cross-Country, Women (Olympic)"
7944,2,109,"Cross-Country, Women (Olympic)"
7945,21,109,"Cross-Country, Women (Olympic)"
7946,29,100,"Sprint, Women (Olympic)"
7947,26,7,"3,000 metres, Women (Olympic)"
7948,22,94,Cycling Track (Cycling)
7949,22,94,"Points Race, Women (Olympic)"
7950,9,110,"3,000 metres, Women (Olympic)"
7951,9,110,"5,000 metres, Women (Olympic)"
7952,19,110,"3,000 metres, Women (Olympic)"
7953,19,110,"5,000 metres, Women (Olympic)"
7954,19,110,"Team Pursuit (6 laps), Women (Olympic)"
7955,39,110,"3,000 metres, Women (Olympic)"
7956,39,110,"5,000 metres, Women (Olympic)"
7957,22,100,"Points Race, Women (Olympic)"
7958,22,100,"Sprint, Women (Olympic)"
7959,2,100,"Sprint, Women (Olympic)"
7960,2,100,"Keirin, Women (Olympic)"
7961,2,100,"Team Sprint, Women (Olympic)"
7962,1,100,"Individual Pursuit, Women (Olympic)"
7963,12,94,Cycling Mountain Bike (Cycling)
7964,12,94,"Cross-Country, Women (Olympic)"
7965,22,100,"Individual Pursuit, Women (Olympic)"
7966,22,94,"Individual Pursuit, Women (Olympic)"
7967,29,94,"Sprint, Women (Olympic)"
7968,33,94,"Road Race, Individual, Men (Olympic)"
7969,33,94,"Road Race, Team, Men (Olympic)"
7970,37,100,"Sprint, Men (Olympic)"
7971,27,94,"Road Race, Individual, Men (Olympic)"
7972,27,94,Cycling Track (Cycling)
7973,27,94,"Sprint, Men (Olympic)"
7974,27,94,"1,000 metres Time Trial, Men (Olympic)"
7975,27,94,"Individual Pursuit, 4,000 metres, Men (Olympic)"
7976,28,94,Cycling Track (Cycling)
7977,28,94,"Individual Pursuit, 4,000 metres, Men (Olympic)"
7978,29,100,"Sprint, Men (Olympic)"
7979,36,94,"Road Race, Individual, Men (Olympic)"
7980,26,94,"100 kilometres Team Time Trial, Men (Olympic)"
7981,34,100,"Team Pursuit, 4,000 metres, Men (Olympic)"
7982,26,100,"1,000 metres Time Trial, Men (Olympic)"
7983,26,100,"Team Pursuit, 4,000 metres, Men (Olympic)"
7984,37,94,"100 kilometres Team Time Trial, Men (Olympic)"
7985,34,94,"Road Race, Individual, Men (Olympic)"
7986,34,94,"100 kilometres Team Time Trial, Men (Olympic)"
7987,8,100,"Team Pursuit, 4,000 metres, Men (Olympic)"
7988,35,94,"Road Race, Individual, Men (Olympic)"
7989,35,94,"Road Race, Team, Men (Olympic)"
7990,35,94,Cycling Track (Cycling)
7991,35,94,"1,000 metres Time Trial, Men (Olympic)"
7992,1,100,"Points Race, Men (Olympic)"
7993,26,94,"Road Race, Individual, Men (Olympic)"
7994,1,100,"Individual Pursuit, 4,000 metres, Men (Olympic)"
7995,13,100,"Team Pursuit, 4,000 metres, Men (Olympic)"
7996,12,100,"Team Pursuit, 4,000 metres, Men (Olympic)"
7997,12,100,"Madison, Men (Olympic)"
7998,14,94,"Road Race, Individual, Men (Olympic)"
7999,14,94,"Road Race, Team, Men (Olympic)"
8000,3,100,"50 kilometres, Men (Olympic)"
8001,27,94,"100 kilometres Team Time Trial, Men (Olympic)"
8002,27,94,"Team Pursuit, 4,000 metres, Men (Olympic)"
8003,3,100,"Tandem Sprint, 2,000 metres, Men (Olympic)"
8004,3,100,"Team Pursuit, 4,000 metres, Men (Olympic)"
8005,15,100,"50 kilometres, Men (Olympic)"
8006,26,100,"Points Race, Men (Olympic)"
8007,29,100,"Points Race, Men (Olympic)"
8008,29,100,"1,000 metres Time Trial, Men (Olympic)"
8009,30,100,"Team Pursuit, 4,000 metres, Men (Olympic)"
8010,1,100,"Sprint, Men (Olympic)"
8011,1,100,"1,000 metres Time Trial, Men (Olympic)"
8012,38,100,"1,000 metres Time Trial, Men (Olympic)"
8013,38,100,"Team Pursuit, 4,000 metres, Men (Olympic)"
8014,37,94,Cycling Track (Cycling)
8015,37,94,"Team Pursuit, 4,000 metres, Men (Olympic)"
8016,1,94,"Points Race, Men (Olympic)"
8017,27,100,"Sprint, Men (Olympic)"
8018,27,100,"Team Pursuit, 4,000 metres, Men (Olympic)"
8019,8,94,"Road Race, Individual, Men (Olympic)"
8020,8,94,"Road Race, Team, Men (Olympic)"
8021,3,100,"Sprint, Men (Olympic)"
8022,10,100,"Team Pursuit, 4,000 metres, Men (Olympic)"
8023,47,100,"Team Pursuit, 1,980 yards, Men (Olympic)"
8024,47,100,"5,000 metres, Men (Olympic)"
8025,47,100,"100 kilometres, Men (Olympic)"
8026,47,100,"Sprint, Men (Olympic)"
8027,29,100,"Individual Pursuit, 4,000 metres, Men (Olympic)"
8028,13,100,"Individual Pursuit, 4,000 metres, Men (Olympic)"
8029,12,100,"Individual Pursuit, 4,000 metres, Men (Olympic)"
8030,13,94,"Individual Time Trial, Men (Olympic)"
8031,12,94,"Individual Time Trial, Men (Olympic)"
8032,17,100,"Tandem Sprint, 2,000 metres, Men (Olympic)"
8033,10,94,"Road Race, Individual, Men (Olympic)"
8034,10,94,"Road Race, Team, Men (Olympic)"
8035,47,100,"Tandem Sprint, 2,000 metres, Men (Olympic)"
8036,45,100,"¼ mile, Men (Olympic)"
8037,45,100,"½ mile, Men (Olympic)"
8038,45,100,"5 miles, Men (Olympic)"
8039,45,100,"25 miles, Men (Olympic)"
8040,45,100,"½ mile, Handicap, Men (Olympic (non-medal))"
8041,10,100,"1,000 metres Time Trial, Men (Olympic)"
8042,15,100,"Team Pursuit, 4,000 metres, Men (Olympic)"
8043,10,100,"Tandem Sprint, 2,000 metres, Men (Olympic)"
8044,3,94,"Road Race, Individual, Men (Olympic)"
8045,3,94,"Road Race, Team, Men (Olympic)"
8046,28,94,"Team Pursuit, 4,000 metres, Men (Olympic)"
8047,33,100,"Sprint, Men (Olympic)"
8048,33,100,"1,000 metres Time Trial, Men (Olympic)"
8049,34,100,"Sprint, Men (Olympic)"
8050,34,100,"1,000 metres Time Trial, Men (Olympic)"
8051,13,109,"Cross-Country, Men (Olympic)"
8052,22,100,"Points Race, Men (Olympic)"
8053,20,100,"Points Race, Men (Olympic)"
8054,51,94,"Road Race, Individual, Men (Olympic)"
8055,17,94,Cycling Track (Cycling)
8056,17,94,"1,000 metres Time Trial, Men (Olympic)"
8057,17,94,"Team Pursuit, 4,000 metres, Men (Olympic)"
8058,28,100,"Sprint, Men (Olympic)"
8059,35,94,"Team Pursuit, 4,000 metres, Men (Olympic)"
8060,27,100,"1,000 metres Time Trial, Men (Olympic)"
8061,22,100,"Individual Pursuit, 4,000 metres, Men (Olympic)"
8062,22,100,"Team Pursuit, 4,000 metres, Men (Olympic)"
8063,28,100,"Tandem Sprint, 2,000 metres, Men (Olympic)"
8064,33,100,"Team Pursuit, 4,000 metres, Men (Olympic)"
8065,27,100,"Tandem Sprint, 2,000 metres, Men (Olympic)"
8066,36,100,"Sprint, Men (Olympic)"
8067,20,94,"Road Race, Individual, Men (Olympic)"
8068,22,100,"Madison, Men (Olympic)"
8069,38,100,"Sprint, Men (Olympic)"
8070,38,100,"Tandem Sprint, 2,000 metres, Men (Olympic)"
8071,51,94,Cycling Track (Cycling)
8072,51,94,"333⅓ metres Time Trial, Men (Olympic)"
8073,51,94,"100 kilometres, Men (Olympic)"
8074,36,100,"Individual Pursuit, 4,000 metres, Men (Olympic)"
8075,30,100,"1,000 metres Time Trial, Men (Olympic)"
8076,13,100,"Sprint, Men (Olympic)"
8077,12,100,"Team Sprint, Men (Olympic)"
8078,22,100,"Team Sprint, Men (Olympic)"
8079,17,100,"Sprint, Men (Olympic)"
8080,35,100,"Sprint, Men (Olympic)"
8081,34,100,"Tandem Sprint, 2,000 metres, Men (Olympic)"
8082,28,100,"1,000 metres Time Trial, Men (Olympic)"
8083,26,100,"Individual Pursuit, 4,000 metres, Men (Olympic)"
8084,15,100,"Sprint, Men (Olympic)"
8085,35,100,"Tandem Sprint, 2,000 metres, Men (Olympic)"
8086,12,100,"Sprint, Men (Olympic)"
8087,10,94,Cycling Track (Cycling)
8088,10,94,"1,000 metres Time Trial, Men (Olympic)"
8089,45,100,"⅓ mile, Men (Olympic)"
8090,45,100,"1 mile, Men (Olympic)"
8091,45,100,"2 miles, Men (Olympic)"
8092,37,100,"Individual Pursuit, 4,000 metres, Men (Olympic)"
8093,37,100,"Team Pursuit, 4,000 metres, Men (Olympic)"
8094,45,100,"1 mile, Novice, Men (Olympic (non-medal))"
8095,17,100,"1,000 metres Time Trial, Men (Olympic)"
8096,37,100,"1,000 metres Time Trial, Men (Olympic)"
8097,13,100,"1,000 metres Time Trial, Men (Olympic)"
8098,22,94,"Individual Time Trial, Men (Olympic)"
8099,20,94,"Individual Time Trial, Men (Olympic)"
8100,27,100,"Individual Pursuit, 4,000 metres, Men (Olympic)"
8101,10,94,"Tandem Sprint, 2,000 metres, Men (Olympic)"
8102,10,94,"Team Pursuit, 4,000 metres, Men (Olympic)"
8103,33,94,Cycling Track (Cycling)
8104,33,94,"Team Pursuit, 4,000 metres, Men (Olympic)"
8105,15,100,"Tandem Sprint, 2,000 metres, Men (Olympic)"
8106,35,100,"1,000 metres Time Trial, Men (Olympic)"
8107,35,100,"Team Pursuit, 4,000 metres, Men (Olympic)"
8108,54,100,"Sprint, Men (Intercalated)"
8109,54,100,"333⅓ metres Time Trial, Men (Intercalated)"
8110,54,100,"5,000 metres, Men (Intercalated)"
8111,54,100,"20 kilometres, Men (Intercalated)"
8112,3,94,Cycling Track (Cycling)
8113,3,94,"Sprint, Men (Olympic)"
8114,3,94,"Team Pursuit, 4,000 metres, Men (Olympic)"
8115,3,94,"50 kilometres, Men (Olympic)"
8116,34,94,Cycling Track (Cycling)
8117,34,94,"Team Pursuit, 4,000 metres, Men (Olympic)"
8118,12,109,"Cross-Country, Men (Olympic)"
8119,22,109,"Cross-Country, Men (Olympic)"
8120,20,109,"Cross-Country, Men (Olympic)"
8121,33,100,"Tandem Sprint, 2,000 metres, Men (Olympic)"
8122,4,100,"Sprint, Men (Olympic)"
8123,4,100,"Points Race, Men (Olympic)"
8124,36,100,"1,000 metres Time Trial, Men (Olympic)"
8125,12,100,"Keirin, Men (Olympic)"
8126,30,100,"Tandem Sprint, 2,000 metres, Men (Olympic)"
8127,30,94,Cycling Track (Cycling)
8128,30,94,"Team Pursuit, 4,000 metres, Men (Olympic)"
8129,10,94,"Sprint, Men (Olympic)"
8130,1,94,"1,000 metres Time Trial, Men (Olympic)"
8131,12,94,"Points Race, Men (Olympic)"
8132,12,94,"Madison, Men (Olympic)"
8133,12,100,"1,000 metres Time Trial, Men (Olympic)"
8134,38,100,"Individual Pursuit, 4,000 metres, Men (Olympic)"
8135,29,94,"Individual Pursuit, 4,000 metres, Men (Olympic)"
8136,8,100,"Sprint, Men (Olympic)"
8137,8,100,"Tandem Sprint, 2,000 metres, Men (Olympic)"
8138,30,100,"Sprint, Men (Olympic)"
8139,36,94,Cycling Track (Cycling)
8140,36,94,"1,000 metres Time Trial, Men (Olympic)"
8141,20,100,"Sprint, Men (Olympic)"
8142,20,100,"Keirin, Men (Olympic)"
8143,13,100,"Points Race, Men (Olympic)"
8144,12,100,"Points Race, Men (Olympic)"
8145,2,100,"Omnium, Men (Olympic)"
8146,8,94,Cycling Track (Cycling)
8147,8,94,"Team Pursuit, 4,000 metres, Men (Olympic)"
8148,38,94,Cycling Track (Cycling)
8149,38,94,"Individual Pursuit, 4,000 metres, Men (Olympic)"
8150,38,94,"Team Pursuit, 4,000 metres, Men (Olympic)"
8151,8,100,"1,000 metres Time Trial, Men (Olympic)"
8152,30,94,"Sprint, Men (Olympic)"
8153,30,94,"1,000 metres Time Trial, Men (Olympic)"
8154,10,100,"Sprint, Men (Olympic)"
8155,20,100,"Madison, Men (Olympic)"
8156,28,94,"Sprint, Men (Olympic)"
8157,28,94,"1,000 metres Time Trial, Men (Olympic)"
8158,4,100,"25 kilometres, Men (Olympic)"
8159,33,94,"1,000 metres Time Trial, Men (Olympic)"
8160,15,94,Cycling Track (Cycling)
8161,15,94,"50 kilometres, Men (Olympic)"
8162,15,7,"Long Jump, Men (Olympic)"
8163,15,7,"Triple Jump, Men (Olympic)"
8164,35,111,"Football, Men (Olympic)"
8165,35,111,Cycling Track (Cycling)
8166,35,111,"Sprint, Men (Olympic)"
8167,54,22,"Single Sculls, Men (Intercalated)"
8168,54,22,"Coxed Pairs (1 kilometre), Men (Intercalated)"
8169,54,22,"Coxed Pairs (1 mile), Men (Intercalated)"
8170,54,22,"Coxed Fours, Men (Intercalated)"
8171,54,22,Cycling Track (Cycling)
8172,54,22,"Sprint, Men (Intercalated)"
8173,54,22,"5,000 metres, Men (Intercalated)"
8174,36,94,"Individual Pursuit, 4,000 metres, Men (Olympic)"
8175,36,94,"Team Pursuit, 4,000 metres, Men (Olympic)"
8176,1,94,"Team Pursuit, 4,000 metres, Men (Olympic)"
8177,22,100,"Keirin, Men (Olympic)"
8178,2,94,"Road Race, Individual, Men (Olympic)"
8179,12,94,"Team Pursuit, 4,000 metres, Men (Olympic)"
8180,28,94,"Tandem Sprint, 2,000 metres, Men (Olympic)"
8181,51,94,"Sprint, Men (Olympic)"
8182,51,94,"10,000 metres, Men (Olympic)"
8183,26,94,Cycling Track (Cycling)
8184,26,94,"Team Pursuit, 4,000 metres, Men (Olympic)"
8185,26,94,"Points Race, Men (Olympic)"
8186,13,94,"Cross-Country, Men (Olympic)"
8187,1,94,"Individual Pursuit, 4,000 metres, Men (Olympic)"
8188,22,100,"1,000 metres Time Trial, Men (Olympic)"
8189,45,100,"1 mile, Handicap, Men (Olympic (non-medal))"
8190,45,100,"5 miles, Handicap, Men (Olympic (non-medal))"
8191,54,94,"Road Race, Individual, Men (Intercalated)"
8192,54,94,Cycling Track (Cycling)
8193,54,94,"Sprint, Men (Intercalated)"
8194,54,94,"333⅓ metres Time Trial, Men (Intercalated)"
8195,54,94,"Tandem Sprint, 2,000 metres, Men (Intercalated)"
8196,54,94,"5,000 metres, Men (Intercalated)"
8197,29,94,"Team Pursuit, 4,000 metres, Men (Olympic)"
8198,8,94,"1,000 metres Time Trial, Men (Olympic)"
8199,12,94,"Individual Pursuit, 4,000 metres, Men (Olympic)"
8200,15,94,"Team Pursuit, 4,000 metres, Men (Olympic)"
8201,3,94,"Tandem Sprint, 2,000 metres, Men (Olympic)"
8202,22,100,"Sprint, Men (Olympic)"
8203,17,94,"Sprint, Men (Olympic)"
8204,13,94,"Individual Pursuit, 4,000 metres, Men (Olympic)"
8205,13,94,"Team Pursuit, 4,000 metres, Men (Olympic)"
8206,51,94,"12-Hours Race, Men (Olympic)"
8207,20,100,"Team Sprint, Men (Olympic)"
8208,54,94,"20 kilometres, Men (Intercalated)"
8209,36,94,"Sprint, Men (Olympic)"
8210,26,94,"Individual Pursuit, 4,000 metres, Men (Olympic)"
8211,51,100,"12-Hours Race, Men (Olympic)"
8212,13,94,"Points Race, Men (Olympic)"
8213,20,100,"Individual Pursuit, 4,000 metres, Men (Olympic)"
8214,20,100,"Team Pursuit, 4,000 metres, Men (Olympic)"
8215,2,100,"Team Pursuit, 4,000 metres, Men (Olympic)"
8216,33,94,"Sprint, Men (Olympic)"
8217,34,94,"1,000 metres Time Trial, Men (Olympic)"
8218,54,100,"Tandem Sprint, 2,000 metres, Men (Intercalated)"
8219,2,94,"Individual Time Trial, Men (Olympic)"
8220,47,112,"Bicycle Polo, Men (Olympic (non-medal))"
8221,33,94,Athletics
8222,33,94,"4 × 100 metres Relay, Men (Olympic)"
8223,38,94,"1,000 metres Time Trial, Men (Olympic)"
8224,34,94,"Sprint, Men (Olympic)"
8225,22,94,"Madison, Men (Olympic)"
8226,44,113,"18 kilometres, Men (Olympic)"
8227,44,113,"50 kilometres, Men (Olympic)"
8228,15,94,"Sprint, Men (Olympic)"
8229,26,94,"1,000 metres Time Trial, Men (Olympic)"
8230,51,24,"Sabre, Individual, Men (Olympic)"
8231,51,24,Cycling Road (Cycling)
8232,51,24,"Road Race, Individual, Men (Olympic)"
8233,51,24,Cycling Track (Cycling)
8234,51,24,"333⅓ metres Time Trial, Men (Olympic)"
8235,51,24,"10,000 metres, Men (Olympic)"
8236,51,24,"100 kilometres, Men (Olympic)"
8237,51,24,"12-Hours Race, Men (Olympic)"
8238,37,94,"1,000 metres Time Trial, Men (Olympic)"
8239,38,94,"Sprint, Men (Olympic)"
8240,27,94,"Tandem Sprint, 2,000 metres, Men (Olympic)"
8241,22,94,"Points Race, Men (Olympic)"
8242,37,94,"Individual Pursuit, 4,000 metres, Men (Olympic)"
8243,47,55,"Lacrosse, Men (Olympic)"
8244,30,21,"Hockey, Men (Olympic)"
8245,17,21,"Hockey, Men (Olympic)"
8246,33,21,"Hockey, Men (Olympic)"
8247,13,21,"Hockey, Women (Olympic)"
8248,12,21,"Hockey, Women (Olympic)"
8249,22,21,"Hockey, Women (Olympic)"
8250,20,21,"Hockey, Women (Olympic)"
8251,29,21,"Hockey, Women (Olympic)"
8252,1,21,"Hockey, Men (Olympic)"
8253,29,21,"Hockey, Men (Olympic)"
8254,27,21,"Hockey, Men (Olympic)"
8255,13,21,"Hockey, Men (Olympic)"
8256,28,21,"Hockey, Men (Olympic)"
8257,22,21,"Hockey, Men (Olympic)"
8258,36,21,"Hockey, Men (Olympic)"
8259,12,21,"Hockey, Men (Olympic)"
8260,1,21,"Hockey, Women (Olympic)"
8261,26,21,"Hockey, Women (Olympic)"
8262,12,7,"400 metres, Women (Olympic)"
8263,12,7,"4 × 400 metres Relay, Women (Olympic)"
8264,26,21,"Hockey, Men (Olympic)"
8265,34,21,"Hockey, Men (Olympic)"
8266,38,21,"Hockey, Men (Olympic)"
8267,37,21,"Hockey, Women (Olympic)"
8268,10,21,"Hockey, Men (Olympic)"
8269,47,58,"Singles, Men (Olympic)"
8270,3,21,"Hockey, Men (Olympic)"
8271,24,96,"Four, Men (Olympic)"
8272,24,96,"Two, Men (Olympic)"
8273,3,21,Tennis
8274,3,21,"Singles, Men (Olympic)"
8275,3,21,"Doubles, Men (Olympic)"
8276,4,4,"Tug-Of-War, Men (Olympic)"
8277,4,56,"Polo, Men (Olympic)"
8278,4,56,"Polo, Men (Olympic (non-medal))"
8279,4,57,"Cricket, Men (Olympic)"
8280,4,61,"Singles, One Ball, Open (Olympic)"
8281,4,61,"Doubles, Open (Olympic)"
8282,4,61,"Singles, Two Balls, Open (Olympic)"
8283,4,61,"Singles, Two Balls, Handicap, Men (Olympic (non-medal))"
8284,4,35,"Individual, Women (Olympic)"
8285,47,59,"A-Class (Open), Open (Olympic)"
8286,4,101,"Rugby, Men (Olympic)"
8287,15,101,"Rugby, Men (Olympic)"
8288,4,101,Tug-Of-War
8289,4,101,"Tug-Of-War, Men (Olympic)"
8290,4,101,Athletics
8291,4,101,"200 metres Hurdles, Men (Olympic)"
8292,4,101,"Discus Throw, Men (Olympic)"
8293,4,4,Athletics
8294,4,4,"Shot Put, Handicap, Men (Olympic (non-medal))"
8295,54,24,"Foil, Individual, Men (Olympic)"
8296,54,24,"Épée, Individual, Men (Olympic)"
8297,54,24,"Sabre, Individual, Men (Olympic)"
8298,47,59,"B-Class (Under 60 feet), Open (Olympic)"
8299,47,59,"C-Class, Open (Olympic)"
8300,47,56,"Polo, Men (Olympic)"
8301,47,58,"Doubles, Men (Olympic)"
8302,47,62,Racquets
8303,47,62,"Doubles, Men (Olympic)"
8304,47,4,"Tug-Of-War, Men (Olympic)"
8305,14,4,"Tug-Of-War, Men (Olympic)"
8306,47,4,Wrestling
8307,47,4,"Heavyweight, Greco-Roman, Men (Olympic)"
8308,47,4,"Heavyweight, Freestyle, Men (Olympic)"
8309,47,27,Tug-Of-War
8310,47,27,"Tug-Of-War, Men (Olympic)"
8311,4,101,"100 metres, Men (Olympic)"
8312,4,101,"400 metres, Men (Olympic)"
8313,45,4,"Tug-Of-War, Men (Olympic)"
8314,45,4,Weightlifting
8315,45,4,"Unlimited, Two Hands, Men (Olympic)"
8316,54,7,"Marathon, Men (Intercalated)"
8317,54,7,"Shot Put, Men (Intercalated)"
8318,54,7,"Discus Throw, Men (Intercalated)"
8319,54,7,"Discus Throw, Greek Style, Men (Intercalated)"
8320,54,7,"Pentathlon (Ancient), Men (Intercalated)"
8321,54,7,Weightlifting
8322,54,7,"Unlimited, Two Hands, Men (Intercalated)"
8323,45,35,"Driving Contest, Men (Olympic (non-medal))"
8324,45,35,"Putting Contest, Men (Olympic (non-medal))"
8325,45,4,Athletics
8326,45,4,"56-pound Weight Throw, Men (Olympic)"
8327,45,7,"Shot Put, Men (Olympic)"
8328,45,7,"Shot Put, Handicap, Men (Olympic (non-medal))"
8329,45,7,Tug-Of-War
8330,45,7,"Tug-Of-War, Men (Olympic)"
8331,45,4,Wrestling
8332,45,4,"Lightweight, Freestyle, Men (Olympic)"
8333,45,7,"110 metres Hurdles, Men (Olympic)"
8334,45,7,"High Jump, Men (Olympic)"
8335,45,7,"High Jump, Men (Olympic (non-medal))"
8336,45,7,"Triple Jump, Men (Olympic)"
8337,45,7,"High Jump, Handicap, Men (Olympic (non-medal))"
8338,45,4,"All-Around Dumbbell Contest, Men (Olympic)"
8339,45,4,"Heavyweight, Freestyle, Men (Olympic)"
8340,45,7,"56-pound Weight Throw, Men (Olympic)"
8341,45,7,"56-pound Weight Throw, Men (Olympic (non-medal))"
8342,45,7,"Discus Throw, Men (Olympic)"
8343,45,7,"Discus Throw, Men (Olympic (non-medal))"
8344,45,7,"Hammer Throw, Men (Olympic)"
8345,45,7,"Discus Throw, Handicap, Men (Olympic (non-medal))"
8346,45,7,"Hammer Throw, Handicap, Men (Olympic (non-medal))"
8347,14,7,"Javelin Throw, Men (Olympic)"
8348,14,7,"Javelin Throw, Both Hands, Men (Olympic)"
8349,37,21,"Hockey, Men (Olympic)"
8350,20,21,"Hockey, Men (Olympic)"
8351,2,21,"Hockey, Men (Olympic)"
8352,30,7,"400 metres, Men (Olympic)"
8353,30,7,"800 metres, Men (Olympic)"
8354,2,21,"Hockey, Women (Olympic)"
8355,8,21,"Hockey, Men (Olympic)"
8356,8,7,"4 × 100 metres Relay, Men (Olympic)"
8357,8,7,Hockey
8358,8,7,"Hockey, Men (Olympic)"
8359,34,21,Athletics
8360,34,21,"3,000 metres Steeplechase, Men (Olympic)"
8361,8,55,"Lacrosse, Men (Olympic (non-medal))"
8362,27,24,"Foil, Individual, Women (Olympic)"
8363,13,24,"Foil, Individual, Women (Olympic)"
8364,13,24,"Foil, Team, Women (Olympic)"
8365,12,24,"Foil, Individual, Women (Olympic)"
8366,22,24,"Foil, Individual, Women (Olympic)"
8367,1,24,"Foil, Individual, Women (Olympic)"
8368,17,24,"Foil, Individual, Women (Olympic)"
8369,26,24,"Foil, Individual, Women (Olympic)"
8370,26,24,"Foil, Team, Women (Olympic)"
8371,10,24,"Foil, Individual, Women (Olympic)"
8372,38,24,"Foil, Individual, Women (Olympic)"
8373,28,24,"Foil, Individual, Women (Olympic)"
8374,34,24,"Foil, Individual, Women (Olympic)"
8375,29,24,"Foil, Individual, Women (Olympic)"
8376,37,24,"Foil, Individual, Women (Olympic)"
8377,33,24,"Foil, Individual, Women (Olympic)"
8378,38,24,"Foil, Team, Women (Olympic)"
8379,13,24,"Épée, Individual, Women (Olympic)"
8380,36,24,"Foil, Individual, Women (Olympic)"
8381,34,24,"Foil, Team, Women (Olympic)"
8382,28,24,"Foil, Team, Women (Olympic)"
8383,36,24,"Foil, Team, Women (Olympic)"
8384,30,24,"Foil, Individual, Women (Olympic)"
8385,8,24,"Foil, Individual, Women (Olympic)"
8386,35,24,"Foil, Individual, Women (Olympic)"
8387,1,24,"Foil, Team, Women (Olympic)"
8388,29,24,"Foil, Team, Women (Olympic)"
8389,12,24,"Foil, Team, Women (Olympic)"
8390,20,24,"Foil, Individual, Women (Olympic)"
8391,37,24,"Foil, Team, Women (Olympic)"
8392,13,24,"Épée, Team, Women (Olympic)"
8393,12,24,"Épée, Individual, Women (Olympic)"
8394,12,24,"Épée, Team, Women (Olympic)"
8395,15,24,"Foil, Individual, Women (Olympic)"
8396,22,24,"Épée, Individual, Women (Olympic)"
8397,22,24,"Épée, Team, Women (Olympic)"
8398,27,24,"Foil, Team, Women (Olympic)"
8399,20,24,"Épée, Individual, Women (Olympic)"
8400,2,24,"Épée, Individual, Women (Olympic)"
8401,20,24,"Foil, Team, Women (Olympic)"
8402,2,24,"Foil, Individual, Women (Olympic)"
8403,21,24,"Foil, Individual, Women (Olympic)"
8404,52,24,"Foil, Team, Women (Olympic)"
8405,2,24,"Foil, Team, Women (Olympic)"
8406,34,24,"Foil, Individual, Men (Olympic)"
8407,34,24,"Foil, Team, Men (Olympic)"
8408,38,24,"Foil, Individual, Men (Olympic)"
8409,38,24,"Foil, Team, Men (Olympic)"
8410,38,24,"Sabre, Individual, Men (Olympic)"
8411,38,24,"Sabre, Team, Men (Olympic)"
8412,27,24,"Foil, Individual, Men (Olympic)"
8413,27,24,"Foil, Team, Men (Olympic)"
8414,27,24,"Épée, Individual, Men (Olympic)"
8415,27,24,"Épée, Team, Men (Olympic)"
8416,28,24,"Foil, Individual, Men (Olympic)"
8417,28,24,"Foil, Team, Men (Olympic)"
8418,27,24,"Sabre, Individual, Men (Olympic)"
8419,13,24,"Sabre, Individual, Men (Olympic)"
8420,22,24,"Sabre, Individual, Men (Olympic)"
8421,22,24,"Sabre, Team, Men (Olympic)"
8422,37,24,"Foil, Individual, Men (Olympic)"
8423,17,24,"Sabre, Individual, Men (Olympic)"
8424,17,24,"Sabre, Team, Men (Olympic)"
8425,10,24,"Épée, Team, Men (Olympic)"
8426,35,24,"Foil, Team, Men (Olympic)"
8427,34,24,"Épée, Individual, Men (Olympic)"
8428,17,24,"Épée, Team, Men (Olympic)"
8429,38,24,"Épée, Team, Men (Olympic)"
8430,15,24,"Foil, Team, Men (Olympic)"
8431,15,24,"Épée, Individual, Men (Olympic)"
8432,15,24,"Épée, Team, Men (Olympic)"
8433,30,24,"Sabre, Individual, Men (Olympic)"
8434,36,24,"Épée, Team, Men (Olympic)"
8435,36,24,"Sabre, Individual, Men (Olympic)"
8436,36,24,"Sabre, Team, Men (Olympic)"
8437,26,24,"Sabre, Individual, Men (Olympic)"
8438,15,24,"Foil, Individual, Men (Olympic)"
8439,15,24,"Sabre, Individual, Men (Olympic)"
8440,38,24,"Épée, Individual, Men (Olympic)"
8441,10,24,"Sabre, Individual, Men (Olympic)"
8442,10,24,"Sabre, Team, Men (Olympic)"
8443,29,24,"Épée, Individual, Men (Olympic)"
8444,1,24,"Épée, Individual, Men (Olympic)"
8445,28,24,"Épée, Individual, Men (Olympic)"
8446,28,24,"Épée, Team, Men (Olympic)"
8447,28,24,"Sabre, Team, Men (Olympic)"
8448,36,24,"Foil, Individual, Men (Olympic)"
8449,36,24,"Foil, Team, Men (Olympic)"
8450,36,24,"Épée, Individual, Men (Olympic)"
8451,27,24,"Sabre, Team, Men (Olympic)"
8452,17,24,"Foil, Individual, Men (Olympic)"
8453,17,24,"Foil, Team, Men (Olympic)"
8454,10,24,"Foil, Individual, Men (Olympic)"
8455,10,24,"Foil, Team, Men (Olympic)"
8456,26,24,"Foil, Individual, Men (Olympic)"
8457,26,24,"Foil, Team, Men (Olympic)"
8458,26,24,"Épée, Individual, Men (Olympic)"
8459,26,24,"Épée, Team, Men (Olympic)"
8460,34,24,"Sabre, Team, Men (Olympic)"
8461,1,24,"Foil, Individual, Men (Olympic)"
8462,20,24,"Foil, Individual, Men (Olympic)"
8463,8,24,"Foil, Individual, Men (Olympic)"
8464,8,24,"Foil, Team, Men (Olympic)"
8465,30,24,"Foil, Individual, Men (Olympic)"
8466,30,24,"Foil, Team, Men (Olympic)"
8467,30,24,"Épée, Team, Men (Olympic)"
8468,34,24,"Sabre, Individual, Men (Olympic)"
8469,35,24,"Épée, Individual, Men (Olympic)"
8470,30,24,"Épée, Individual, Men (Olympic)"
8471,28,24,"Sabre, Individual, Men (Olympic)"
8472,13,24,"Foil, Individual, Men (Olympic)"
8473,12,24,"Foil, Individual, Men (Olympic)"
8474,10,24,"Épée, Individual, Men (Olympic)"
8475,33,24,"Foil, Individual, Men (Olympic)"
8476,33,24,"Épée, Individual, Men (Olympic)"
8477,8,24,"Sabre, Individual, Men (Olympic)"
8478,8,24,"Épée, Individual, Men (Olympic)"
8479,17,24,"Épée, Individual, Men (Olympic)"
8480,29,24,"Foil, Individual, Men (Olympic)"
8481,35,24,"Foil, Individual, Men (Olympic)"
8482,37,24,"Épée, Individual, Men (Olympic)"
8483,33,24,"Foil, Team, Men (Olympic)"
8484,33,24,"Sabre, Individual, Men (Olympic)"
8485,33,24,"Sabre, Team, Men (Olympic)"
8486,33,24,"Épée, Team, Men (Olympic)"
8487,34,24,"Épée, Team, Men (Olympic)"
8488,1,24,"Foil, Team, Men (Olympic)"
8489,4,24,"Foil, Individual, Men (Olympic)"
8490,14,24,"Foil, Individual, Men (Olympic)"
8491,14,24,"Épée, Individual, Men (Olympic)"
8492,14,24,"Sabre, Individual, Men (Olympic)"
8493,14,24,"Sabre, Team, Men (Olympic)"
8494,13,24,"Foil, Team, Men (Olympic)"
8495,47,24,"Sabre, Individual, Men (Olympic)"
8496,30,24,"Sabre, Team, Men (Olympic)"
8497,51,114,"100 metres Freestyle, Men (Olympic)"
8498,51,114,"500 metres Freestyle, Men (Olympic)"
8499,54,24,"Sabre, Individual, Three Hits, Men (Olympic)"
8500,4,24,"Sabre, Masters, Individual, Men (Olympic)"
8501,38,24,Modern Pentathlon
8502,38,24,"Individual, Men (Olympic)"
8503,38,24,"Team, Men (Olympic)"
8504,14,24,"Épée, Team, Men (Olympic)"
8505,47,24,"Épée, Individual, Men (Olympic)"
8506,47,24,"Épée, Team, Men (Olympic)"
8507,3,24,"Épée, Team, Men (Olympic)"
8508,35,24,"Épée, Team, Men (Olympic)"
8509,47,24,"Foil, Individual, Open (Olympic (non-medal))"
8510,3,24,"Foil, Individual, Men (Olympic)"
8511,3,24,"Foil, Team, Men (Olympic)"
8512,47,114,"100 metres Freestyle, Men (Olympic)"
8513,47,114,"400 metres Freestyle, Men (Olympic)"
8514,47,114,Water Polo (Aquatics)
8515,47,114,"Water Polo, Men (Olympic)"
8516,14,24,Water Polo (Aquatics)
8517,14,24,"Water Polo, Men (Olympic)"
8518,3,24,"Épée, Individual, Men (Olympic)"
8519,35,24,"Sabre, Individual, Men (Olympic)"
8520,3,24,"Sabre, Team, Men (Olympic)"
8521,35,24,"Sabre, Team, Men (Olympic)"
8522,8,24,"Épée, Team, Men (Olympic)"
8523,54,24,"Épée, Team, Men (Olympic)"
8524,3,24,Hockey
8525,3,24,"Hockey, Men (Olympic)"
8526,47,24,"Sabre, Team, Men (Olympic)"
8527,3,24,"Sabre, Individual, Men (Olympic)"
8528,44,115,"Ice Hockey, Men (Olympic)"
8529,51,24,"Foil, Individual, Men (Olympic)"
8530,4,24,"Foil, Masters, Individual, Men (Olympic)"
8531,54,24,"Épée, Masters, Individual, Men (Olympic)"
8532,54,24,"Sabre, Masters, Individual, Men (Olympic)"
8533,13,24,"Épée, Individual, Men (Olympic)"
8534,12,24,"Épée, Individual, Men (Olympic)"
8535,12,24,"Épée, Team, Men (Olympic)"
8536,29,24,"Sabre, Individual, Men (Olympic)"
8537,29,24,"Épée, Team, Men (Olympic)"
8538,1,24,"Sabre, Individual, Men (Olympic)"
8539,29,24,Modern Pentathlon
8540,29,24,"Individual, Men (Olympic)"
8541,29,24,"Team, Men (Olympic)"
8542,37,24,"Sabre, Individual, Men (Olympic)"
8543,37,24,"Sabre, Team, Men (Olympic)"
8544,29,24,"Sabre, Team, Men (Olympic)"
8545,29,24,"Foil, Team, Men (Olympic)"
8546,26,24,"Sabre, Team, Men (Olympic)"
8547,1,24,"Sabre, Team, Men (Olympic)"
8548,13,24,"Sabre, Team, Men (Olympic)"
8549,1,24,"Épée, Team, Men (Olympic)"
8550,13,24,"Épée, Team, Men (Olympic)"
8551,1,24,Modern Pentathlon
8552,1,24,"Individual, Men (Olympic)"
8553,22,24,"Épée, Individual, Men (Olympic)"
8554,20,24,"Épée, Individual, Men (Olympic)"
8555,2,24,"Épée, Individual, Men (Olympic)"
8556,12,24,"Foil, Team, Men (Olympic)"
8557,22,24,"Foil, Individual, Men (Olympic)"
8558,22,24,"Foil, Team, Men (Olympic)"
8559,22,24,"Épée, Team, Men (Olympic)"
8560,37,24,"Foil, Team, Men (Olympic)"
8561,37,24,"Épée, Team, Men (Olympic)"
8562,45,24,"Foil, Team, Men (Olympic)"
8563,45,24,"Sabre, Individual, Men (Olympic)"
8564,4,24,"Épée, Masters and Amateurs, Individual, Men (Olympic)"
8565,45,24,"Foil, Individual, Men (Olympic)"
8566,45,24,"Épée, Individual, Men (Olympic)"
8567,8,24,"Sabre, Team, Men (Olympic)"
8568,12,24,"Sabre, Individual, Men (Olympic)"
8569,12,24,"Sabre, Team, Men (Olympic)"
8570,36,24,Modern Pentathlon
8571,36,24,"Individual, Men (Olympic)"
8572,36,24,"Team, Men (Olympic)"
8573,37,24,Modern Pentathlon
8574,37,24,"Individual, Men (Olympic)"
8575,37,24,"Team, Men (Olympic)"
8576,28,24,Modern Pentathlon
8577,28,24,"Individual, Men (Olympic)"
8578,28,24,"Team, Men (Olympic)"
8579,33,24,Modern Pentathlon
8580,33,24,"Individual, Men (Olympic)"
8581,33,24,"Team, Men (Olympic)"
8582,17,24,Modern Pentathlon
8583,17,24,"Individual, Men (Olympic)"
8584,34,24,Modern Pentathlon
8585,34,24,"Individual, Men (Olympic)"
8586,34,24,"Team, Men (Olympic)"
8587,28,33,"Individual, Men (Olympic)"
8588,28,33,"Team, Men (Olympic)"
8589,4,24,"Épée, Masters, Individual, Men (Olympic)"
8590,4,24,Cycling Track (Cycling)
8591,4,24,"25 kilometres, Men (Olympic)"
8592,14,14,"Literature, Open (Olympic)"
8593,14,33,"Individual, Men (Olympic)"
8594,47,26,"Free Pistol, 50 yards, Men (Olympic)"
8595,47,26,"Small-Bore Rifle, 50 and 100 yards, Team, Men (Olympic)"
8596,51,24,"Foil, Masters, Individual, Men (Olympic)"
8597,4,24,Athletics
8598,4,24,"100 metres, Professionals, Men (Olympic (non-medal))"
8599,4,24,"400 metres, Professionals, Men (Olympic (non-medal))"
8600,4,24,"110 metres Hurdles, Professionals, Men (Olympic (non-medal))"
8601,4,24,"High Jump, Professionals, Men (Olympic (non-medal))"
8602,4,24,"Long Jump, Professionals, Men (Olympic (non-medal))"
8603,4,24,"Shot Put, Professionals, Men (Olympic (non-medal))"
8604,4,24,"100 metres, Professionals, Handicap, Men (Olympic (non-medal))"
8605,4,24,"400 metres, Professionals, Handicap, Men (Olympic (non-medal))"
8606,4,24,"High Jump, Professionals, Handicap, Men (Olympic (non-medal))"
8607,4,24,"Long Jump, Professionals, Handicap, Men (Olympic (non-medal))"
8608,4,24,"Shot Put, Professionals, Handicap, Men (Olympic (non-medal))"
8609,14,24,Modern Pentathlon
8610,14,24,"Individual, Men (Olympic)"
8611,8,24,Rowing
8612,8,24,"Eights, Men (Olympic)"
8613,35,14,"Painting, Paintings, Open (Olympic)"
8614,3,24,Modern Pentathlon
8615,3,24,"Individual, Men (Olympic)"
8616,54,24,"Sabre, Team, Men (Olympic)"
8617,54,24,Shooting
8618,54,24,"Dueling Pistol Au Commandement, 25 metres, Men (Intercalated)"
8619,14,24,Shooting
8620,14,24,"Dueling Pistol, 30 metres, Team, Men (Olympic)"
8621,51,24,Swimming (Aquatics)
8622,51,24,"100 metres Freestyle, Men (Olympic)"
8623,54,111,"Football, Men (Intercalated)"
8624,1,33,"Individual, Men (Olympic)"
8625,1,33,"Team, Men (Olympic)"
8626,20,24,"Épée, Team, Men (Olympic)"
8627,21,24,"Épée, Individual, Men (Olympic)"
8628,21,24,"Épée, Team, Men (Olympic)"
8629,8,24,Modern Pentathlon
8630,8,24,"Individual, Men (Olympic)"
8631,15,24,Fencing
8632,15,26,"Trap, Team, Men (Olympic)"
8633,20,24,"Sabre, Individual, Men (Olympic)"
8634,20,24,"Sabre, Team, Men (Olympic)"
8635,2,24,"Sabre, Individual, Men (Olympic)"
8636,2,24,"Sabre, Team, Men (Olympic)"
8637,38,11,"Three Person Keelboat, Open (Olympic)"
8638,14,33,Fencing
8639,14,33,"Épée, Team, Men (Olympic)"
8640,30,14,"Painting, Drawings And Water Colors, Open (Olympic)"
8641,30,14,"Painting, Graphic Arts, Open (Olympic)"
8642,30,14,"Painting, Paintings, Open (Olympic)"
8643,30,14,"Painting, Applied Arts, Open (Olympic)"
8644,17,24,Art Competitions
8645,17,24,"Painting, Graphic Arts, Open (Olympic)"
8646,3,7,"Discus Throw, Men (Olympic)"
8647,14,33,"Sabre, Individual, Men (Olympic)"
8648,30,24,Modern Pentathlon
8649,30,24,"Individual, Men (Olympic)"
8650,36,33,"Individual, Men (Olympic)"
8651,36,33,"Team, Men (Olympic)"
8652,45,24,"Foil, Individual, Boys (Olympic (non-medal))"
8653,45,24,"Single Sticks, Individual, Men (Olympic)"
8654,17,111,"Football, Men (Olympic)"
8655,10,111,"Football, Men (Olympic)"
8656,37,111,"Football, Men (Olympic)"
8657,29,111,"Football, Men (Olympic)"
8658,13,111,"Football, Men (Olympic)"
8659,22,111,"Football, Men (Olympic)"
8660,38,111,"Football, Men (Olympic)"
8661,34,111,"Football, Men (Olympic)"
8662,1,111,"Football, Men (Olympic)"
8663,33,111,"Football, Men (Olympic)"
8664,12,111,"Football, Men (Olympic)"
8665,14,111,"Football, Men (Olympic)"
8666,30,111,"Football, Men (Olympic)"
8667,47,7,"200 metres, Men (Olympic)"
8668,3,111,"Football, Men (Olympic)"
8669,15,111,"Football, Men (Olympic)"
8670,4,111,"Football, Men (Olympic)"
8671,49,96,"Two, Men (Olympic)"
8672,13,111,"Football, Women (Olympic)"
8673,12,111,"Football, Women (Olympic)"
8674,22,111,"Football, Women (Olympic)"
8675,20,111,"Football, Women (Olympic)"
8676,2,111,"Football, Women (Olympic)"
8677,21,111,"Football, Women (Olympic)"
8678,52,111,"Football, Women (Olympic)"
8679,27,111,"Football, Men (Olympic)"
8680,36,111,"Football, Men (Olympic)"
8681,26,111,"Football, Men (Olympic)"
8682,28,111,"Football, Men (Olympic)"
8683,12,105,"Platform, Women (Olympic)"
8684,12,105,"Synchronized Platform, Women (Olympic)"
8685,12,105,"Platform, Men (Olympic)"
8686,12,105,"Synchronized Platform, Men (Olympic)"
8687,22,105,"Platform, Men (Olympic)"
8688,22,105,"Synchronized Platform, Men (Olympic)"
8689,20,105,"Platform, Men (Olympic)"
8690,20,105,"Synchronized Platform, Men (Olympic)"
8691,45,111,"Football, Men (Olympic)"
8692,47,111,"Football, Men (Olympic)"
8693,15,111,Athletics
8694,15,111,"110 metres Hurdles, Men (Olympic)"
8695,31,116,"Bandy, Men (Olympic (non-medal))"
8696,50,115,"Ice Hockey, Men (Olympic)"
8697,15,7,"200 metres, Men (Olympic)"
8698,15,7,"400 metres, Men (Olympic)"
8699,15,7,"4 × 100 metres Relay, Men (Olympic)"
8700,15,7,"4 × 400 metres Relay, Men (Olympic)"
8701,45,111,Athletics
8702,45,111,"120 yards Hurdles, Men (Olympic (non-medal))"
8703,45,111,"440 yards, Boys (Olympic (non-medal))"
8704,13,117,"Individual All-Around, Women (Olympic)"
8705,13,117,"Floor Exercise, Women (Olympic)"
8706,13,117,"Horse Vault, Women (Olympic)"
8707,13,117,"Uneven Bars, Women (Olympic)"
8708,13,117,"Balance Beam, Women (Olympic)"
8709,1,117,"Individual All-Around, Women (Olympic)"
8710,1,117,"Floor Exercise, Women (Olympic)"
8711,1,117,"Horse Vault, Women (Olympic)"
8712,1,117,"Uneven Bars, Women (Olympic)"
8713,1,117,"Balance Beam, Women (Olympic)"
8714,29,117,"Individual All-Around, Women (Olympic)"
8715,29,117,"Floor Exercise, Women (Olympic)"
8716,29,117,"Horse Vault, Women (Olympic)"
8717,29,117,"Uneven Bars, Women (Olympic)"
8718,29,117,"Balance Beam, Women (Olympic)"
8719,1,117,"Team All-Around, Women (Olympic)"
8720,26,117,"Individual All-Around, Women (Olympic)"
8721,26,117,"Floor Exercise, Women (Olympic)"
8722,26,117,"Horse Vault, Women (Olympic)"
8723,26,117,"Uneven Bars, Women (Olympic)"
8724,26,117,"Balance Beam, Women (Olympic)"
8725,37,117,"Individual All-Around, Women (Olympic)"
8726,37,117,"Floor Exercise, Women (Olympic)"
8727,37,117,"Horse Vault, Women (Olympic)"
8728,37,117,"Uneven Bars, Women (Olympic)"
8729,37,117,"Balance Beam, Women (Olympic)"
8730,38,117,"Individual All-Around, Women (Olympic)"
8731,38,117,"Team All-Around, Women (Olympic)"
8732,38,117,"Floor Exercise, Women (Olympic)"
8733,38,117,"Horse Vault, Women (Olympic)"
8734,38,117,"Uneven Bars, Women (Olympic)"
8735,38,117,"Balance Beam, Women (Olympic)"
8736,34,117,"Individual All-Around, Women (Olympic)"
8737,34,117,"Floor Exercise, Women (Olympic)"
8738,34,117,"Horse Vault, Women (Olympic)"
8739,34,117,"Uneven Bars, Women (Olympic)"
8740,34,117,"Balance Beam, Women (Olympic)"
8741,27,117,"Individual All-Around, Women (Olympic)"
8742,27,117,"Floor Exercise, Women (Olympic)"
8743,27,117,"Horse Vault, Women (Olympic)"
8744,27,117,"Uneven Bars, Women (Olympic)"
8745,27,117,"Balance Beam, Women (Olympic)"
8746,33,117,"Individual All-Around, Women (Olympic)"
8747,33,117,"Floor Exercise, Women (Olympic)"
8748,33,117,"Horse Vault, Women (Olympic)"
8749,33,117,"Uneven Bars, Women (Olympic)"
8750,33,117,"Balance Beam, Women (Olympic)"
8751,26,118,"Individual, Women (Olympic)"
8752,13,117,"Team All-Around, Women (Olympic)"
8753,36,117,"Individual All-Around, Women (Olympic)"
8754,36,117,"Floor Exercise, Women (Olympic)"
8755,36,117,"Horse Vault, Women (Olympic)"
8756,36,117,"Uneven Bars, Women (Olympic)"
8757,36,117,"Balance Beam, Women (Olympic)"
8758,12,117,"Individual All-Around, Women (Olympic)"
8759,12,117,"Team All-Around, Women (Olympic)"
8760,12,117,"Floor Exercise, Women (Olympic)"
8761,12,117,"Horse Vault, Women (Olympic)"
8762,12,117,"Uneven Bars, Women (Olympic)"
8763,12,117,"Balance Beam, Women (Olympic)"
8764,22,117,"Individual All-Around, Women (Olympic)"
8765,22,117,"Team All-Around, Women (Olympic)"
8766,22,117,"Uneven Bars, Women (Olympic)"
8767,22,117,"Balance Beam, Women (Olympic)"
8768,28,117,"Individual All-Around, Women (Olympic)"
8769,28,117,"Floor Exercise, Women (Olympic)"
8770,28,117,"Horse Vault, Women (Olympic)"
8771,28,117,"Uneven Bars, Women (Olympic)"
8772,28,117,"Balance Beam, Women (Olympic)"
8773,34,117,"Team All-Around, Women (Olympic)"
8774,29,118,"Individual, Women (Olympic)"
8775,17,117,"Team All-Around, Women (Olympic)"
8776,10,117,"Individual All-Around, Women (Olympic)"
8777,10,117,"Team All-Around, Women (Olympic)"
8778,10,117,"Team Portable Apparatus, Women (Olympic)"
8779,10,117,"Floor Exercise, Women (Olympic)"
8780,10,117,"Horse Vault, Women (Olympic)"
8781,10,117,"Uneven Bars, Women (Olympic)"
8782,10,117,"Balance Beam, Women (Olympic)"
8783,13,118,"Individual, Women (Olympic)"
8784,1,118,"Individual, Women (Olympic)"
8785,29,117,"Team All-Around, Women (Olympic)"
8786,13,118,"Group, Women (Olympic)"
8787,27,117,"Team All-Around, Women (Olympic)"
8788,28,117,"Team All-Around, Women (Olympic)"
8789,37,117,"Team All-Around, Women (Olympic)"
8790,36,117,"Team All-Around, Women (Olympic)"
8791,26,117,"Team All-Around, Women (Olympic)"
8792,12,118,"Individual, Women (Olympic)"
8793,22,118,"Individual, Women (Olympic)"
8794,20,118,"Individual, Women (Olympic)"
8795,12,118,"Group, Women (Olympic)"
8796,35,117,"Team All-Around, Women (Olympic)"
8797,17,117,"Individual All-Around, Men (Olympic)"
8798,17,117,"Team All-Around, Men (Olympic)"
8799,17,117,"Floor Exercise, Men (Olympic)"
8800,17,117,"Horse Vault, Men (Olympic)"
8801,17,117,"Parallel Bars, Men (Olympic)"
8802,17,117,"Horizontal Bar, Men (Olympic)"
8803,17,117,"Rings, Men (Olympic)"
8804,17,117,"Pommelled Horse, Men (Olympic)"
8805,10,117,"Individual All-Around, Men (Olympic)"
8806,10,117,"Team All-Around, Men (Olympic)"
8807,10,117,"Floor Exercise, Men (Olympic)"
8808,10,117,"Horse Vault, Men (Olympic)"
8809,10,117,"Parallel Bars, Men (Olympic)"
8810,10,117,"Horizontal Bar, Men (Olympic)"
8811,10,117,"Rings, Men (Olympic)"
8812,10,117,"Pommelled Horse, Men (Olympic)"
8813,33,117,"Individual All-Around, Men (Olympic)"
8814,33,117,"Floor Exercise, Men (Olympic)"
8815,33,117,"Horse Vault, Men (Olympic)"
8816,33,117,"Parallel Bars, Men (Olympic)"
8817,33,117,"Horizontal Bar, Men (Olympic)"
8818,33,117,"Rings, Men (Olympic)"
8819,33,117,"Pommelled Horse, Men (Olympic)"
8820,34,117,"Individual All-Around, Men (Olympic)"
8821,34,117,"Team All-Around, Men (Olympic)"
8822,34,117,"Floor Exercise, Men (Olympic)"
8823,34,117,"Horse Vault, Men (Olympic)"
8824,34,117,"Parallel Bars, Men (Olympic)"
8825,34,117,"Horizontal Bar, Men (Olympic)"
8826,34,117,"Rings, Men (Olympic)"
8827,34,117,"Pommelled Horse, Men (Olympic)"
8828,22,117,"Floor Exercise, Women (Olympic)"
8829,22,117,"Horse Vault, Women (Olympic)"
8830,30,117,"Team All-Around, Women (Olympic)"
8831,33,117,"Team All-Around, Women (Olympic)"
8832,33,117,"Team Portable Apparatus, Women (Olympic)"
8833,22,7,"Pole Vault, Women (Olympic)"
8834,20,7,"Pole Vault, Women (Olympic)"
8835,30,117,"Individual All-Around, Men (Olympic)"
8836,30,117,"Team All-Around, Men (Olympic)"
8837,30,117,"Floor Exercise, Men (Olympic)"
8838,30,117,"Horse Vault, Men (Olympic)"
8839,30,117,"Parallel Bars, Men (Olympic)"
8840,30,117,"Horizontal Bar, Men (Olympic)"
8841,30,117,"Rings, Men (Olympic)"
8842,30,117,"Pommelled Horse, Men (Olympic)"
8843,12,7,"Pole Vault, Women (Olympic)"
8844,20,117,"Individual All-Around, Women (Olympic)"
8845,20,117,"Team All-Around, Women (Olympic)"
8846,20,117,"Floor Exercise, Women (Olympic)"
8847,20,117,"Horse Vault, Women (Olympic)"
8848,20,117,"Uneven Bars, Women (Olympic)"
8849,20,117,"Balance Beam, Women (Olympic)"
8850,2,117,"Team All-Around, Women (Olympic)"
8851,2,117,"Horse Vault, Women (Olympic)"
8852,2,117,"Balance Beam, Women (Olympic)"
8853,21,117,"Horse Vault, Women (Olympic)"
8854,21,117,"Balance Beam, Women (Olympic)"
8855,52,117,"Horse Vault, Women (Olympic)"
8856,27,117,"Individual All-Around, Men (Olympic)"
8857,27,117,"Floor Exercise, Men (Olympic)"
8858,27,117,"Horse Vault, Men (Olympic)"
8859,27,117,"Parallel Bars, Men (Olympic)"
8860,27,117,"Horizontal Bar, Men (Olympic)"
8861,27,117,"Rings, Men (Olympic)"
8862,27,117,"Pommelled Horse, Men (Olympic)"
8863,38,117,"Individual All-Around, Men (Olympic)"
8864,38,117,"Floor Exercise, Men (Olympic)"
8865,38,117,"Horse Vault, Men (Olympic)"
8866,38,117,"Parallel Bars, Men (Olympic)"
8867,38,117,"Horizontal Bar, Men (Olympic)"
8868,38,117,"Rings, Men (Olympic)"
8869,38,117,"Pommelled Horse, Men (Olympic)"
8870,1,117,"Individual All-Around, Men (Olympic)"
8871,1,117,"Floor Exercise, Men (Olympic)"
8872,1,117,"Horse Vault, Men (Olympic)"
8873,1,117,"Parallel Bars, Men (Olympic)"
8874,1,117,"Horizontal Bar, Men (Olympic)"
8875,1,117,"Rings, Men (Olympic)"
8876,1,117,"Pommelled Horse, Men (Olympic)"
8877,13,117,"Individual All-Around, Men (Olympic)"
8878,13,117,"Floor Exercise, Men (Olympic)"
8879,13,117,"Horse Vault, Men (Olympic)"
8880,13,117,"Parallel Bars, Men (Olympic)"
8881,13,117,"Horizontal Bar, Men (Olympic)"
8882,13,117,"Rings, Men (Olympic)"
8883,13,117,"Pommelled Horse, Men (Olympic)"
8884,26,117,"Individual All-Around, Men (Olympic)"
8885,26,117,"Floor Exercise, Men (Olympic)"
8886,26,117,"Horse Vault, Men (Olympic)"
8887,26,117,"Parallel Bars, Men (Olympic)"
8888,26,117,"Horizontal Bar, Men (Olympic)"
8889,26,117,"Rings, Men (Olympic)"
8890,26,117,"Pommelled Horse, Men (Olympic)"
8891,33,117,"Team All-Around, Men (Olympic)"
8892,38,117,"Team All-Around, Men (Olympic)"
8893,36,117,"Individual All-Around, Men (Olympic)"
8894,36,117,"Floor Exercise, Men (Olympic)"
8895,36,117,"Horse Vault, Men (Olympic)"
8896,36,117,"Parallel Bars, Men (Olympic)"
8897,36,117,"Horizontal Bar, Men (Olympic)"
8898,36,117,"Rings, Men (Olympic)"
8899,36,117,"Pommelled Horse, Men (Olympic)"
8900,28,117,"Individual All-Around, Men (Olympic)"
8901,28,117,"Floor Exercise, Men (Olympic)"
8902,28,117,"Horse Vault, Men (Olympic)"
8903,28,117,"Parallel Bars, Men (Olympic)"
8904,28,117,"Horizontal Bar, Men (Olympic)"
8905,28,117,"Rings, Men (Olympic)"
8906,28,117,"Pommelled Horse, Men (Olympic)"
8907,29,117,"Individual All-Around, Men (Olympic)"
8908,29,117,"Floor Exercise, Men (Olympic)"
8909,29,117,"Horse Vault, Men (Olympic)"
8910,29,117,"Parallel Bars, Men (Olympic)"
8911,29,117,"Horizontal Bar, Men (Olympic)"
8912,29,117,"Rings, Men (Olympic)"
8913,29,117,"Pommelled Horse, Men (Olympic)"
8914,37,117,"Individual All-Around, Men (Olympic)"
8915,37,117,"Floor Exercise, Men (Olympic)"
8916,37,117,"Horse Vault, Men (Olympic)"
8917,37,117,"Parallel Bars, Men (Olympic)"
8918,37,117,"Horizontal Bar, Men (Olympic)"
8919,37,117,"Rings, Men (Olympic)"
8920,37,117,"Pommelled Horse, Men (Olympic)"
8921,45,117,"Individual All-Around, Men (Olympic)"
8922,45,117,"Individual All-Around, Field Sports, Men (Olympic)"
8923,45,117,"Individual All-Around, Apparatus Work, Men (Olympic)"
8924,45,117,"Team All-Around, Men (Olympic)"
8925,3,117,"Team All-Around, Swedish System, Men (Olympic)"
8926,3,117,"Team All-Around, Men (Olympic)"
8927,47,117,"Individual All-Around, Men (Olympic)"
8928,3,117,"Individual All-Around, Men (Olympic)"
8929,15,17,"Featherweight, Men (Olympic)"
8930,13,117,"Team All-Around, Men (Olympic)"
8931,12,117,"Individual All-Around, Men (Olympic)"
8932,12,117,"Team All-Around, Men (Olympic)"
8933,12,117,"Floor Exercise, Men (Olympic)"
8934,12,117,"Horse Vault, Men (Olympic)"
8935,12,117,"Parallel Bars, Men (Olympic)"
8936,12,117,"Horizontal Bar, Men (Olympic)"
8937,12,117,"Rings, Men (Olympic)"
8938,12,117,"Pommelled Horse, Men (Olympic)"
8939,1,117,"Team All-Around, Men (Olympic)"
8940,4,117,"Individual All-Around, Men (Olympic)"
8941,27,117,"Team All-Around, Men (Olympic)"
8942,37,117,"Team All-Around, Men (Olympic)"
8943,29,117,"Team All-Around, Men (Olympic)"
8944,36,117,"Team All-Around, Men (Olympic)"
8945,28,117,"Team All-Around, Men (Olympic)"
8946,22,117,"Individual All-Around, Men (Olympic)"
8947,22,117,"Floor Exercise, Men (Olympic)"
8948,22,117,"Rings, Men (Olympic)"
8949,20,117,"Individual All-Around, Men (Olympic)"
8950,20,117,"Rings, Men (Olympic)"
8951,2,117,"Rings, Men (Olympic)"
8952,26,117,"Team All-Around, Men (Olympic)"
8953,3,117,"Team All-Around, Free System, Men (Olympic)"
8954,14,117,"Individual All-Around, Men (Olympic)"
8955,14,117,"Team All-Around, Free System, Men (Olympic)"
8956,47,117,"Team All-Around, Men (Olympic)"
8957,14,117,"Team All-Around, Swedish System, Men (Olympic)"
8958,54,117,"Team All-Around, Men (Intercalated)"
8959,22,117,"Team All-Around, Men (Olympic)"
8960,22,117,"Parallel Bars, Men (Olympic)"
8961,22,117,"Horizontal Bar, Men (Olympic)"
8962,22,117,"Pommelled Horse, Men (Olympic)"
8963,15,117,"Individual All-Around, Men (Olympic)"
8964,15,117,"Team All-Around, Men (Olympic)"
8965,15,117,"Horse Vault, Men (Olympic)"
8966,15,117,"Parallel Bars, Men (Olympic)"
8967,15,117,"Horizontal Bar, Men (Olympic)"
8968,15,117,"Rings, Men (Olympic)"
8969,15,117,"Pommelled Horse, Men (Olympic)"
8970,15,117,"Rope Climbing, Men (Olympic)"
8971,15,117,"Side Horse, Men (Olympic)"
8972,35,117,"Individual All-Around, Men (Olympic)"
8973,35,117,"Team All-Around, Men (Olympic)"
8974,35,117,"Horse Vault, Men (Olympic)"
8975,35,117,"Parallel Bars, Men (Olympic)"
8976,35,117,"Horizontal Bar, Men (Olympic)"
8977,35,117,"Rings, Men (Olympic)"
8978,35,117,"Pommelled Horse, Men (Olympic)"
8979,8,117,"Individual All-Around, Men (Olympic)"
8980,8,117,"Team All-Around, Men (Olympic)"
8981,8,117,"Floor Exercise, Men (Olympic)"
8982,8,117,"Parallel Bars, Men (Olympic)"
8983,8,117,"Rings, Men (Olympic)"
8984,8,117,"Pommelled Horse, Men (Olympic)"
8985,8,117,"Horizontal Bar, Men (Olympic)"
8986,14,11,"6 metres, Open (Olympic)"
8987,8,117,"Horse Vault, Men (Olympic)"
8988,15,14,"Literature, Open (Olympic)"
8989,14,111,Artistic Gymnastics (Gymnastics)
8990,14,111,"Team All-Around, Free System, Men (Olympic)"
8991,10,14,"Architecture, Open (Olympic (non-medal))"
8992,3,26,"Free Rifle, Three Positions, 300 metres, Men (Olympic)"
8993,3,26,"Free Rifle, Three Positions, 300 metres, Team, Men (Olympic)"
8994,3,26,"Military Rifle, Prone, 300 metres, Team, Men (Olympic)"
8995,3,26,"Military Rifle, Prone, 600 metres, Men (Olympic)"
8996,3,26,"Military Rifle, Prone, 600 metres, Team, Men (Olympic)"
8997,3,26,"Military Rifle, Standing, 300 metres, Men (Olympic)"
8998,3,26,"Military Rifle, Standing, 300 metres, Team, Men (Olympic)"
8999,3,26,"Military Rifle, Prone, 300 and 600 metres, Team, Men (Olympic)"
9000,3,26,"Running Target, Single Shot, Team, Men (Olympic)"
9001,3,26,"Running Target, Double Shot, Team, Men (Olympic)"
9002,15,26,"Running Target, Single Shot, Men (Olympic)"
9003,15,26,"Running Target, Single Shot, Team, Men (Olympic)"
9004,15,26,"Running Target, Double Shot, Men (Olympic)"
9005,15,26,"Running Target, Double Shot, Team, Men (Olympic)"
9006,4,117,"26th Federal Festival, Society and Association Contests, Non-Simultaneous, National Championships, Men (Olympic (non-medal))"
9007,54,117,"Individual All-Around, Men (Intercalated)"
9008,54,117,"Individual All-Around, 5 Events, Men (Intercalated)"
9009,4,117,"Festival for Societies of the Seine, Artistic, Individual, Men (Olympic (non-medal))"
9010,4,117,"Festival for Societies of the Seine, Individual (#2), Men (Olympic (non-medal))"
9011,36,105,"Platform, Men (Olympic)"
9012,4,117,"Festival for Societies of the Seine, Advanced, Men (Olympic (non-medal))"
9013,14,117,"Team All-Around, Men (Olympic)"
9014,47,18,"Lightweight, Greco-Roman, Men (Olympic)"
9015,22,117,"Horse Vault, Men (Olympic)"
9016,20,117,"Floor Exercise, Men (Olympic)"
9017,20,117,"Parallel Bars, Men (Olympic)"
9018,54,7,"100 metres, Men (Intercalated)"
9019,54,7,"High Jump, Men (Intercalated)"
9020,54,7,"Long Jump, Men (Intercalated)"
9021,51,117,"Horse Vault, Men (Olympic)"
9022,51,117,"Parallel Bars, Men (Olympic)"
9023,51,117,"Parallel Bars, Teams, Men (Olympic)"
9024,51,117,"Horizontal Bar, Men (Olympic)"
9025,51,117,"Horizontal Bar, Teams, Men (Olympic)"
9026,51,117,"Rings, Men (Olympic)"
9027,51,117,"Pommelled Horse, Men (Olympic)"
9028,51,117,Athletics
9029,51,117,"High Jump, Men (Olympic)"
9030,51,117,"Shot Put, Men (Olympic)"
9031,51,117,"100 metres, Men (Olympic)"
9032,51,117,"Pole Vault, Men (Olympic)"
9033,51,117,"Long Jump, Men (Olympic)"
9034,51,117,"Triple Jump, Men (Olympic)"
9035,51,7,"Shot Put, Men (Olympic)"
9036,51,7,Artistic Gymnastics (Gymnastics)
9037,51,7,"Rope Climbing, Men (Olympic)"
9038,47,117,Athletics
9039,47,117,"Pole Vault, Men (Olympic)"
9040,54,7,"110 metres Hurdles, Men (Intercalated)"
9041,54,7,"Pole Vault, Men (Intercalated)"
9042,54,7,"Standing Long Jump, Men (Intercalated)"
9043,54,7,Artistic Gymnastics (Gymnastics)
9044,54,7,"Individual All-Around, Men (Intercalated)"
9045,54,7,"Individual All-Around, 5 Events, Men (Intercalated)"
9046,54,7,"Team All-Around, Men (Intercalated)"
9047,54,7,Tug-Of-War
9048,54,7,"Tug-Of-War, Men (Intercalated)"
9049,51,117,Cycling Road (Cycling)
9050,51,117,"Road Race, Individual, Men (Olympic)"
9051,51,117,"Rope Climbing, Men (Olympic)"
9052,51,117,Shooting
9053,51,117,"Military Pistol, 25 metres, Men (Olympic)"
9054,51,117,"Military Rifle, 200 metres, Men (Olympic)"
9055,8,117,"Rope Climbing, Men (Olympic)"
9056,8,117,"Tumbling, Men (Olympic)"
9057,54,117,"Rope Climbing, Men (Intercalated)"
9058,14,117,Athletics
9059,14,117,"Decathlon, Men (Olympic)"
9060,3,7,"Long Jump, Men (Olympic)"
9061,8,117,"Club Swinging, Men (Olympic)"
9062,14,105,"Plain High, Men (Olympic)"
9063,14,105,Artistic Gymnastics (Gymnastics)
9064,14,105,"Team All-Around, Free System, Men (Olympic)"
9065,14,7,"Standing Long Jump, Men (Olympic)"
9066,14,117,"Standing Long Jump, Men (Olympic)"
9067,14,117,"Javelin Throw, Men (Olympic)"
9068,54,7,"Standing High Jump, Men (Intercalated)"
9069,54,7,"Triple Jump, Men (Intercalated)"
9070,47,117,"400 metres, Men (Olympic)"
9071,20,117,"Team All-Around, Men (Olympic)"
9072,20,117,"Horizontal Bar, Men (Olympic)"
9073,20,117,"Pommelled Horse, Men (Olympic)"
9074,3,117,Athletics
9075,3,117,"Discus Throw, Men (Olympic)"
9076,54,4,"Tug-Of-War, Men (Intercalated)"
9077,54,4,Athletics
9078,54,4,"Javelin Throw, Freestyle, Men (Intercalated)"
9079,14,7,"Pole Vault, Men (Olympic)"
9080,14,117,Fencing
9081,14,117,"Sabre, Individual, Men (Olympic)"
9082,47,117,"110 metres Hurdles, Men (Olympic)"
9083,54,105,"Platform, Men (Intercalated)"
9084,54,105,Tug-Of-War
9085,54,105,"Tug-Of-War, Men (Intercalated)"
9086,47,24,Artistic Gymnastics (Gymnastics)
9087,47,24,"Team All-Around, Men (Olympic)"
9088,47,7,"High Jump, Men (Olympic)"
9089,47,7,"Pole Vault, Men (Olympic)"
9090,47,7,"Long Jump, Men (Olympic)"
9091,47,7,"Triple Jump, Men (Olympic)"
9092,14,117,"Long Jump, Men (Olympic)"
9093,45,117,"Individual All-Around, 4 Events, Men (Olympic)"
9094,45,117,"Parallel Bars, Men (Olympic)"
9095,45,117,"Horse Vault, Men (Olympic)"
9096,45,117,"Horizontal Bar, Men (Olympic)"
9097,45,117,"Rope Climbing, Men (Olympic)"
9098,45,117,"Side Horse, Men (Olympic)"
9099,45,117,"Rings, Men (Olympic)"
9100,45,117,"Club Swinging, Men (Olympic)"
9101,45,117,"Individual All-Around, Men (Olympic (non-medal))"
9102,45,117,"Horse Vault, Men (Olympic (non-medal))"
9103,45,117,"Parallel Bars, Men (Olympic (non-medal))"
9104,45,117,"Side Horse, Men (Olympic (non-medal))"
9105,13,16,"Handball, Men (Olympic)"
9106,29,16,"Handball, Men (Olympic)"
9107,37,16,"Handball, Men (Olympic)"
9108,26,16,"Handball, Men (Olympic)"
9109,28,16,"Handball, Men (Olympic)"
9110,36,16,"Handball, Men (Olympic)"
9111,1,16,"Handball, Men (Olympic)"
9112,12,16,"Handball, Men (Olympic)"
9113,22,16,"Handball, Men (Olympic)"
9114,20,16,"Handball, Men (Olympic)"
9115,1,16,"Handball, Women (Olympic)"
9116,22,16,"Handball, Women (Olympic)"
9117,2,16,"Handball, Men (Olympic)"
9118,36,16,"Handball, Women (Olympic)"
9119,37,16,"Handball, Women (Olympic)"
9120,26,16,"Handball, Women (Olympic)"
9121,13,16,"Handball, Women (Olympic)"
9122,20,16,"Handball, Women (Olympic)"
9123,29,16,"Handball, Women (Olympic)"
9124,30,16,"Handball, Men (Olympic)"
9125,1,16,Handball
9126,2,16,"Handball, Women (Olympic)"
9127,21,16,"Handball, Women (Olympic)"
9128,50,119,"Combined, Men (Olympic)"
9129,50,119,Cross Country Skiing (Skiing)
9130,50,119,"4 × 10 kilometres Relay, Men (Olympic)"
9131,13,2,"Half-Middleweight, Women (Olympic)"
9132,12,2,"Half-Middleweight, Women (Olympic)"
9133,22,2,"Half-Middleweight, Women (Olympic)"
9134,1,2,"Lightweight, Women (Olympic)"
9135,1,2,"Heavyweight, Women (Olympic)"
9136,29,2,"Half-Heavyweight, Women (Olympic (non-medal))"
9137,1,2,"Half-Heavyweight, Women (Olympic)"
9138,13,2,"Heavyweight, Women (Olympic)"
9139,12,2,"Half-Heavyweight, Women (Olympic)"
9140,22,2,"Half-Heavyweight, Women (Olympic)"
9141,1,2,"Half-Middleweight, Women (Olympic)"
9142,29,2,"Lightweight, Women (Olympic (non-medal))"
9143,13,2,"Extra-Lightweight, Women (Olympic)"
9144,12,2,"Extra-Lightweight, Women (Olympic)"
9145,13,2,"Half-Heavyweight, Women (Olympic)"
9146,12,2,"Middleweight, Women (Olympic)"
9147,13,2,"Lightweight, Women (Olympic)"
9148,29,2,"Half-Middleweight, Women (Olympic (non-medal))"
9149,1,2,"Middleweight, Women (Olympic)"
9150,1,2,"Half-Lightweight, Women (Olympic)"
9151,1,2,"Extra-Lightweight, Women (Olympic)"
9152,29,2,"Half-Lightweight, Women (Olympic (non-medal))"
9153,13,2,"Half-Lightweight, Women (Olympic)"
9154,12,2,"Lightweight, Women (Olympic)"
9155,13,2,"Middleweight, Women (Olympic)"
9156,29,2,"Extra-Lightweight, Women (Olympic (non-medal))"
9157,12,2,"Heavyweight, Women (Olympic)"
9158,20,2,"Half-Heavyweight, Women (Olympic)"
9159,22,2,"Lightweight, Women (Olympic)"
9160,20,2,"Lightweight, Women (Olympic)"
9161,20,2,"Half-Middleweight, Women (Olympic)"
9162,29,2,"Middleweight, Women (Olympic (non-medal))"
9163,22,2,"Middleweight, Women (Olympic)"
9164,22,18,"Heavyweight, Freestyle, Women (Olympic)"
9165,22,2,"Extra-Lightweight, Women (Olympic)"
9166,12,2,"Half-Lightweight, Women (Olympic)"
9167,29,2,"Heavyweight, Women (Olympic (non-medal))"
9168,22,2,"Half-Lightweight, Women (Olympic)"
9169,20,2,"Middleweight, Women (Olympic)"
9170,1,2,"Lightweight, Men (Olympic)"
9171,22,2,"Heavyweight, Women (Olympic)"
9172,20,2,"Extra-Lightweight, Women (Olympic)"
9173,1,2,"Half-Middleweight, Men (Olympic)"
9174,13,2,"Lightweight, Men (Olympic)"
9175,13,2,"Half-Lightweight, Men (Olympic)"
9176,37,2,"Open Class, Men (Olympic)"
9177,13,2,"Extra-Lightweight, Men (Olympic)"
9178,28,2,"Middleweight, Men (Olympic)"
9179,36,2,"Middleweight, Men (Olympic)"
9180,26,2,"Half-Heavyweight, Men (Olympic)"
9181,37,2,"Lightweight, Men (Olympic)"
9182,26,2,"Half-Middleweight, Men (Olympic)"
9183,29,2,"Half-Middleweight, Men (Olympic)"
9184,37,2,"Half-Middleweight, Men (Olympic)"
9185,37,2,"Heavyweight, Men (Olympic)"
9186,29,2,"Half-Lightweight, Men (Olympic)"
9187,28,2,"Half-Heavyweight, Men (Olympic)"
9188,26,2,"Half-Lightweight, Men (Olympic)"
9189,13,2,"Heavyweight, Men (Olympic)"
9190,1,2,"Half-Heavyweight, Men (Olympic)"
9191,36,2,"Heavyweight, Men (Olympic)"
9192,36,2,"Open Class, Men (Olympic)"
9193,1,2,"Extra-Lightweight, Men (Olympic)"
9194,1,2,"Half-Lightweight, Men (Olympic)"
9195,36,2,"Lightweight, Men (Olympic)"
9196,29,2,"Lightweight, Men (Olympic)"
9197,36,2,"Half-Middleweight, Men (Olympic)"
9198,26,2,"Heavyweight, Men (Olympic)"
9199,29,2,"Heavyweight, Men (Olympic)"
9200,26,2,"Lightweight, Men (Olympic)"
9201,29,2,"Middleweight, Men (Olympic)"
9202,37,2,"Extra-Lightweight, Men (Olympic)"
9203,13,2,"Middleweight, Men (Olympic)"
9204,12,2,"Lightweight, Men (Olympic)"
9205,37,2,"Half-Heavyweight, Men (Olympic)"
9206,36,2,"Half-Heavyweight, Men (Olympic)"
9207,28,2,"Half-Middleweight, Men (Olympic)"
9208,28,2,"Heavyweight, Men (Olympic)"
9209,1,2,"Middleweight, Men (Olympic)"
9210,37,2,"Half-Lightweight, Men (Olympic)"
9211,38,2,"Lightweight, Men (Olympic)"
9212,29,2,"Extra-Lightweight, Men (Olympic)"
9213,12,2,"Extra-Lightweight, Men (Olympic)"
9214,37,2,"Middleweight, Men (Olympic)"
9215,1,2,"Heavyweight, Men (Olympic)"
9216,12,2,"Heavyweight, Men (Olympic)"
9217,22,2,"Heavyweight, Men (Olympic)"
9218,12,2,"Half-Heavyweight, Men (Olympic)"
9219,28,2,"Open Class, Men (Olympic)"
9220,13,2,"Half-Middleweight, Men (Olympic)"
9221,29,2,"Half-Heavyweight, Men (Olympic)"
9222,38,2,"Middleweight, Men (Olympic)"
9223,12,2,"Middleweight, Men (Olympic)"
9224,22,2,"Middleweight, Men (Olympic)"
9225,28,2,"Lightweight, Men (Olympic)"
9226,12,2,"Half-Middleweight, Men (Olympic)"
9227,22,2,"Half-Middleweight, Men (Olympic)"
9228,12,2,"Half-Lightweight, Men (Olympic)"
9229,22,2,"Half-Lightweight, Men (Olympic)"
9230,13,2,"Half-Heavyweight, Men (Olympic)"
9231,26,2,"Middleweight, Men (Olympic)"
9232,26,2,"Open Class, Men (Olympic)"
9233,6,96,"Two, Men (Olympic)"
9234,7,96,"Two, Men (Olympic)"
9235,7,96,"Four, Men (Olympic)"
9236,18,96,"Four, Men (Olympic)"
9237,38,2,"Open Class, Men (Olympic)"
9238,38,2,"Heavyweight, Men (Olympic)"
9239,26,2,"Extra-Lightweight, Men (Olympic)"
9240,22,2,"Half-Heavyweight, Men (Olympic)"
9241,20,2,"Middleweight, Men (Olympic)"
9242,20,2,"Heavyweight, Men (Olympic)"
9243,20,2,"Half-Heavyweight, Men (Olympic)"
9244,22,2,"Extra-Lightweight, Men (Olympic)"
9245,22,2,"Lightweight, Men (Olympic)"
9246,26,18,"Welterweight, Greco-Roman, Men (Olympic)"
9247,26,18,"Welterweight, Freestyle, Men (Olympic)"
9248,20,2,"Lightweight, Men (Olympic)"
9249,10,33,"Individual, Men (Olympic)"
9250,10,33,"Team, Men (Olympic)"
9251,33,33,"Individual, Men (Olympic)"
9252,37,33,"Individual, Men (Olympic)"
9253,33,33,"Team, Men (Olympic)"
9254,13,33,"Individual, Men (Olympic)"
9255,27,24,Modern Pentathlon
9256,27,24,"Individual, Men (Olympic)"
9257,27,24,"Team, Men (Olympic)"
9258,34,33,Shooting
9259,34,33,"Rapid-Fire Pistol, 25 metres, Men (Olympic)"
9260,29,33,"Individual, Men (Olympic)"
9261,38,33,Fencing
9262,38,33,"Épée, Team, Men (Olympic)"
9263,30,33,"Individual, Men (Olympic)"
9264,37,33,"Team, Men (Olympic)"
9265,29,33,"Team, Men (Olympic)"
9266,17,33,Fencing
9267,17,33,"Épée, Team, Men (Olympic)"
9268,3,33,"Individual, Men (Olympic)"
9269,12,33,"Individual, Men (Olympic)"
9270,44,120,"Military Ski Patrol, Men (Olympic)"
9271,34,33,Fencing
9272,34,33,"Épée, Team, Men (Olympic)"
9273,35,24,Modern Pentathlon
9274,35,24,"Individual, Men (Olympic)"
9275,22,33,"Individual, Men (Olympic)"
9276,8,33,"Individual, Men (Olympic)"
9277,27,33,Fencing
9278,27,33,"Sabre, Team, Men (Olympic)"
9279,50,121,"Individual, Men (Olympic)"
9280,20,33,"Individual, Men (Olympic)"
9281,34,33,"Épée, Individual, Men (Olympic)"
9282,35,33,Athletics
9283,35,33,"Pole Vault, Men (Olympic)"
9284,30,33,Fencing
9285,30,33,"Sabre, Individual, Men (Olympic)"
9286,14,33,Swimming (Aquatics)
9287,14,33,"200 metres Breaststroke, Men (Olympic)"
9288,14,33,"400 metres Breaststroke, Men (Olympic)"
9289,14,33,"Épée, Individual, Men (Olympic)"
9290,15,33,Fencing
9291,15,33,"Épée, Team, Men (Olympic)"
9292,17,26,"Rapid-Fire Pistol, 25 metres, Men (Olympic)"
9293,14,104,Modern Pentathlon
9294,8,33,Fencing
9295,8,33,"Épée, Individual, Men (Olympic)"
9296,36,114,"100 metres Freestyle, Men (Olympic)"
9297,33,33,Fencing
9298,33,33,"Épée, Team, Men (Olympic)"
9299,13,22,"Single Sculls, Women (Olympic)"
9300,12,22,"Single Sculls, Women (Olympic)"
9301,13,22,"Double Sculls, Women (Olympic)"
9302,13,22,"Coxless Pairs, Women (Olympic)"
9303,12,22,"Lightweight Double Sculls, Women (Olympic)"
9304,27,22,"Coxed Fours, Men (Olympic)"
9305,28,22,"Eights, Men (Olympic)"
9306,36,22,"Coxed Fours, Men (Olympic)"
9307,29,22,"Coxless Pairs, Men (Olympic)"
9308,17,22,"Eights, Men (Olympic)"
9309,15,22,"Eights, Men (Olympic)"
9310,17,22,"Coxless Fours, Men (Olympic)"
9311,10,22,"Coxless Pairs, Men (Olympic)"
9312,10,22,"Coxed Fours, Men (Olympic)"
9313,13,22,"Coxless Pairs, Men (Olympic)"
9314,35,22,"Eights, Men (Olympic)"
9315,35,22,"Coxless Pairs, Men (Olympic)"
9316,35,22,"Coxed Pairs, Men (Olympic)"
9317,26,22,"Quadruple Sculls, Men (Olympic)"
9318,28,22,"Coxless Fours, Men (Olympic)"
9319,17,22,"Single Sculls, Men (Olympic)"
9320,10,22,"Double Sculls, Men (Olympic)"
9321,34,22,"Coxed Pairs, Men (Olympic)"
9322,17,22,"Coxed Fours, Men (Olympic)"
9323,30,22,"Coxless Pairs, Men (Olympic)"
9324,26,22,"Coxless Pairs, Men (Olympic)"
9325,29,22,"Quadruple Sculls, Men (Olympic)"
9326,38,22,"Single Sculls, Men (Olympic)"
9327,27,22,"Single Sculls, Men (Olympic)"
9328,28,22,"Single Sculls, Men (Olympic)"
9329,36,22,"Coxless Fours, Men (Olympic)"
9330,38,22,"Coxless Pairs, Men (Olympic)"
9331,13,22,"Lightweight Coxless Fours, Men (Olympic)"
9332,1,22,"Single Sculls, Men (Olympic)"
9333,13,22,"Single Sculls, Men (Olympic)"
9334,12,22,"Single Sculls, Men (Olympic)"
9335,34,22,"Coxless Pairs, Men (Olympic)"
9336,28,22,"Coxed Pairs, Men (Olympic)"
9337,30,22,"Single Sculls, Men (Olympic)"
9338,38,22,"Double Sculls, Men (Olympic)"
9339,1,22,"Double Sculls, Men (Olympic)"
9340,34,22,"Coxless Fours, Men (Olympic)"
9341,38,22,"Coxless Fours, Men (Olympic)"
9342,28,22,"Double Sculls, Men (Olympic)"
9343,36,22,"Single Sculls, Men (Olympic)"
9344,26,22,"Single Sculls, Men (Olympic)"
9345,13,22,"Quadruple Sculls, Men (Olympic)"
9346,13,22,"Coxless Fours, Men (Olympic)"
9347,38,22,"Coxed Pairs, Men (Olympic)"
9348,17,22,"Double Sculls, Men (Olympic)"
9349,17,22,"Coxless Pairs, Men (Olympic)"
9350,27,22,"Coxed Pairs, Men (Olympic)"
9351,1,22,"Coxed Pairs, Men (Olympic)"
9352,17,22,"Coxed Pairs, Men (Olympic)"
9353,13,22,"Lightweight Double Sculls, Men (Olympic)"
9354,35,11,"8 metres, Open (Olympic)"
9355,26,22,"Coxed Fours, Women (Olympic)"
9356,1,22,"Double Sculls, Women (Olympic)"
9357,37,22,"Coxed Fours, Women (Olympic)"
9358,13,22,"Eights, Women (Olympic)"
9359,12,22,"Eights, Women (Olympic)"
9360,1,22,"Coxless Fours, Women (Olympic)"
9361,13,22,"Quadruple Sculls, Women (Olympic)"
9362,12,22,"Double Sculls, Women (Olympic)"
9363,13,22,"Lightweight Double Sculls, Women (Olympic)"
9364,26,22,"Single Sculls, Women (Olympic)"
9365,22,22,"Lightweight Double Sculls, Women (Olympic)"
9366,22,22,"Double Sculls, Women (Olympic)"
9367,12,22,"Coxless Pairs, Women (Olympic)"
9368,33,22,"Eights, Men (Olympic)"
9369,34,22,"Coxed Fours, Men (Olympic)"
9370,38,22,"Coxed Fours, Men (Olympic)"
9371,10,22,"Eights, Men (Olympic)"
9372,33,22,"Coxless Fours, Men (Olympic)"
9373,13,22,"Double Sculls, Men (Olympic)"
9374,28,22,"Coxed Fours, Men (Olympic)"
9375,1,22,"Quadruple Sculls, Men (Olympic)"
9376,26,22,"Eights, Men (Olympic)"
9377,26,22,"Coxless Fours, Men (Olympic)"
9378,37,22,"Coxless Pairs, Men (Olympic)"
9379,38,22,"Eights, Men (Olympic)"
9380,15,22,"Single Sculls, Men (Olympic)"
9381,12,22,"Lightweight Coxless Fours, Men (Olympic)"
9382,22,22,"Lightweight Coxless Fours, Men (Olympic)"
9383,36,22,"Eights, Men (Olympic)"
9384,29,22,"Eights, Men (Olympic)"
9385,33,22,"Coxed Pairs, Men (Olympic)"
9386,1,22,"Eights, Men (Olympic)"
9387,1,22,"Coxless Fours, Men (Olympic)"
9388,33,22,"Coxed Fours, Men (Olympic)"
9389,30,22,"Eights, Men (Olympic)"
9390,34,22,"Eights, Men (Olympic)"
9391,37,22,"Eights, Men (Olympic)"
9392,12,22,"Quadruple Sculls, Men (Olympic)"
9393,27,22,"Eights, Men (Olympic)"
9394,30,22,"Double Sculls, Men (Olympic)"
9395,13,22,"Eights, Men (Olympic)"
9396,12,22,"Coxless Fours, Men (Olympic)"
9397,20,22,"Lightweight Coxless Fours, Men (Olympic)"
9398,2,22,"Lightweight Coxless Fours, Men (Olympic)"
9399,12,22,"Eights, Men (Olympic)"
9400,22,22,"Quadruple Sculls, Men (Olympic)"
9401,20,22,"Coxless Pairs, Men (Olympic)"
9402,22,22,"Coxless Pairs, Men (Olympic)"
9403,2,22,"Coxless Fours, Men (Olympic)"
9404,33,22,"Coxless Pairs, Men (Olympic)"
9405,27,22,"Coxless Pairs, Men (Olympic)"
9406,22,22,"Eights, Men (Olympic)"
9407,12,22,"Lightweight Double Sculls, Men (Olympic)"
9408,22,22,"Coxless Fours, Men (Olympic)"
9409,36,22,"Coxless Pairs, Men (Olympic)"
9410,33,22,"Single Sculls, Men (Olympic)"
9411,28,22,"Coxless Pairs, Men (Olympic)"
9412,1,22,"Coxless Pairs, Men (Olympic)"
9413,29,22,"Single Sculls, Men (Olympic)"
9414,14,22,"Single Sculls, Men (Olympic)"
9415,35,22,"Single Sculls, Men (Olympic)"
9416,8,22,"Single Sculls, Men (Olympic)"
9417,33,22,"Double Sculls, Men (Olympic)"
9418,12,22,"Coxless Pairs, Men (Olympic)"
9419,20,22,"Eights, Men (Olympic)"
9420,34,22,"Double Sculls, Men (Olympic)"
9421,10,22,"Single Sculls, Men (Olympic)"
9422,36,22,"Double Sculls, Women (Olympic)"
9423,26,22,"Double Sculls, Women (Olympic)"
9424,26,22,"Double Sculls, Men (Olympic)"
9425,30,22,"Coxless Fours, Men (Olympic)"
9426,14,22,"Coxed Fours, Outriggers, Men (Olympic)"
9427,29,22,"Double Sculls, Men (Olympic)"
9428,34,22,"Single Sculls, Men (Olympic)"
9429,37,22,"Quadruple Sculls, Men (Olympic)"
9430,35,22,"Double Sculls, Men (Olympic)"
9431,10,22,"Coxless Fours, Men (Olympic)"
9432,37,22,"Single Sculls, Men (Olympic)"
9433,29,22,"Quadruple Sculls, Women (Olympic)"
9434,29,22,"Single Sculls, Women (Olympic)"
9435,35,22,"Coxed Fours, Men (Olympic)"
9436,15,22,"Coxed Fours, Men (Olympic)"
9437,4,22,"Coxed Pairs, Men (Olympic)"
9438,4,22,"Eights, Men (Olympic)"
9439,3,22,"Eights, Men (Olympic)"
9440,30,22,"Coxed Fours, Men (Olympic)"
9441,26,22,"Coxed Pairs, Men (Olympic)"
9442,4,22,"Coxless Fours, Boys (Olympic (non-medal))"
9443,4,22,"Eights, Boys (Olympic (non-medal))"
9444,3,27,Rowing
9445,3,27,"Eights, Men (Olympic)"
9446,4,22,"Coxless Pairs, Boys (Olympic (non-medal))"
9447,47,22,"Eights, Men (Olympic)"
9448,3,22,"Coxed Fours, Men (Olympic)"
9449,15,22,"Coxed Pairs, Men (Olympic)"
9450,3,22,"Single Sculls, Men (Olympic)"
9451,47,22,"Single Sculls, Men (Olympic)"
9452,10,22,"Coxed Pairs, Men (Olympic)"
9453,3,22,"Double Sculls, Men (Olympic)"
9454,3,22,"Coxed Pairs, Men (Olympic)"
9455,35,14,"Literature, Lyric Works, Open (Olympic)"
9456,36,22,"Double Sculls, Men (Olympic)"
9457,1,22,"Quadruple Sculls, Women (Olympic)"
9458,22,22,"Single Sculls, Women (Olympic)"
9459,20,22,"Single Sculls, Women (Olympic)"
9460,2,22,"Single Sculls, Women (Olympic)"
9461,21,22,"Single Sculls, Women (Olympic)"
9462,1,22,"Eights, Women (Olympic)"
9463,29,22,"Eights, Women (Olympic)"
9464,8,22,"Coxed Fours, Men (Olympic)"
9465,8,22,"Eights, Men (Olympic)"
9466,29,22,"Coxless Fours, Men (Olympic)"
9467,26,22,"Coxed Fours, Men (Olympic)"
9468,8,22,"Coxed Pairs, Men (Olympic)"
9469,15,22,"Double Sculls, Men (Olympic)"
9470,8,122,"Water Polo, Men (Olympic)"
9471,30,22,"Coxed Pairs, Men (Olympic)"
9472,1,22,"Coxed Fours, Men (Olympic)"
9473,27,22,"Double Sculls, Men (Olympic)"
9474,37,22,"Coxed Fours, Men (Olympic)"
9475,3,22,Water Polo (Aquatics)
9476,3,22,"Water Polo, Men (Olympic)"
9477,36,22,"Coxed Pairs, Men (Olympic)"
9478,29,22,"Coxed Pairs, Men (Olympic)"
9479,8,22,"Double Sculls, Men (Olympic)"
9480,37,22,"Eights, Women (Olympic)"
9481,36,22,"Coxed Quadruple Sculls, Women (Olympic)"
9482,37,22,"Coxed Quadruple Sculls, Women (Olympic)"
9483,29,22,"Coxless Pairs, Women (Olympic)"
9484,29,22,"Coxed Fours, Women (Olympic)"
9485,36,22,"Coxed Fours, Women (Olympic)"
9486,36,22,"Coxless Pairs, Women (Olympic)"
9487,37,22,"Coxless Pairs, Women (Olympic)"
9488,37,22,"Double Sculls, Women (Olympic)"
9489,29,22,"Double Sculls, Women (Olympic)"
9490,36,22,"Single Sculls, Women (Olympic)"
9491,37,22,"Single Sculls, Women (Olympic)"
9492,1,22,"Coxless Pairs, Women (Olympic)"
9493,37,22,"Coxless Fours, Men (Olympic)"
9494,37,22,"Coxed Pairs, Men (Olympic)"
9495,36,22,"Quadruple Sculls, Men (Olympic)"
9496,37,22,"Double Sculls, Men (Olympic)"
9497,26,22,"Eights, Women (Olympic)"
9498,36,22,"Eights, Women (Olympic)"
9499,26,22,"Coxless Pairs, Women (Olympic)"
9500,26,22,"Coxed Quadruple Sculls, Women (Olympic)"
9501,20,22,"Eights, Women (Olympic)"
9502,2,22,"Eights, Women (Olympic)"
9503,21,22,"Eights, Women (Olympic)"
9504,29,22,"Coxed Fours, Men (Olympic)"
9505,45,22,"Eights, Men (Olympic)"
9506,47,22,"Coxless Fours, Men (Olympic)"
9507,15,22,"Coxless Fours, Men (Olympic)"
9508,8,22,"Coxless Fours, Men (Olympic)"
9509,12,22,"Double Sculls, Men (Olympic)"
9510,47,22,"Coxless Pairs, Men (Olympic)"
9511,22,22,"Single Sculls, Men (Olympic)"
9512,22,22,"Lightweight Double Sculls, Men (Olympic)"
9513,12,22,"Quadruple Sculls, Women (Olympic)"
9514,22,22,"Quadruple Sculls, Women (Olympic)"
9515,27,22,"Coxless Fours, Men (Olympic)"
9516,14,22,"Coxed Fours, Inriggers, Men (Olympic)"
9517,20,22,"Single Sculls, Men (Olympic)"
9518,4,22,"Coxed Fours, Men (Olympic)"
9519,4,22,"Single Sculls, Men (Olympic)"
9520,20,22,"Double Sculls, Men (Olympic)"
9521,35,22,"Coxless Fours, Men (Olympic)"
9522,15,22,"Coxless Pairs, Men (Olympic)"
9523,15,123,"Savate, Men (Olympic (non-medal))"
9524,8,22,"Coxless Pairs, Men (Olympic)"
9525,22,22,"Double Sculls, Men (Olympic)"
9526,22,22,"Coxless Pairs, Women (Olympic)"
9527,2,22,"Eights, Men (Olympic)"
9528,20,22,"Quadruple Sculls, Women (Olympic)"
9529,22,22,"Eights, Women (Olympic)"
9530,45,22,"Single Sculls, Association, Men (Olympic (non-medal))"
9531,20,22,"Lightweight Double Sculls, Women (Olympic)"
9532,20,22,"Lightweight Double Sculls, Men (Olympic)"
9533,15,114,"200 metres Breaststroke, Men (Olympic)"
9534,8,14,"Painting, Drawings And Water Colors, Open (Olympic)"
9535,8,14,"Painting, Graphic Arts, Open (Olympic)"
9536,8,14,"Sculpturing, Medals And Reliefs, Open (Olympic)"
9537,8,14,"Sculpturing, Statues, Open (Olympic)"
9538,8,14,"Sculpturing, Unknown Event, Open (Olympic)"
9539,20,22,"Coxless Fours, Men (Olympic)"
9540,2,22,"Coxless Pairs, Men (Olympic)"
9541,20,22,"Quadruple Sculls, Men (Olympic)"
9542,2,22,"Lightweight Double Sculls, Men (Olympic)"
9543,30,11,"6 metres, Open (Olympic)"
9544,3,11,"6 metres, Open (Olympic)"
9545,2,22,"Single Sculls, Men (Olympic)"
9546,21,22,"Double Sculls, Men (Olympic)"
9547,52,22,"Quadruple Sculls, Men (Olympic)"
9548,2,22,"Quadruple Sculls, Men (Olympic)"
9549,8,22,Art Competitions
9550,8,22,"Painting, Graphic Arts, Open (Olympic)"
9551,20,22,"Coxless Pairs, Women (Olympic)"
9552,2,22,"Coxless Pairs, Women (Olympic)"
9553,2,22,"Double Sculls, Men (Olympic)"
9554,17,11,"6 metres, Open (Olympic)"
9555,30,14,"Literature, Lyric Works, Open (Olympic)"
9556,45,22,"Coxless Fours, Men (Olympic)"
9557,45,22,"Coxless Fours, Intermediate, Men (Olympic (non-medal))"
9558,45,22,"Coxless Pairs, Men (Olympic)"
9559,45,22,"Coxless Fours, Men (Olympic (non-medal))"
9560,45,22,"Single Sculls, Men (Olympic)"
9561,45,22,"Coxless Pairs, Intermediate, Men (Olympic (non-medal))"
9562,36,11,"Two Person Keelboat, Open (Olympic)"
9563,45,22,"Double Sculls, Men (Olympic)"
9564,45,22,"Double Sculls, Intermediate, Men (Olympic (non-medal))"
9565,45,22,"Eights, Intermediate, Men (Olympic (non-medal))"
9566,29,26,"Air Rifle, 10 metres, Women (Olympic)"
9567,1,26,"Trap, Open (Olympic)"
9568,13,26,"Trap, Men (Olympic)"
9569,13,26,"Double Trap, Men (Olympic)"
9570,12,26,"Double Trap, Men (Olympic)"
9571,13,26,"Air Pistol, 10 metres, Women (Olympic)"
9572,13,26,"Sporting Pistol, 25 metres, Women (Olympic)"
9573,12,26,"Air Pistol, 10 metres, Women (Olympic)"
9574,12,26,"Sporting Pistol, 25 metres, Women (Olympic)"
9575,1,26,"Sporting Pistol, 25 metres, Women (Olympic)"
9576,21,26,"Air Pistol, 10 metres, Women (Olympic)"
9577,21,26,"Sporting Pistol, 25 metres, Women (Olympic)"
9578,28,26,"Free Pistol, 50 metres, Open (Olympic)"
9579,1,26,"Rapid-Fire Pistol, 25 metres, Men (Olympic)"
9580,36,26,"Trap, Open (Olympic)"
9581,37,26,"Trap, Open (Olympic)"
9582,26,26,"Trap, Open (Olympic)"
9583,12,26,"Trap, Men (Olympic)"
9584,2,26,"Trap, Men (Olympic)"
9585,13,26,"Air Rifle, 10 metres, Women (Olympic)"
9586,12,26,"Air Rifle, 10 metres, Women (Olympic)"
9587,12,26,"Small-Bore Rifle, Three Positions, 50 metres, Women (Olympic)"
9588,21,26,"Air Rifle, 10 metres, Women (Olympic)"
9589,21,26,"Small-Bore Rifle, Three Positions, 50 metres, Women (Olympic)"
9590,26,26,"Free Pistol, 50 metres, Men (Olympic)"
9591,15,26,"Rapid-Fire Pistol, 25 metres, Men (Olympic)"
9592,30,26,"Rapid-Fire Pistol, 25 metres, Men (Olympic)"
9593,17,26,"Small-Bore Rifle, Prone, 50 metres, Men (Olympic)"
9594,38,26,"Small-Bore Rifle, Three Positions, 50 metres, Men (Olympic)"
9595,34,26,"Free Rifle, Three Positions, 300 metres, Men (Olympic)"
9596,34,26,"Small-Bore Rifle, Three Positions, 50 metres, Men (Olympic)"
9597,38,26,"Free Pistol, 50 metres, Men (Olympic)"
9598,17,26,"Free Pistol, 50 metres, Men (Olympic)"
9599,33,26,"Trap, Men (Olympic)"
9600,17,26,"Free Rifle, Three Positions, 300 metres, Men (Olympic)"
9601,10,26,"Free Rifle, Three Positions, 300 metres, Men (Olympic)"
9602,30,26,"Small-Bore Rifle, Prone, 50 metres, Men (Olympic)"
9603,36,26,"Free Pistol, 50 metres, Open (Olympic)"
9604,10,26,"Rapid-Fire Pistol, 25 metres, Men (Olympic)"
9605,33,26,"Rapid-Fire Pistol, 25 metres, Men (Olympic)"
9606,34,26,"Rapid-Fire Pistol, 25 metres, Men (Olympic)"
9607,27,26,"Rapid-Fire Pistol, 25 metres, Open (Olympic)"
9608,10,26,"Free Pistol, 50 metres, Men (Olympic)"
9609,15,26,"Small-Bore Rifle, Prone, 50 metres, Men (Olympic)"
9610,8,26,"Small-Bore Rifle, Prone, 50 metres, Men (Olympic)"
9611,10,26,"Trap, Men (Olympic)"
9612,28,26,"Small-Bore Rifle, Three Positions, 50 metres, Open (Olympic)"
9613,36,26,"Small-Bore Rifle, Three Positions, 50 metres, Open (Olympic)"
9614,26,26,"Rapid-Fire Pistol, 25 metres, Men (Olympic)"
9615,12,26,"Rapid-Fire Pistol, 25 metres, Men (Olympic)"
9616,38,26,"Rapid-Fire Pistol, 25 metres, Men (Olympic)"
9617,13,26,"Skeet, Men (Olympic)"
9618,34,26,"Trap, Men (Olympic)"
9619,27,26,"Trap, Open (Olympic)"
9620,29,26,"Small-Bore Rifle, Prone, 50 metres, Men (Olympic)"
9621,30,26,"Free Pistol, 50 metres, Men (Olympic)"
9622,34,26,"Small-Bore Rifle, Prone, 50 metres, Men (Olympic)"
9623,38,26,"Small-Bore Rifle, Prone, 50 metres, Men (Olympic)"
9624,33,26,"Free Pistol, 50 metres, Men (Olympic)"
9625,38,26,"Trap, Men (Olympic)"
9626,28,26,"Running Target, 50 metres, Open (Olympic)"
9627,28,26,"Skeet, Open (Olympic)"
9628,36,26,"Skeet, Open (Olympic)"
9629,26,26,"Skeet, Open (Olympic)"
9630,29,26,"Skeet, Open (Olympic)"
9631,1,26,"Skeet, Open (Olympic)"
9632,36,26,"Small-Bore Rifle, Prone, 50 metres, Open (Olympic)"
9633,26,26,"Air Rifle, 10 metres, Men (Olympic)"
9634,26,26,"Small-Bore Rifle, Three Positions, 50 metres, Men (Olympic)"
9635,26,26,"Small-Bore Rifle, Prone, 50 metres, Men (Olympic)"
9636,1,26,"Air Rifle, 10 metres, Men (Olympic)"
9637,1,26,"Small-Bore Rifle, Three Positions, 50 metres, Men (Olympic)"
9638,1,26,"Small-Bore Rifle, Prone, 50 metres, Men (Olympic)"
9639,13,26,"Air Rifle, 10 metres, Men (Olympic)"
9640,13,26,"Small-Bore Rifle, Three Positions, 50 metres, Men (Olympic)"
9641,36,26,"Rapid-Fire Pistol, 25 metres, Open (Olympic)"
9642,29,26,"Air Pistol, 10 metres, Men (Olympic)"
9643,29,26,"Free Pistol, 50 metres, Men (Olympic)"
9644,28,26,"Rapid-Fire Pistol, 25 metres, Open (Olympic)"
9645,22,26,"Air Rifle, 10 metres, Men (Olympic)"
9646,22,26,"Small-Bore Rifle, Three Positions, 50 metres, Men (Olympic)"
9647,22,26,"Small-Bore Rifle, Prone, 50 metres, Men (Olympic)"
9648,29,26,"Air Rifle, 10 metres, Men (Olympic)"
9649,29,26,"Small-Bore Rifle, Three Positions, 50 metres, Men (Olympic)"
9650,12,26,"Small-Bore Rifle, Three Positions, 50 metres, Men (Olympic)"
9651,26,26,"Sporting Pistol, 25 metres, Women (Olympic)"
9652,29,26,"Small-Bore Rifle, Three Positions, 50 metres, Women (Olympic)"
9653,1,26,"Air Pistol, 10 metres, Women (Olympic)"
9654,37,26,"Small-Bore Rifle, Prone, 50 metres, Open (Olympic)"
9655,13,26,"Double Trap, Women (Olympic)"
9656,12,26,"Trap, Women (Olympic)"
9657,12,26,"Double Trap, Women (Olympic)"
9658,26,26,"Air Rifle, 10 metres, Women (Olympic)"
9659,26,26,"Small-Bore Rifle, Three Positions, 50 metres, Women (Olympic)"
9660,29,26,"Air Pistol, 10 metres, Women (Olympic)"
9661,29,26,"Sporting Pistol, 25 metres, Women (Olympic)"
9662,22,26,"Sporting Pistol, 25 metres, Women (Olympic)"
9663,1,26,"Air Pistol, 10 metres, Men (Olympic)"
9664,1,26,"Free Pistol, 50 metres, Men (Olympic)"
9665,13,26,"Air Pistol, 10 metres, Men (Olympic)"
9666,13,26,"Free Pistol, 50 metres, Men (Olympic)"
9667,33,26,"Running Target, Single and Double Shot, Men (Olympic)"
9668,12,26,"Skeet, Men (Olympic)"
9669,22,26,"Trap, Men (Olympic)"
9670,20,26,"Trap, Men (Olympic)"
9671,29,26,"Trap, Open (Olympic)"
9672,27,26,"Free Pistol, 50 metres, Open (Olympic)"
9673,33,26,"Free Rifle, Three Positions, 300 metres, Men (Olympic)"
9674,22,26,"Double Trap, Men (Olympic)"
9675,47,26,"Small-Bore Rifle, Prone, 50 and 100 yards, Men (Olympic)"
9676,47,26,"Small-Bore Rifle, Disappearing Target, 25 yards, Men (Olympic)"
9677,47,26,"Small-Bore Rifle, Moving Target, 25 yards, Men (Olympic)"
9678,34,26,"Free Pistol, 50 metres, Men (Olympic)"
9679,28,26,"Trap, Open (Olympic)"
9680,13,26,"Rapid-Fire Pistol, 25 metres, Men (Olympic)"
9681,33,26,"Small-Bore Rifle, Three Positions, 50 metres, Men (Olympic)"
9682,33,26,"Small-Bore Rifle, Prone, 50 metres, Men (Olympic)"
9683,20,26,"Double Trap, Men (Olympic)"
9684,2,26,"Double Trap, Men (Olympic)"
9685,27,26,"Small-Bore Rifle, Three Positions, 50 metres, Open (Olympic)"
9686,26,26,"Running Target, 50 metres, Men (Olympic)"
9687,29,26,"Running Target, 50 metres, Men (Olympic)"
9688,13,26,"Running Target, 10 metres, Men (Olympic)"
9689,22,26,"Running Target, 10 metres, Men (Olympic)"
9690,15,26,"Trap, Men (Olympic)"
9691,54,114,"100 metres Freestyle, Men (Intercalated)"
9692,54,114,"400 metres Freestyle, Men (Intercalated)"
9693,54,114,"1 mile Freestyle, Men (Intercalated)"
9694,54,114,"4 × 250 metres Freestyle Relay, Men (Intercalated)"
9695,14,33,Shooting
9696,14,33,"Free Pistol, 50 metres, Men (Olympic)"
9697,14,33,"Dueling Pistol, 30 metres, Men (Olympic)"
9698,14,26,"Military Rifle, Three Positions, 300 metres, Men (Olympic)"
9699,14,26,"Military Rifle, Any Position, 600 metres, Men (Olympic)"
9700,14,26,"Running Target, Single Shot, Men (Olympic)"
9701,14,26,"Running Target, Single Shot, Team, Men (Olympic)"
9702,14,26,"Running Target, Double Shot, Men (Olympic)"
9703,13,26,"Small-Bore Rifle, Prone, 50 metres, Men (Olympic)"
9704,12,26,"Air Rifle, 10 metres, Men (Olympic)"
9705,12,26,"Small-Bore Rifle, Prone, 50 metres, Men (Olympic)"
9706,20,26,"Air Rifle, 10 metres, Men (Olympic)"
9707,20,26,"Small-Bore Rifle, Three Positions, 50 metres, Men (Olympic)"
9708,2,26,"Air Rifle, 10 metres, Men (Olympic)"
9709,2,26,"Small-Bore Rifle, Three Positions, 50 metres, Men (Olympic)"
9710,2,26,"Small-Bore Rifle, Prone, 50 metres, Men (Olympic)"
9711,10,26,"Small-Bore Rifle, Three Positions, 50 metres, Men (Olympic)"
9712,10,26,"Small-Bore Rifle, Prone, 50 metres, Men (Olympic)"
9713,38,26,"Free Rifle, Three Positions, 300 metres, Men (Olympic)"
9714,37,26,"Rapid-Fire Pistol, 25 metres, Open (Olympic)"
9715,29,26,"Rapid-Fire Pistol, 25 metres, Men (Olympic)"
9716,27,26,"Small-Bore Rifle, Prone, 50 metres, Open (Olympic)"
9717,37,26,"Skeet, Open (Olympic)"
9718,14,26,"Free Pistol, 50 metres, Men (Olympic)"
9719,14,26,"Dueling Pistol, 30 metres, Men (Olympic)"
9720,54,26,"Free Pistol, 50 metres, Men (Intercalated)"
9721,54,26,"Military Revolver, 1873-1874 Gras Model, 20 metres, Men (Intercalated)"
9722,54,26,"Military Revolver, 20 metres, Men (Intercalated)"
9723,54,26,"Dueling Pistol Au Visé 20 metres, Men (Intercalated)"
9724,54,26,"Dueling Pistol Au Commandement, 25 metres, Men (Intercalated)"
9725,54,26,"Free Rifle, Any Position, 300 metres, Men (Intercalated)"
9726,54,26,"Military Rifle, 1873-1874 Gras Model, Kneeling Or Standing, 200 metres, Men (Intercalated)"
9727,54,26,"Military Rifle, Kneeling Or Standing, 300 metres, Men (Intercalated)"
9728,37,26,"Small-Bore Rifle, Three Positions, 50 metres, Open (Olympic)"
9729,22,26,"Air Pistol, 10 metres, Women (Olympic)"
9730,2,26,"Air Pistol, 10 metres, Women (Olympic)"
9731,2,26,"Sporting Pistol, 25 metres, Women (Olympic)"
9732,1,26,"Air Rifle, 10 metres, Women (Olympic)"
9733,22,26,"Skeet, Men (Olympic)"
9734,21,26,"Skeet, Men (Olympic)"
9735,3,26,"Free Pistol, 50 metres, Team, Men (Olympic)"
9736,15,26,"Free Rifle, Prone, 600 metres, Men (Olympic)"
9737,15,26,"Free Rifle, 400, 600 and 800 metres, Team, Men (Olympic)"
9738,3,26,"Small-Bore Rifle, Standing, 50 metres, Men (Olympic)"
9739,3,26,"Smal-Bore Rifle, Standing, 50 metres, Team, Men (Olympic)"
9740,3,26,"Military Pistol, Team, Men (Olympic)"
9741,4,26,"Free Rifle, Three Positions, 300 metres, Men (Olympic)"
9742,4,26,"Free Rifle, Three Positions, 300 metres, Team, Men (Olympic)"
9743,4,26,"Free Rifle, Kneeling, 300 metres, Men (Olympic)"
9744,4,26,"Free Rifle, Prone, 300 metres, Men (Olympic)"
9745,4,26,"Free Rifle, Standing, 300 metres, Men (Olympic)"
9746,3,26,"Trap, Men (Olympic)"
9747,3,26,"Trap, Team, Men (Olympic)"
9748,27,26,"Skeet, Open (Olympic)"
9749,4,26,"Free Pistol, 50 metres, Men (Olympic)"
9750,4,26,"Free Pistol, 50 metres, Team, Men (Olympic)"
9751,47,26,"Free Pistol, 50 yards, Team, Men (Olympic)"
9752,47,26,"Free Rifle, Three Positions, 300 metres, Team, Men (Olympic)"
9753,47,26,"Free Rifle, Three Positions, 300 metres, Men (Olympic)"
9754,3,26,"Free Pistol, 50 metres, Men (Olympic)"
9755,1,26,"Small-Bore Rifle, Three Positions, 50 metres, Women (Olympic)"
9756,20,26,"Small-Bore Rifle, Prone, 50 metres, Men (Olympic)"
9757,13,26,"Small-Bore Rifle, Three Positions, 50 metres, Women (Olympic)"
9758,20,26,"Air Pistol, 10 metres, Women (Olympic)"
9759,20,26,"Sporting Pistol, 25 metres, Women (Olympic)"
9760,12,26,"Air Pistol, 10 metres, Men (Olympic)"
9761,12,26,"Free Pistol, 50 metres, Men (Olympic)"
9762,22,26,"Air Pistol, 10 metres, Men (Olympic)"
9763,22,26,"Free Pistol, 50 metres, Men (Olympic)"
9764,20,26,"Air Pistol, 10 metres, Men (Olympic)"
9765,20,26,"Free Pistol, 50 metres, Men (Olympic)"
9766,2,26,"Air Pistol, 10 metres, Men (Olympic)"
9767,2,26,"Free Pistol, 50 metres, Men (Olympic)"
9768,37,26,"Free Pistol, 50 metres, Open (Olympic)"
9769,8,26,"Rapid-Fire Pistol, 25 metres, Men (Olympic)"
9770,3,26,"Military Pistol, 30 metres, Men (Olympic)"
9771,52,26,"Air Pistol, 10 metres, Women (Olympic)"
9772,52,26,"Sporting Pistol, 25 metres, Women (Olympic)"
9773,22,26,"Rapid-Fire Pistol, 25 metres, Men (Olympic)"
9774,2,26,"Rapid-Fire Pistol, 25 metres, Men (Olympic)"
9775,21,26,"Rapid-Fire Pistol, 25 metres, Men (Olympic)"
9776,22,26,"Trap, Women (Olympic)"
9777,22,26,"Double Trap, Women (Olympic)"
9778,21,26,"Trap, Women (Olympic)"
9779,20,26,"Trap, Women (Olympic)"
9780,47,26,"Trap, Men (Olympic)"
9781,47,26,"Trap, Team, Men (Olympic)"
9782,47,26,"Free Rifle, 1,000 yards, Men (Olympic)"
9783,47,26,"Military Rifle, 200/500/600/800/900/1,000 yards, Team, Men (Olympic)"
9784,14,26,"Trap, Men (Olympic)"
9785,36,26,"Running Target, 50 metres, Open (Olympic)"
9786,12,26,"Skeet, Women (Olympic)"
9787,1,26,"Running Target, 10 metres, Men (Olympic)"
9788,12,26,"Running Target, 10 metres, Men (Olympic)"
9789,21,26,"Trap, Men (Olympic)"
9790,2,26,"Skeet, Men (Olympic)"
9791,28,26,"Free Rifle, Three Positions, 300 metres, Open (Olympic)"
9792,20,26,"Skeet, Men (Olympic)"
9793,52,26,"Trap, Men (Olympic)"
9794,3,26,"Military Rifle, Prone, 300 metres, Men (Olympic)"
9795,14,26,"Free Rifle, Three Positions, 300 metres, Team, Men (Olympic)"
9796,14,26,"Military Rifle, 200, 400, 500 and 600 metres, Team, Men (Olympic)"
9797,14,26,"Free Rifle, Three Positions, 300 metres, Men (Olympic)"
9798,14,26,"Small-Bore Rifle, Prone, 50 metres, Team, Men (Olympic)"
9799,14,26,"Small-Bore Rifle, Any Position, 50 metres, Men (Olympic)"
9800,14,26,"Small-Bore Rifle, Disappearing Target, 25 metres, Men (Olympic)"
9801,21,26,"Small-Bore Rifle, Prone, 50 metres, Men (Olympic)"
9802,51,7,"Discus Throw, Men (Olympic)"
9803,51,7,Shooting
9804,51,7,"Free Rifle, Any Position, 300 metres, Men (Olympic)"
9805,51,7,"Military Rifle, 200 metres, Men (Olympic)"
9806,51,7,Weightlifting
9807,51,7,"Unlimited, One Hand, Men (Olympic)"
9808,51,7,"Unlimited, Two Hands, Men (Olympic)"
9809,15,24,Shooting
9810,15,24,"Rapid-Fire Pistol, 25 metres, Men (Olympic)"
9811,52,26,"Skeet, Men (Olympic)"
9812,27,26,"Free Rifle, Three Positions, 300 metres, Open (Olympic)"
9813,14,26,"Trap, Team, Men (Olympic)"
9814,3,26,"Running Target, Single Shot, Men (Olympic)"
9815,37,26,"Running Target, 50 metres, Open (Olympic)"
9816,10,26,"Running Target, Single and Double Shot, Men (Olympic)"
9817,48,120,"Military Ski Patrol, Men (Olympic (non-medal))"
9818,22,26,"Air Rifle, 10 metres, Women (Olympic)"
9819,22,26,"Small-Bore Rifle, Three Positions, 50 metres, Women (Olympic)"
9820,4,26,"Trap, Men (Olympic)"
9821,47,26,"Running Target, Single Shot, Men (Olympic)"
9822,46,124,"Skeleton, Men (Olympic)"
9823,54,26,"Free Pistol, 25 metres, Men (Intercalated)"
9824,54,26,"Free Rifle, Three Positions, 300 metres, Team, Men (Intercalated)"
9825,54,26,"Trap, Single Shot, 16 metres, Men (Intercalated)"
9826,54,26,"Trap, Double Shot, 14 metres, Men (Intercalated)"
9827,14,26,"Dueling Pistol, 30 metres, Team, Men (Olympic)"
9828,4,24,Shooting
9829,4,24,"Trap, Men (Olympic)"
9830,4,117,"26th Federal Festival, Society and Association Contests, Non-Simultaneous, Shooting Championships, Honorary Members and Associates, Men (Olympic (non-medal))"
9831,47,26,"Running Target, Double Shot, Men (Olympic)"
9832,14,33,"Free Pistol, 50 metres, Team, Men (Olympic)"
9833,14,33,"Dueling Pistol, 30 metres, Team, Men (Olympic)"
9834,47,26,"Running Target, Single Shot, Team, Men (Olympic)"
9835,14,26,"Free Pistol, 50 metres, Team, Men (Olympic)"
9836,51,26,"Military Pistol, 25 metres, Men (Olympic)"
9837,51,26,"Muzzle-Loading Pistol, 25 metres, Men (Olympic)"
9838,51,26,"Free Rifle, Any Position, 300 metres, Men (Olympic)"
9839,51,26,"Military Rifle, 200 metres, Men (Olympic)"
9840,14,26,"Small-Bore Rifle, Disappearing Target, 25 metres, Team, Men (Olympic)"
9841,20,26,"Air Rifle, 10 metres, Women (Olympic)"
9842,20,26,"Small-Bore Rifle, Three Positions, 50 metres, Women (Olympic)"
9843,2,26,"Small-Bore Rifle, Three Positions, 50 metres, Women (Olympic)"
9844,20,26,"Rapid-Fire Pistol, 25 metres, Men (Olympic)"
9845,51,26,"Free Pistol, 30 metres, Men (Olympic)"
9846,54,22,"17-Man Naval Rowing Boats, Men (Intercalated)"
9847,30,24,Shooting
9848,30,24,"Rapid-Fire Pistol, 25 metres, Men (Olympic)"
9849,22,26,"Skeet, Women (Olympic)"
9850,20,26,"Skeet, Women (Olympic)"
9851,21,26,"Double Trap, Men (Olympic)"
9852,2,26,"Trap, Women (Olympic)"
9853,34,33,"Free Pistol, 50 metres, Men (Olympic)"
9854,13,125,"Team, Women (Olympic)"
9855,35,14,"Architecture, Further Entries, Open (Olympic)"
9856,47,26,Fencing
9857,47,26,"Sabre, Individual, Men (Olympic)"
9858,3,26,"Running Target, Double Shot, Men (Olympic)"
9859,8,33,Shooting
9860,8,33,"Rapid-Fire Pistol, 25 metres, Men (Olympic)"
9861,15,7,"Discus Throw, Men (Olympic)"
9862,15,7,Shooting
9863,15,7,"Rapid-Fire Pistol, 25 metres, Men (Olympic)"
9864,15,7,"Small-Bore Rifle, Prone, 50 metres, Men (Olympic)"
9865,21,26,"Air Pistol, 10 metres, Men (Olympic)"
9866,47,24,Shooting
9867,47,24,"Free Pistol, 50 yards, Men (Olympic)"
9868,47,24,"Free Pistol, 50 yards, Team, Men (Olympic)"
9869,47,24,"Small-Bore Rifle, 50 and 100 yards, Team, Men (Olympic)"
9870,47,24,"Small-Bore Rifle, Disappearing Target, 25 yards, Men (Olympic)"
9871,47,24,"Small-Bore Rifle, Moving Target, 25 yards, Men (Olympic)"
9872,14,24,"Free Pistol, 50 metres, Men (Olympic)"
9873,14,24,"Free Pistol, 50 metres, Team, Men (Olympic)"
9874,14,24,"Dueling Pistol, 30 metres, Men (Olympic)"
9875,14,24,"Small-Bore Rifle, Any Position, 50 metres, Men (Olympic)"
9876,14,24,"Small-Bore Rifle, Prone, 50 metres, Team, Men (Olympic)"
9877,14,24,"Small-Bore Rifle, Disappearing Target, 25 metres, Men (Olympic)"
9878,14,24,"Small-Bore Rifle, Disappearing Target, 25 metres, Team, Men (Olympic)"
9879,2,26,"Skeet, Women (Olympic)"
9880,21,26,"Skeet, Women (Olympic)"
9881,14,26,Art Competitions
9882,14,26,"Sculpturing, Open (Olympic)"
9883,21,26,"Small-Bore Rifle, Three Positions, 50 metres, Men (Olympic)"
9884,26,114,"100 metres Backstroke, Women (Olympic)"
9885,26,125,"Solo, Women (Olympic)"
9886,26,125,"Duet, Women (Olympic)"
9887,13,114,"50 metres Freestyle, Men (Olympic)"
9888,12,114,"50 metres Freestyle, Men (Olympic)"
9889,12,114,"100 metres Freestyle, Men (Olympic)"
9890,26,114,"100 metres Freestyle, Men (Olympic)"
9891,26,114,"200 metres Freestyle, Men (Olympic)"
9892,26,114,"400 metres Freestyle, Men (Olympic)"
9893,29,114,"50 metres Freestyle, Men (Olympic)"
9894,29,114,"100 metres Freestyle, Men (Olympic)"
9895,1,114,"100 metres Breaststroke, Men (Olympic)"
9896,1,114,"200 metres Breaststroke, Men (Olympic)"
9897,37,114,"200 metres Freestyle, Men (Olympic)"
9898,37,114,"400 metres Freestyle, Men (Olympic)"
9899,37,114,"4 × 200 metres Freestyle Relay, Men (Olympic)"
9900,37,114,"1,500 metres Freestyle, Men (Olympic)"
9901,37,114,"100 metres Freestyle, Men (Olympic)"
9902,13,114,"100 metres Freestyle, Men (Olympic)"
9903,13,114,"200 metres Freestyle, Men (Olympic)"
9904,13,114,"100 metres Butterfly, Men (Olympic)"
9905,22,114,"50 metres Freestyle, Men (Olympic)"
9906,22,114,"100 metres Freestyle, Men (Olympic)"
9907,20,114,"50 metres Freestyle, Men (Olympic)"
9908,1,114,"50 metres Freestyle, Men (Olympic)"
9909,1,114,"100 metres Freestyle, Men (Olympic)"
9910,37,114,"100 metres Breaststroke, Men (Olympic)"
9911,37,114,"200 metres Breaststroke, Men (Olympic)"
9912,37,114,"100 metres Butterfly, Men (Olympic)"
9913,37,114,"200 metres Butterfly, Men (Olympic)"
9914,13,114,"200 metres Individual Medley, Women (Olympic)"
9915,12,114,"200 metres Individual Medley, Women (Olympic)"
9916,13,114,"200 metres Butterfly, Men (Olympic)"
9917,29,114,"100 metres Breaststroke, Women (Olympic)"
9918,1,114,"100 metres Breaststroke, Women (Olympic)"
9919,13,114,"100 metres Breaststroke, Women (Olympic)"
9920,13,114,"200 metres Breaststroke, Women (Olympic)"
9921,12,114,"100 metres Breaststroke, Women (Olympic)"
9922,29,114,"100 metres Freestyle, Women (Olympic)"
9923,29,114,"100 metres Backstroke, Women (Olympic)"
9924,29,114,"50 metres Freestyle, Women (Olympic)"
9925,29,114,"100 metres Butterfly, Women (Olympic)"
9926,1,114,"50 metres Freestyle, Women (Olympic)"
9927,1,114,"100 metres Freestyle, Women (Olympic)"
9928,1,114,"100 metres Butterfly, Women (Olympic)"
9929,37,114,"100 metres Freestyle, Women (Olympic)"
9930,37,114,"100 metres Backstroke, Women (Olympic)"
9931,37,114,"4 × 100 metres Medley Relay, Men (Olympic)"
9932,29,114,"100 metres Breaststroke, Men (Olympic)"
9933,29,114,"100 metres Butterfly, Men (Olympic)"
9934,37,114,"100 metres Backstroke, Men (Olympic)"
9935,1,114,"100 metres Butterfly, Men (Olympic)"
9936,13,114,"50 metres Freestyle, Women (Olympic)"
9937,13,114,"100 metres Freestyle, Women (Olympic)"
9938,13,114,"4 × 200 metres Freestyle Relay, Women (Olympic)"
9939,13,114,"100 metres Backstroke, Women (Olympic)"
9940,13,114,"4 × 100 metres Medley Relay, Women (Olympic)"
9941,29,114,"200 metres Breaststroke, Women (Olympic)"
9942,29,114,"200 metres Individual Medley, Women (Olympic)"
9943,29,114,"400 metres Individual Medley, Women (Olympic)"
9944,13,114,"400 metres Freestyle, Women (Olympic)"
9945,13,114,"800 metres Freestyle, Women (Olympic)"
9946,36,114,"4 × 100 metres Freestyle Relay, Women (Olympic)"
9947,36,114,"100 metres Backstroke, Women (Olympic)"
9948,36,114,"200 metres Backstroke, Women (Olympic)"
9949,36,114,"4 × 100 metres Medley Relay, Women (Olympic)"
9950,28,114,"200 metres Freestyle, Women (Olympic)"
9951,28,114,"800 metres Freestyle, Women (Olympic)"
9952,28,114,"400 metres Individual Medley, Women (Olympic)"
9953,26,114,"100 metres Breaststroke, Women (Olympic)"
9954,26,114,"200 metres Breaststroke, Women (Olympic)"
9955,17,114,"100 metres Freestyle, Women (Olympic)"
9956,17,114,"4 × 100 metres Freestyle Relay, Women (Olympic)"
9957,30,114,"100 metres Freestyle, Women (Olympic)"
9958,30,114,"400 metres Freestyle, Women (Olympic)"
9959,27,114,"100 metres Backstroke, Women (Olympic)"
9960,27,114,"200 metres Backstroke, Women (Olympic)"
9961,27,114,"100 metres Butterfly, Women (Olympic)"
9962,27,114,"200 metres Butterfly, Women (Olympic)"
9963,27,114,"200 metres Individual Medley, Women (Olympic)"
9964,27,114,"400 metres Individual Medley, Women (Olympic)"
9965,36,114,"100 metres Freestyle, Women (Olympic)"
9966,36,114,"200 metres Freestyle, Women (Olympic)"
9967,36,114,"400 metres Freestyle, Women (Olympic)"
9968,17,114,"400 metres Freestyle, Women (Olympic)"
9969,1,105,"Springboard, Women (Olympic)"
9970,17,114,"100 metres Backstroke, Women (Olympic)"
9971,36,114,"100 metres Breaststroke, Women (Olympic)"
9972,36,114,"100 metres Butterfly, Women (Olympic)"
9973,36,114,"200 metres Butterfly, Women (Olympic)"
9974,38,114,"100 metres Backstroke, Women (Olympic)"
9975,38,114,"200 metres Breaststroke, Women (Olympic)"
9976,13,114,"100 metres Butterfly, Women (Olympic)"
9977,13,114,"200 metres Butterfly, Women (Olympic)"
9978,12,114,"100 metres Butterfly, Women (Olympic)"
9979,27,114,"100 metres Freestyle, Women (Olympic)"
9980,26,105,"Springboard, Women (Olympic)"
9981,26,105,"Platform, Women (Olympic)"
9982,29,105,"Springboard, Women (Olympic)"
9983,29,105,"Platform, Women (Olympic)"
9984,1,105,"Platform, Women (Olympic)"
9985,26,114,"100 metres Freestyle, Women (Olympic)"
9986,26,114,"200 metres Freestyle, Women (Olympic)"
9987,10,114,"100 metres Freestyle, Women (Olympic)"
9988,10,114,"400 metres Freestyle, Women (Olympic)"
9989,28,114,"400 metres Freestyle, Women (Olympic)"
9990,28,114,"100 metres Backstroke, Women (Olympic)"
9991,28,114,"200 metres Backstroke, Women (Olympic)"
9992,28,114,"200 metres Individual Medley, Women (Olympic)"
9993,36,114,"200 metres Breaststroke, Women (Olympic)"
9994,17,114,"200 metres Breaststroke, Women (Olympic)"
9995,35,114,"4 × 200 metres Freestyle Relay, Men (Olympic)"
9996,27,114,"100 metres Backstroke, Men (Olympic)"
9997,27,114,"200 metres Backstroke, Men (Olympic)"
9998,27,114,"4 × 100 metres Medley Relay, Men (Olympic)"
9999,15,114,"4 × 200 metres Freestyle Relay, Men (Olympic)"
10000,15,114,"100 metres Backstroke, Men (Olympic)"
10001,17,114,"200 metres Breaststroke, Men (Olympic)"
10002,10,114,"400 metres Freestyle, Men (Olympic)"
10003,10,114,"4 × 200 metres Freestyle Relay, Men (Olympic)"
10004,27,114,"100 metres Breaststroke, Men (Olympic)"
10005,27,114,"200 metres Breaststroke, Men (Olympic)"
10006,28,114,"100 metres Breaststroke, Men (Olympic)"
10007,28,114,"200 metres Breaststroke, Men (Olympic)"
10008,38,114,"4 × 100 metres Medley Relay, Men (Olympic)"
10009,17,114,"100 metres Freestyle, Men (Olympic)"
10010,17,114,"4 × 200 metres Freestyle Relay, Men (Olympic)"
10011,8,114,"200 metres Breaststroke, Men (Olympic)"
10012,17,114,"100 metres Backstroke, Men (Olympic)"
10013,10,114,"200 metres Breaststroke, Men (Olympic)"
10014,34,114,"100 metres Backstroke, Men (Olympic)"
10015,38,114,"200 metres Backstroke, Men (Olympic)"
10016,17,114,"400 metres Freestyle, Men (Olympic)"
10017,26,114,"100 metres Breaststroke, Men (Olympic)"
10018,26,114,"200 metres Breaststroke, Men (Olympic)"
10019,34,114,"400 metres Freestyle, Men (Olympic)"
10020,34,114,"200 metres Butterfly, Men (Olympic)"
10021,13,114,"400 metres Freestyle, Men (Olympic)"
10022,13,114,"1,500 metres Freestyle, Men (Olympic)"
10023,12,114,"400 metres Freestyle, Men (Olympic)"
10024,12,114,"1,500 metres Freestyle, Men (Olympic)"
10025,10,114,"100 metres Backstroke, Men (Olympic)"
10026,17,114,"1,500 metres Freestyle, Men (Olympic)"
10027,28,114,"400 metres Freestyle, Men (Olympic)"
10028,28,114,"1,500 metres Freestyle, Men (Olympic)"
10029,28,114,"100 metres Backstroke, Men (Olympic)"
10030,28,114,"200 metres Backstroke, Men (Olympic)"
10031,26,114,"100 metres Butterfly, Men (Olympic)"
10032,26,114,"200 metres Individual Medley, Men (Olympic)"
10033,8,114,"400 metres Freestyle, Men (Olympic)"
10034,8,114,"4 × 200 metres Freestyle Relay, Men (Olympic)"
10035,1,114,"100 metres Backstroke, Men (Olympic)"
10036,26,114,"1,500 metres Freestyle, Men (Olympic)"
10037,12,114,"4 × 100 metres Medley Relay, Men (Olympic)"
10038,20,114,"100 metres Freestyle, Men (Olympic)"
10039,1,114,"1,500 metres Freestyle, Men (Olympic)"
10040,1,114,"400 metres Individual Medley, Men (Olympic)"
10041,38,114,"1,500 metres Freestyle, Men (Olympic)"
10042,38,114,"200 metres Breaststroke, Men (Olympic)"
10043,34,114,"100 metres Freestyle, Men (Olympic)"
10044,38,114,"100 metres Freestyle, Men (Olympic)"
10045,38,114,"400 metres Freestyle, Men (Olympic)"
10046,38,114,"200 metres Butterfly, Men (Olympic)"
10047,27,114,"100 metres Freestyle, Men (Olympic)"
10048,27,114,"200 metres Freestyle, Men (Olympic)"
10049,27,114,"100 metres Butterfly, Men (Olympic)"
10050,8,114,"100 metres Backstroke, Men (Olympic)"
10051,36,114,"100 metres Backstroke, Men (Olympic)"
10052,36,114,"200 metres Backstroke, Men (Olympic)"
10053,8,114,"100 metres Freestyle, Men (Olympic)"
10054,10,114,"100 metres Freestyle, Men (Olympic)"
10055,27,114,"400 metres Freestyle, Men (Olympic)"
10056,35,114,"100 metres Freestyle, Men (Olympic)"
10057,15,114,"100 metres Freestyle, Men (Olympic)"
10058,15,114,"400 metres Freestyle, Men (Olympic)"
10059,35,114,"400 metres Freestyle, Men (Olympic)"
10060,35,114,"1,500 metres Freestyle, Men (Olympic)"
10061,35,114,"100 metres Backstroke, Men (Olympic)"
10062,13,105,"Springboard, Women (Olympic)"
10063,13,105,"Platform, Men (Olympic)"
10064,29,125,"Solo, Women (Olympic)"
10065,29,125,"Duet, Women (Olympic)"
10066,29,114,"4 × 100 metres Medley Relay, Women (Olympic)"
10067,34,114,"100 metres Butterfly, Women (Olympic)"
10068,34,114,"4 × 100 metres Medley Relay, Women (Olympic)"
10069,13,105,"Platform, Women (Olympic)"
10070,33,114,"100 metres Butterfly, Women (Olympic)"
10071,27,114,"100 metres Breaststroke, Women (Olympic)"
10072,27,114,"200 metres Breaststroke, Women (Olympic)"
10073,36,105,"Springboard, Women (Olympic)"
10074,36,105,"Platform, Women (Olympic)"
10075,33,105,"Springboard, Women (Olympic)"
10076,33,105,"Platform, Women (Olympic)"
10077,26,114,"400 metres Freestyle, Women (Olympic)"
10078,26,114,"800 metres Freestyle, Women (Olympic)"
10079,29,114,"200 metres Freestyle, Women (Olympic)"
10080,3,105,"Plain High, Women (Olympic)"
10081,3,105,Swimming (Aquatics)
10082,3,105,"100 metres Freestyle, Women (Olympic)"
10083,3,105,"300 metres Freestyle, Women (Olympic)"
10084,33,114,"100 metres Backstroke, Women (Olympic)"
10085,34,114,"100 metres Backstroke, Women (Olympic)"
10086,38,114,"100 metres Freestyle, Women (Olympic)"
10087,38,114,"4 × 100 metres Freestyle Relay, Women (Olympic)"
10088,27,114,"200 metres Freestyle, Women (Olympic)"
10089,27,114,"4 × 100 metres Freestyle Relay, Women (Olympic)"
10090,27,114,"4 × 100 metres Medley Relay, Women (Olympic)"
10091,28,114,"100 metres Freestyle, Women (Olympic)"
10092,28,114,"4 × 100 metres Freestyle Relay, Women (Olympic)"
10093,28,114,"4 × 100 metres Medley Relay, Women (Olympic)"
10094,38,105,"Springboard, Women (Olympic)"
10095,38,105,"Platform, Women (Olympic)"
10096,27,105,"Springboard, Women (Olympic)"
10097,27,105,"Platform, Women (Olympic)"
10098,37,114,"200 metres Freestyle, Women (Olympic)"
10099,37,114,"400 metres Freestyle, Women (Olympic)"
10100,37,114,"800 metres Freestyle, Women (Olympic)"
10101,37,114,"4 × 100 metres Freestyle Relay, Women (Olympic)"
10102,37,114,"4 × 100 metres Medley Relay, Women (Olympic)"
10103,8,114,"100 metres Freestyle, Women (Olympic)"
10104,8,114,"400 metres Freestyle, Women (Olympic)"
10105,29,114,"400 metres Freestyle, Women (Olympic)"
10106,33,114,"4 × 100 metres Freestyle Relay, Women (Olympic)"
10107,34,114,"4 × 100 metres Freestyle Relay, Women (Olympic)"
10108,38,114,"400 metres Individual Medley, Women (Olympic)"
10109,33,114,"100 metres Freestyle, Women (Olympic)"
10110,33,114,"400 metres Freestyle, Women (Olympic)"
10111,37,114,"100 metres Breaststroke, Women (Olympic)"
10112,37,114,"200 metres Breaststroke, Women (Olympic)"
10113,37,114,"100 metres Butterfly, Women (Olympic)"
10114,37,114,"400 metres Individual Medley, Women (Olympic)"
10115,26,114,"4 × 100 metres Freestyle Relay, Women (Olympic)"
10116,26,114,"100 metres Butterfly, Women (Olympic)"
10117,26,114,"200 metres Individual Medley, Women (Olympic)"
10118,26,114,"4 × 100 metres Medley Relay, Women (Olympic)"
10119,1,114,"4 × 100 metres Freestyle Relay, Women (Olympic)"
10120,1,114,"4 × 100 metres Medley Relay, Women (Olympic)"
10121,35,114,"100 metres Freestyle, Women (Olympic)"
10122,35,114,"400 metres Freestyle, Women (Olympic)"
10123,38,114,"100 metres Butterfly, Women (Olympic)"
10124,27,114,"400 metres Freestyle, Women (Olympic)"
10125,27,114,"800 metres Freestyle, Women (Olympic)"
10126,8,114,"200 metres Breaststroke, Women (Olympic)"
10127,37,105,"Springboard, Women (Olympic)"
10128,37,105,"Platform, Women (Olympic)"
10129,38,114,"400 metres Freestyle, Women (Olympic)"
10130,38,114,"4 × 100 metres Medley Relay, Women (Olympic)"
10131,14,114,"100 metres Freestyle, Women (Olympic)"
10132,29,114,"800 metres Freestyle, Women (Olympic)"
10133,33,114,"200 metres Breaststroke, Women (Olympic)"
10134,1,125,"Solo, Women (Olympic)"
10135,1,125,"Duet, Women (Olympic)"
10136,37,114,"200 metres Butterfly, Women (Olympic)"
10137,37,114,"200 metres Backstroke, Women (Olympic)"
10138,1,114,"200 metres Breaststroke, Women (Olympic)"
10139,34,114,"100 metres Freestyle, Women (Olympic)"
10140,34,114,"400 metres Freestyle, Women (Olympic)"
10141,28,114,"100 metres Butterfly, Women (Olympic)"
10142,28,114,"200 metres Butterfly, Women (Olympic)"
10143,13,114,"200 metres Freestyle, Women (Olympic)"
10144,13,114,"4 × 100 metres Freestyle Relay, Women (Olympic)"
10145,1,114,"200 metres Backstroke, Women (Olympic)"
10146,34,114,"200 metres Breaststroke, Women (Olympic)"
10147,28,114,"100 metres Breaststroke, Women (Olympic)"
10148,28,114,"200 metres Breaststroke, Women (Olympic)"
10149,36,114,"400 metres Individual Medley, Women (Olympic)"
10150,13,114,"400 metres Individual Medley, Women (Olympic)"
10151,28,105,"Springboard, Women (Olympic)"
10152,28,105,"Platform, Women (Olympic)"
10153,34,105,"Springboard, Women (Olympic)"
10154,34,105,"Platform, Women (Olympic)"
10155,26,114,"400 metres Individual Medley, Women (Olympic)"
10156,1,114,"400 metres Freestyle, Women (Olympic)"
10157,1,114,"800 metres Freestyle, Women (Olympic)"
10158,1,114,"200 metres Butterfly, Women (Olympic)"
10159,1,114,"400 metres Individual Medley, Women (Olympic)"
10160,12,114,"800 metres Freestyle, Women (Olympic)"
10161,29,114,"200 metres Backstroke, Women (Olympic)"
10162,1,114,"200 metres Freestyle, Women (Olympic)"
10163,1,114,"100 metres Backstroke, Women (Olympic)"
10164,13,114,"200 metres Backstroke, Women (Olympic)"
10165,10,114,"200 metres Breaststroke, Women (Olympic)"
10166,30,114,"100 metres Backstroke, Women (Olympic)"
10167,1,114,"200 metres Individual Medley, Women (Olympic)"
10168,35,114,"100 metres Backstroke, Women (Olympic)"
10169,8,114,"100 metres Backstroke, Women (Olympic)"
10170,36,114,"800 metres Freestyle, Women (Olympic)"
10171,26,114,"200 metres Backstroke, Women (Olympic)"
10172,12,114,"50 metres Freestyle, Women (Olympic)"
10173,12,114,"100 metres Freestyle, Women (Olympic)"
10174,12,114,"200 metres Freestyle, Women (Olympic)"
10175,12,114,"4 × 100 metres Freestyle Relay, Women (Olympic)"
10176,12,114,"4 × 200 metres Freestyle Relay, Women (Olympic)"
10177,12,114,"200 metres Butterfly, Women (Olympic)"
10178,12,114,"4 × 100 metres Medley Relay, Women (Olympic)"
10179,26,114,"200 metres Butterfly, Women (Olympic)"
10180,29,114,"200 metres Butterfly, Women (Olympic)"
10181,22,114,"4 × 100 metres Freestyle Relay, Women (Olympic)"
10182,35,114,"200 metres Breaststroke, Women (Olympic)"
10183,12,105,"Synchronized Springboard, Women (Olympic)"
10184,22,105,"Springboard, Women (Olympic)"
10185,22,105,"Platform, Women (Olympic)"
10186,22,105,"Synchronized Platform, Women (Olympic)"
10187,2,105,"Synchronized Platform, Women (Olympic)"
10188,10,114,"1,500 metres Freestyle, Men (Olympic)"
10189,13,114,"4 × 200 metres Freestyle Relay, Men (Olympic)"
10190,29,114,"200 metres Freestyle, Men (Olympic)"
10191,29,114,"400 metres Freestyle, Men (Olympic)"
10192,29,114,"4 × 200 metres Freestyle Relay, Men (Olympic)"
10193,1,114,"4 × 200 metres Freestyle Relay, Men (Olympic)"
10194,29,114,"4 × 100 metres Medley Relay, Men (Olympic)"
10195,1,114,"4 × 100 metres Freestyle Relay, Men (Olympic)"
10196,47,27,Diving (Aquatics)
10197,47,27,"Springboard, Men (Olympic)"
10198,47,27,Swimming (Aquatics)
10199,47,27,"100 metres Freestyle, Men (Olympic)"
10200,47,27,"400 metres Freestyle, Men (Olympic)"
10201,47,27,"1,500 metres Freestyle, Men (Olympic)"
10202,47,27,"4 × 200 metres Freestyle Relay, Men (Olympic)"
10203,29,105,"Springboard, Men (Olympic)"
10204,29,105,"Platform, Men (Olympic)"
10205,47,114,"1,500 metres Freestyle, Men (Olympic)"
10206,47,114,"4 × 200 metres Freestyle Relay, Men (Olympic)"
10207,3,114,"400 metres Freestyle, Men (Olympic)"
10208,3,114,"1,500 metres Freestyle, Men (Olympic)"
10209,3,114,"4 × 200 metres Freestyle Relay, Men (Olympic)"
10210,15,114,"1,500 metres Freestyle, Men (Olympic)"
10211,34,114,"4 × 100 metres Medley Relay, Men (Olympic)"
10212,14,114,"100 metres Freestyle, Men (Olympic)"
10213,14,114,"400 metres Freestyle, Men (Olympic)"
10214,14,114,"4 × 200 metres Freestyle Relay, Men (Olympic)"
10215,26,114,"4 × 100 metres Freestyle Relay, Men (Olympic)"
10216,26,114,"4 × 200 metres Freestyle Relay, Men (Olympic)"
10217,26,114,"4 × 100 metres Medley Relay, Men (Olympic)"
10218,27,114,"1,500 metres Freestyle, Men (Olympic)"
10219,1,114,"200 metres Freestyle, Men (Olympic)"
10220,1,114,"400 metres Freestyle, Men (Olympic)"
10221,29,114,"200 metres Individual Medley, Men (Olympic)"
10222,29,114,"400 metres Individual Medley, Men (Olympic)"
10223,38,114,"400 metres Individual Medley, Men (Olympic)"
10224,34,114,"200 metres Breaststroke, Men (Olympic)"
10225,13,105,"Springboard, Men (Olympic)"
10226,27,114,"200 metres Individual Medley, Men (Olympic)"
10227,27,114,"400 metres Individual Medley, Men (Olympic)"
10228,14,114,"1,500 metres Freestyle, Men (Olympic)"
10229,33,114,"100 metres Freestyle, Men (Olympic)"
10230,33,114,"4 × 200 metres Freestyle Relay, Men (Olympic)"
10231,8,114,"1,500 metres Freestyle, Men (Olympic)"
10232,47,114,"100 metres Backstroke, Men (Olympic)"
10233,47,114,"200 metres Breaststroke, Men (Olympic)"
10234,13,114,"200 metres Individual Medley, Men (Olympic)"
10235,28,114,"4 × 100 metres Freestyle Relay, Men (Olympic)"
10236,28,114,"4 × 200 metres Freestyle Relay, Men (Olympic)"
10237,28,114,"4 × 100 metres Medley Relay, Men (Olympic)"
10238,36,114,"4 × 200 metres Freestyle Relay, Men (Olympic)"
10239,36,114,"4 × 100 metres Medley Relay, Men (Olympic)"
10240,34,105,"Springboard, Men (Olympic)"
10241,27,114,"4 × 100 metres Freestyle Relay, Men (Olympic)"
10242,27,114,"200 metres Butterfly, Men (Olympic)"
10243,36,114,"200 metres Freestyle, Men (Olympic)"
10244,36,114,"400 metres Individual Medley, Men (Olympic)"
10245,34,114,"4 × 200 metres Freestyle Relay, Men (Olympic)"
10246,13,114,"100 metres Backstroke, Men (Olympic)"
10247,13,114,"200 metres Backstroke, Men (Olympic)"
10248,13,114,"4 × 100 metres Medley Relay, Men (Olympic)"
10249,38,114,"4 × 100 metres Freestyle Relay, Men (Olympic)"
10250,38,114,"4 × 200 metres Freestyle Relay, Men (Olympic)"
10251,1,114,"200 metres Individual Medley, Men (Olympic)"
10252,13,114,"4 × 100 metres Freestyle Relay, Men (Olympic)"
10253,13,114,"400 metres Individual Medley, Men (Olympic)"
10254,12,114,"200 metres Individual Medley, Men (Olympic)"
10255,12,114,"400 metres Individual Medley, Men (Olympic)"
10256,15,105,"Springboard, Men (Olympic)"
10257,15,105,"Plain High, Men (Olympic)"
10258,10,105,"Springboard, Men (Olympic)"
10259,33,105,"Springboard, Men (Olympic)"
10260,28,114,"200 metres Individual Medley, Men (Olympic)"
10261,28,114,"400 metres Individual Medley, Men (Olympic)"
10262,28,114,"200 metres Butterfly, Men (Olympic)"
10263,36,105,"Springboard, Men (Olympic)"
10264,37,105,"Springboard, Men (Olympic)"
10265,37,105,"Platform, Men (Olympic)"
10266,26,105,"Springboard, Men (Olympic)"
10267,26,105,"Platform, Men (Olympic)"
10268,1,114,"4 × 100 metres Medley Relay, Men (Olympic)"
10269,12,114,"4 × 100 metres Freestyle Relay, Men (Olympic)"
10270,33,114,"1,500 metres Freestyle, Men (Olympic)"
10271,33,114,"200 metres Breaststroke, Men (Olympic)"
10272,28,105,"Springboard, Men (Olympic)"
10273,28,105,"Platform, Men (Olympic)"
10274,1,114,"200 metres Backstroke, Men (Olympic)"
10275,3,114,"100 metres Freestyle, Men (Olympic)"
10276,33,114,"100 metres Backstroke, Men (Olympic)"
10277,36,114,"400 metres Freestyle, Men (Olympic)"
10278,36,114,"1,500 metres Freestyle, Men (Olympic)"
10279,33,105,"Platform, Men (Olympic)"
10280,34,105,"Platform, Men (Olympic)"
10281,36,114,"100 metres Breaststroke, Men (Olympic)"
10282,36,114,"200 metres Breaststroke, Men (Olympic)"
10283,30,114,"100 metres Freestyle, Men (Olympic)"
10284,37,114,"200 metres Backstroke, Men (Olympic)"
10285,26,114,"100 metres Backstroke, Men (Olympic)"
10286,12,114,"4 × 200 metres Freestyle Relay, Men (Olympic)"
10287,12,114,"100 metres Butterfly, Men (Olympic)"
10288,22,114,"4 × 100 metres Freestyle Relay, Men (Olympic)"
10289,22,114,"4 × 200 metres Freestyle Relay, Men (Olympic)"
10290,22,114,"4 × 100 metres Medley Relay, Men (Olympic)"
10291,34,114,"1,500 metres Freestyle, Men (Olympic)"
10292,4,114,"200 metres Freestyle, Men (Olympic)"
10293,4,114,"1,000 metres Freestyle, Men (Olympic)"
10294,4,114,"200 metres Backstroke, Men (Olympic)"
10295,4,114,"200 metres Obstacle Course, Men (Olympic)"
10296,33,114,"200 metres Butterfly, Men (Olympic)"
10297,30,105,"Springboard, Men (Olympic)"
10298,30,105,"Platform, Men (Olympic)"
10299,29,114,"200 metres Breaststroke, Men (Olympic)"
10300,1,105,"Springboard, Men (Olympic)"
10301,29,114,"1,500 metres Freestyle, Men (Olympic)"
10302,1,114,"200 metres Butterfly, Men (Olympic)"
10303,37,114,"400 metres Individual Medley, Men (Olympic)"
10304,13,114,"200 metres Breaststroke, Men (Olympic)"
10305,12,114,"200 metres Breaststroke, Men (Olympic)"
10306,35,105,"Springboard, Men (Olympic)"
10307,35,105,"Platform, Men (Olympic)"
10308,35,105,Wrestling
10309,35,105,"Welterweight, Freestyle, Men (Olympic)"
10310,10,105,"Platform, Men (Olympic)"
10311,1,105,"Platform, Men (Olympic)"
10312,28,114,"200 metres Freestyle, Men (Olympic)"
10313,17,105,"Springboard, Men (Olympic)"
10314,33,114,"400 metres Freestyle, Men (Olympic)"
10315,30,114,"100 metres Backstroke, Men (Olympic)"
10316,26,114,"200 metres Backstroke, Men (Olympic)"
10317,29,114,"200 metres Butterfly, Men (Olympic)"
10318,27,114,"4 × 200 metres Freestyle Relay, Men (Olympic)"
10319,28,114,"100 metres Freestyle, Men (Olympic)"
10320,28,114,"100 metres Butterfly, Men (Olympic)"
10321,36,114,"100 metres Butterfly, Men (Olympic)"
10322,13,114,"100 metres Breaststroke, Men (Olympic)"
10323,12,114,"100 metres Breaststroke, Men (Olympic)"
10324,14,114,"200 metres Breaststroke, Men (Olympic)"
10325,14,114,"400 metres Breaststroke, Men (Olympic)"
10326,36,114,"200 metres Butterfly, Men (Olympic)"
10327,26,114,"200 metres Butterfly, Men (Olympic)"
10328,3,114,"200 metres Breaststroke, Men (Olympic)"
10329,22,114,"4 × 200 metres Freestyle Relay, Women (Olympic)"
10330,22,114,"100 metres Butterfly, Women (Olympic)"
10331,22,114,"200 metres Butterfly, Women (Olympic)"
10332,22,114,"4 × 100 metres Medley Relay, Women (Olympic)"
10333,29,114,"100 metres Backstroke, Men (Olympic)"
10334,29,114,"200 metres Backstroke, Men (Olympic)"
10335,27,105,"Springboard, Men (Olympic)"
10336,27,105,"Platform, Men (Olympic)"
10337,26,114,"400 metres Individual Medley, Men (Olympic)"
10338,14,114,"4 × 100 metres Freestyle Relay, Women (Olympic)"
10339,15,105,"Plain High, Women (Olympic)"
10340,15,105,"Springboard, Women (Olympic)"
10341,35,105,"Springboard, Women (Olympic)"
10342,22,114,"50 metres Freestyle, Women (Olympic)"
10343,22,114,"100 metres Freestyle, Women (Olympic)"
10344,8,105,"Springboard, Women (Olympic)"
10345,8,105,"Platform, Women (Olympic)"
10346,30,105,"Springboard, Women (Olympic)"
10347,30,105,"Platform, Women (Olympic)"
10348,12,114,"200 metres Breaststroke, Women (Olympic)"
10349,17,105,"Springboard, Women (Olympic)"
10350,17,105,"Platform, Women (Olympic)"
10351,30,114,"4 × 100 metres Freestyle Relay, Women (Olympic)"
10352,14,105,"Plain High, Women (Olympic)"
10353,10,105,"Platform, Women (Olympic)"
10354,20,105,"Platform, Women (Olympic)"
10355,12,105,"Springboard, Men (Olympic)"
10356,30,114,"4 × 200 metres Freestyle Relay, Men (Olympic)"
10357,17,105,"Platform, Men (Olympic)"
10358,38,105,"Springboard, Men (Olympic)"
10359,38,105,"Platform, Men (Olympic)"
10360,51,114,"1,200 metres Freestyle, Men (Olympic)"
10361,29,114,"4 × 100 metres Freestyle Relay, Men (Olympic)"
10362,30,114,"400 metres Freestyle, Men (Olympic)"
10363,30,114,"1,500 metres Freestyle, Men (Olympic)"
10364,14,122,"Water Polo, Men (Olympic)"
10365,14,122,Swimming (Aquatics)
10366,14,122,"100 metres Freestyle, Men (Olympic)"
10367,14,122,"400 metres Freestyle, Men (Olympic)"
10368,8,105,"Springboard, Men (Olympic)"
10369,8,105,"Platform, Men (Olympic)"
10370,45,114,"440 yards Freestyle, Men (Olympic)"
10371,45,114,"880 yards Freestyle, Men (Olympic)"
10372,45,114,"1 mile Freestyle, Men (Olympic)"
10373,12,114,"100 metres Backstroke, Men (Olympic)"
10374,22,114,"100 metres Backstroke, Men (Olympic)"
10375,22,114,"200 metres Backstroke, Men (Olympic)"
10376,12,114,"200 metres Backstroke, Women (Olympic)"
10377,12,114,"400 metres Individual Medley, Women (Olympic)"
10378,10,114,"4 × 100 metres Freestyle Relay, Women (Olympic)"
10379,3,114,"100 metres Freestyle, Women (Olympic)"
10380,3,114,Water Polo (Aquatics)
10381,3,114,"Water Polo, Men (Olympic)"
10382,35,122,"Water Polo, Men (Olympic)"
10383,3,114,"100 metres Backstroke, Men (Olympic)"
10384,15,114,Water Polo (Aquatics)
10385,15,114,"Water Polo, Men (Olympic)"
10386,35,114,Water Polo (Aquatics)
10387,35,114,"Water Polo, Men (Olympic)"
10388,30,122,"Water Polo, Men (Olympic)"
10389,3,105,"Springboard, Men (Olympic)"
10390,14,114,Water Polo (Aquatics)
10391,14,114,"Water Polo, Men (Olympic)"
10392,3,114,"400 metres Breaststroke, Men (Olympic)"
10393,35,114,"200 metres Breaststroke, Men (Olympic)"
10394,3,105,"Plain High, Men (Olympic)"
10395,4,122,"Water Polo, Men (Olympic)"
10396,4,122,Swimming (Aquatics)
10397,4,122,"200 metres Freestyle, Men (Olympic)"
10398,4,122,"1,000 metres Freestyle, Men (Olympic)"
10399,4,122,"4,000 metres Freestyle, Men (Olympic)"
10400,47,105,"Platform, Men (Olympic)"
10401,10,122,"Water Polo, Men (Olympic)"
10402,15,105,"Platform, Men (Olympic)"
10403,50,96,"Two, Men (Olympic)"
10404,50,96,"Four, Men (Olympic)"
10405,15,122,"Water Polo, Men (Olympic)"
10406,30,114,"200 metres Breaststroke, Men (Olympic)"
10407,17,105,Swimming (Aquatics)
10408,17,105,"4 × 200 metres Freestyle Relay, Men (Olympic)"
10409,12,114,"400 metres Freestyle, Women (Olympic)"
10410,20,114,"100 metres Butterfly, Women (Olympic)"
10411,22,114,"200 metres Freestyle, Women (Olympic)"
10412,20,114,"100 metres Freestyle, Women (Olympic)"
10413,20,114,"4 × 100 metres Freestyle Relay, Women (Olympic)"
10414,20,114,"4 × 200 metres Freestyle Relay, Women (Olympic)"
10415,20,114,"4 × 100 metres Medley Relay, Women (Olympic)"
10416,22,114,"100 metres Breaststroke, Women (Olympic)"
10417,20,114,"50 metres Freestyle, Women (Olympic)"
10418,29,114,"4 × 100 metres Freestyle Relay, Women (Olympic)"
10419,10,114,"100 metres Backstroke, Women (Olympic)"
10420,30,114,"200 metres Breaststroke, Women (Olympic)"
10421,27,122,"Water Polo, Men (Olympic)"
10422,34,122,"Water Polo, Men (Olympic)"
10423,38,122,"Water Polo, Men (Olympic)"
10424,12,114,"200 metres Backstroke, Men (Olympic)"
10425,3,105,"Platform, Men (Olympic)"
10426,8,114,"4 × 100 metres Freestyle Relay, Women (Olympic)"
10427,22,105,"Springboard, Men (Olympic)"
10428,14,105,"Platform, Men (Olympic)"
10429,47,105,"Springboard, Men (Olympic)"
10430,47,105,Swimming (Aquatics)
10431,47,105,"100 metres Freestyle, Men (Olympic)"
10432,47,105,"100 metres Backstroke, Men (Olympic)"
10433,14,105,"Springboard, Men (Olympic)"
10434,12,114,"100 metres Backstroke, Women (Olympic)"
10435,22,105,"Synchronized Springboard, Women (Olympic)"
10436,20,105,"Springboard, Women (Olympic)"
10437,20,105,"Synchronized Springboard, Women (Olympic)"
10438,12,125,"Duet, Women (Olympic)"
10439,12,125,"Team, Women (Olympic)"
10440,12,105,"Synchronized Springboard, Men (Olympic)"
10441,22,114,"400 metres Freestyle, Women (Olympic)"
10442,22,114,"200 metres Individual Medley, Men (Olympic)"
10443,20,114,"100 metres Backstroke, Men (Olympic)"
10444,20,114,"200 metres Backstroke, Men (Olympic)"
10445,20,114,"4 × 100 metres Medley Relay, Men (Olympic)"
10446,22,114,"200 metres Backstroke, Women (Olympic)"
10447,22,114,"100 metres Breaststroke, Men (Olympic)"
10448,22,114,"200 metres Breaststroke, Men (Olympic)"
10449,35,114,"4 × 100 metres Freestyle Relay, Women (Olympic)"
10450,15,114,"400 metres Freestyle, Women (Olympic)"
10451,15,114,"4 × 100 metres Freestyle Relay, Women (Olympic)"
10452,35,105,"Platform, Women (Olympic)"
10453,15,114,"100 metres Backstroke, Women (Olympic)"
10454,15,114,"100 metres Freestyle, Women (Olympic)"
10455,12,114,"200 metres Freestyle, Men (Olympic)"
10456,22,114,"200 metres Freestyle, Men (Olympic)"
10457,22,114,"400 metres Freestyle, Men (Olympic)"
10458,54,114,Rowing
10459,47,117,Swimming (Aquatics)
10460,47,117,"100 metres Freestyle, Men (Olympic)"
10461,47,117,"4 × 200 metres Freestyle Relay, Men (Olympic)"
10462,3,105,Artistic Gymnastics (Gymnastics)
10463,3,105,"Team All-Around, Free System, Men (Olympic)"
10464,47,117,"200 metres Breaststroke, Men (Olympic)"
10465,4,114,"Underwater Swimming, Men (Olympic)"
10466,51,7,Fencing
10467,51,7,"Foil, Individual, Men (Olympic)"
10468,51,7,"Sabre, Individual, Men (Olympic)"
10469,51,7,"Free Pistol, 30 metres, Men (Olympic)"
10470,51,7,"Military Pistol, 25 metres, Men (Olympic)"
10471,51,7,"Muzzle-Loading Pistol, 25 metres, Men (Olympic)"
10472,51,7,Swimming (Aquatics)
10473,51,7,"100 metres Freestyle, Men (Olympic)"
10474,51,7,"500 metres Freestyle, Men (Olympic)"
10475,51,7,"1,200 metres Freestyle, Men (Olympic)"
10476,12,114,"200 metres Butterfly, Men (Olympic)"
10477,17,114,Water Polo (Aquatics)
10478,17,114,"Water Polo, Men (Olympic)"
10479,10,114,Water Polo (Aquatics)
10480,10,114,"Water Polo, Men (Olympic)"
10481,10,122,Swimming (Aquatics)
10482,10,122,"400 metres Freestyle, Men (Olympic)"
10483,10,122,"4 × 200 metres Freestyle Relay, Men (Olympic)"
10484,20,114,"200 metres Individual Medley, Women (Olympic)"
10485,3,122,"Water Polo, Men (Olympic)"
10486,3,105,Modern Pentathlon
10487,3,105,"Individual, Men (Olympic)"
10488,30,105,Swimming (Aquatics)
10489,30,105,"100 metres Backstroke, Men (Olympic)"
10490,17,105,Art Competitions
10491,17,105,"Architecture, Designs For Town Planning, Open (Olympic)"
10492,22,125,"Duet, Women (Olympic)"
10493,15,114,"200 metres Breaststroke, Women (Olympic)"
10494,3,114,"300 metres Freestyle, Women (Olympic)"
10495,10,105,"Springboard, Women (Olympic)"
10496,4,114,"4,000 metres Freestyle, Men (Olympic)"
10497,22,114,"100 metres Butterfly, Men (Olympic)"
10498,22,114,"200 metres Butterfly, Men (Olympic)"
10499,4,114,"200 metres Team Swimming, Men (Olympic)"
10500,51,7,"Parallel Bars, Men (Olympic)"
10501,14,114,"100 metres Backstroke, Men (Olympic)"
10502,4,114,Water Polo (Aquatics)
10503,4,114,"Water Polo, Men (Olympic)"
10504,3,105,"100 metres Freestyle, Men (Olympic)"
10505,3,114,"4 × 100 metres Freestyle Relay, Women (Olympic)"
10506,22,105,"Synchronized Springboard, Men (Olympic)"
10507,15,105,Swimming (Aquatics)
10508,15,105,"100 metres Freestyle, Men (Olympic)"
10509,15,105,"4 × 200 metres Freestyle Relay, Men (Olympic)"
10510,22,125,"Team, Women (Olympic)"
10511,47,105,Artistic Gymnastics (Gymnastics)
10512,47,105,"Team All-Around, Men (Olympic)"
10513,22,114,"1,500 metres Freestyle, Men (Olympic)"
10514,54,105,Swimming (Aquatics)
10515,54,105,"4 × 250 metres Freestyle Relay, Men (Intercalated)"
10516,22,114,"100 metres Backstroke, Women (Olympic)"
10517,20,114,"100 metres Backstroke, Women (Olympic)"
10518,22,114,"800 metres Freestyle, Women (Olympic)"
10519,45,114,"50 yards Freestyle, Men (Olympic)"
10520,45,114,"4 × 50 yards Freestyle Relay, Men (Olympic)"
10521,45,114,"100 yards Backstroke, Men (Olympic)"
10522,45,114,"440 yards Breaststroke, Men (Olympic)"
10523,45,105,"Springboard, Men (Olympic)"
10524,45,105,Swimming (Aquatics)
10525,45,105,"50 yards Freestyle, Men (Olympic)"
10526,45,105,"100 yards Freestyle, Men (Olympic)"
10527,45,105,"440 yards Freestyle, Men (Olympic)"
10528,45,105,"4 × 50 yards Freestyle Relay, Men (Olympic)"
10529,45,105,"100 yards Backstroke, Men (Olympic)"
10530,45,105,"440 yards Breaststroke, Men (Olympic)"
10531,54,105,"100 metres Freestyle, Men (Intercalated)"
10532,54,105,"400 metres Freestyle, Men (Intercalated)"
10533,54,105,"1 mile Freestyle, Men (Intercalated)"
10534,45,114,"100 yards Freestyle, Men (Olympic)"
10535,45,114,"220 yards Freestyle, Men (Olympic)"
10536,4,122,"200 metres Team Swimming, Men (Olympic)"
10537,15,122,Swimming (Aquatics)
10538,15,122,"400 metres Freestyle, Men (Olympic)"
10539,17,122,"Water Polo, Men (Olympic)"
10540,51,114,"100 metres Freestyle For Sailors, Men (Olympic)"
10541,22,114,"200 metres Breaststroke, Women (Olympic)"
10542,22,114,"200 metres Individual Medley, Women (Olympic)"
10543,8,14,"Architecture, Further Entries, Open (Olympic)"
10544,20,114,"4 × 200 metres Freestyle Relay, Men (Olympic)"
10545,20,114,"200 metres Butterfly, Men (Olympic)"
10546,20,114,"200 metres Individual Medley, Men (Olympic)"
10547,45,114,"440 yards, Handicap, Men (Olympic (non-medal))"
10548,36,122,"Water Polo, Men (Olympic)"
10549,20,114,"200 metres Freestyle, Men (Olympic)"
10550,33,114,Water Polo (Aquatics)
10551,33,114,"Water Polo, Men (Olympic)"
10552,13,122,"Water Polo, Men (Olympic)"
10553,12,122,"Water Polo, Men (Olympic)"
10554,22,122,"Water Polo, Men (Olympic)"
10555,20,114,"400 metres Freestyle, Men (Olympic)"
10556,20,105,"Springboard, Men (Olympic)"
10557,21,105,"Springboard, Men (Olympic)"
10558,52,105,"Springboard, Men (Olympic)"
10559,52,105,"Synchronized Springboard, Men (Olympic)"
10560,3,105,"400 metres Freestyle, Men (Olympic)"
10561,3,105,"1,500 metres Freestyle, Men (Olympic)"
10562,22,114,"400 metres Individual Medley, Men (Olympic)"
10563,12,48,"Olympic Distance, Women (Olympic)"
10564,20,125,"Duet, Women (Olympic)"
10565,20,125,"Team, Women (Olympic)"
10566,35,105,Swimming (Aquatics)
10567,35,105,"200 metres Breaststroke, Women (Olympic)"
10568,3,114,"Water Polo, Women (Olympic (non-medal))"
10569,3,122,"Water Polo, Women (Olympic (non-medal))"
10570,15,105,"400 metres Freestyle, Women (Olympic)"
10571,15,105,"4 × 100 metres Freestyle Relay, Women (Olympic)"
10572,30,114,Water Polo (Aquatics)
10573,30,114,"Water Polo, Men (Olympic)"
10574,20,114,"4 × 100 metres Freestyle Relay, Men (Olympic)"
10575,30,105,"4 × 200 metres Freestyle Relay, Men (Olympic)"
10576,22,114,"400 metres Individual Medley, Women (Olympic)"
10577,20,105,"Synchronized Springboard, Men (Olympic)"
10578,20,114,"100 metres Butterfly, Men (Olympic)"
10579,2,114,"100 metres Butterfly, Men (Olympic)"
10580,30,105,"100 metres Freestyle, Women (Olympic)"
10581,30,105,"400 metres Freestyle, Women (Olympic)"
10582,2,114,"50 metres Freestyle, Women (Olympic)"
10583,2,114,"100 metres Freestyle, Women (Olympic)"
10584,21,114,"50 metres Freestyle, Women (Olympic)"
10585,14,105,Swimming (Aquatics)
10586,14,105,"100 metres Freestyle, Women (Olympic)"
10587,14,105,"4 × 100 metres Freestyle Relay, Women (Olympic)"
10588,20,114,"200 metres Freestyle, Women (Olympic)"
10589,2,105,"Springboard, Women (Olympic)"
10590,15,105,"100 metres Freestyle, Women (Olympic)"
10591,15,105,"200 metres Breaststroke, Women (Olympic)"
10592,47,105,"400 metres Freestyle, Men (Olympic)"
10593,47,105,Water Polo (Aquatics)
10594,47,105,"Water Polo, Men (Olympic)"
10595,14,105,"100 metres Freestyle, Men (Olympic)"
10596,14,105,"400 metres Freestyle, Men (Olympic)"
10597,14,105,Water Polo (Aquatics)
10598,14,105,"Water Polo, Men (Olympic)"
10599,54,7,Diving (Aquatics)
10600,54,7,"Platform, Men (Intercalated)"
10601,54,7,Swimming (Aquatics)
10602,54,7,"100 metres Freestyle, Men (Intercalated)"
10603,47,105,"200 metres Breaststroke, Men (Olympic)"
10604,17,14,"Architecture, Further Entries, Open (Olympic)"
10605,2,114,"200 metres Backstroke, Men (Olympic)"
10606,30,122,Swimming (Aquatics)
10607,30,122,"1,500 metres Freestyle, Men (Olympic)"
10608,3,105,"Springboard, Women (Olympic)"
10609,20,114,"200 metres Breaststroke, Women (Olympic)"
10610,30,105,"4 × 100 metres Freestyle Relay, Women (Olympic)"
10611,15,105,"100 metres Backstroke, Women (Olympic)"
10612,22,48,"Olympic Distance, Women (Olympic)"
10613,20,33,"Individual, Women (Olympic)"
10614,45,114,"Plunge For Distance, Men (Olympic)"
10615,45,114,"880 yards, Handicap, Men (Olympic (non-medal))"
10616,45,114,Water Polo (Aquatics)
10617,45,114,"Water Polo, Men (Olympic)"
10618,45,114,"220 yards, Handicap, Men (Olympic (non-medal))"
10619,45,114,"1 mile, Handicap, Men (Olympic (non-medal))"
10620,45,105,Water Polo (Aquatics)
10621,45,105,"Water Polo, Men (Olympic)"
10622,45,105,"880 yards, Handicap, Men (Olympic (non-medal))"
10623,26,122,"Water Polo, Men (Olympic)"
10624,45,114,"100 yards, Handicap, Men (Olympic (non-medal))"
10625,33,122,"Water Polo, Men (Olympic)"
10626,20,114,"1,500 metres Freestyle, Men (Olympic)"
10627,13,126,"Beach Volleyball, Men (Olympic)"
10628,12,126,"Beach Volleyball, Men (Olympic)"
10629,22,126,"Beach Volleyball, Men (Olympic)"
10630,20,126,"Beach Volleyball, Men (Olympic)"
10631,13,126,"Beach Volleyball, Women (Olympic)"
10632,12,126,"Beach Volleyball, Women (Olympic)"
10633,22,126,"Beach Volleyball, Women (Olympic)"
10634,20,126,"Beach Volleyball, Women (Olympic)"
10635,2,126,"Beach Volleyball, Women (Olympic)"
10636,37,127,"Volleyball, Women (Olympic)"
10637,27,127,"Volleyball, Men (Olympic)"
10638,37,127,"Volleyball, Men (Olympic)"
10639,38,127,"Volleyball, Men (Olympic)"
10640,29,127,"Volleyball, Men (Olympic)"
10641,13,127,"Volleyball, Men (Olympic)"
10642,28,127,"Volleyball, Men (Olympic)"
10643,20,127,"Volleyball, Men (Olympic)"
10644,36,127,"Volleyball, Women (Olympic)"
10645,26,127,"Volleyball, Women (Olympic)"
10646,13,127,"Volleyball, Women (Olympic)"
10647,1,127,"Volleyball, Men (Olympic)"
10648,36,127,"Volleyball, Men (Olympic)"
10649,26,127,"Volleyball, Men (Olympic)"
10650,2,126,"Beach Volleyball, Men (Olympic)"
10651,12,127,"Volleyball, Men (Olympic)"
10652,22,127,"Volleyball, Men (Olympic)"
10653,1,127,"Volleyball, Women (Olympic)"
10654,29,127,"Volleyball, Women (Olympic)"
10655,12,127,"Volleyball, Women (Olympic)"
10656,22,127,"Volleyball, Women (Olympic)"
10657,20,127,"Volleyball, Women (Olympic)"
10658,28,127,"Volleyball, Women (Olympic)"
10659,2,127,"Volleyball, Men (Olympic)"
10660,27,127,"Volleyball, Women (Olympic)"
10661,38,127,"Volleyball, Women (Olympic)"
10662,2,127,"Volleyball, Women (Olympic)"
10663,21,127,"Volleyball, Men (Olympic)"
10664,35,122,Swimming (Aquatics)
10665,35,122,"100 metres Backstroke, Men (Olympic)"
10666,29,122,"Water Polo, Men (Olympic)"
10667,1,122,"Water Polo, Men (Olympic)"
10668,28,122,"Water Polo, Men (Olympic)"
10669,37,122,"Water Polo, Men (Olympic)"
10670,17,122,Swimming (Aquatics)
10671,17,122,"4 × 200 metres Freestyle Relay, Men (Olympic)"
10672,48,115,"Ice Hockey, Men (Olympic)"
10673,31,96,"Two, Men (Olympic)"
10674,32,96,"Two, Men (Olympic)"
10675,47,122,"Water Polo, Men (Olympic)"
10676,14,122,"1,500 metres Freestyle, Men (Olympic)"
10677,8,122,Swimming (Aquatics)
10678,8,122,"400 metres Freestyle, Men (Olympic)"
10679,20,122,"Water Polo, Men (Olympic)"
10680,2,122,"Water Polo, Men (Olympic)"
10681,17,122,"200 metres Breaststroke, Men (Olympic)"
10682,4,122,"200 metres Backstroke, Men (Olympic)"
10683,4,122,"200 metres Obstacle Course, Men (Olympic)"
10684,34,114,Water Polo (Aquatics)
10685,34,114,"Water Polo, Men (Olympic)"
10686,38,114,Water Polo (Aquatics)
10687,38,114,"Water Polo, Men (Olympic)"
10688,35,122,"1,500 metres Freestyle, Men (Olympic)"
10689,33,122,Swimming (Aquatics)
10690,33,122,"4 × 200 metres Freestyle Relay, Men (Olympic)"
10691,10,122,"1,500 metres Freestyle, Men (Olympic)"
10692,10,122,"200 metres Breaststroke, Men (Olympic)"
10693,10,122,"100 metres Freestyle, Men (Olympic)"
10694,35,122,"4 × 200 metres Freestyle Relay, Men (Olympic)"
10695,35,122,"100 metres Freestyle, Men (Olympic)"
10696,3,111,Water Polo (Aquatics)
10697,3,111,"Water Polo, Men (Olympic)"
10698,30,122,"200 metres Breaststroke, Men (Olympic)"
10699,17,14,"Sculpturing, Unknown Event, Open (Olympic)"
10700,14,114,Football (Football)
10701,14,114,"Football, Men (Olympic)"
10702,45,122,"Water Polo, Men (Olympic)"
10703,30,122,"4 × 200 metres Freestyle Relay, Men (Olympic)"
10704,12,7,"400 metres, Men (Olympic)"
10705,34,17,"Bantamweight, Men (Olympic)"
10706,38,17,"Bantamweight, Men (Olympic)"
10707,34,17,"Middle-Heavyweight, Men (Olympic)"
10708,28,17,"Bantamweight, Men (Olympic)"
10709,34,17,"Lightweight, Men (Olympic)"
10710,38,17,"Lightweight, Men (Olympic)"
10711,27,17,"Middleweight, Men (Olympic)"
10712,38,17,"Light-Heavyweight, Men (Olympic)"
10713,27,17,"Light-Heavyweight, Men (Olympic)"
10714,1,17,"Lightweight, Men (Olympic)"
10715,1,17,"Heavyweight II, Men (Olympic)"
10716,28,17,"Featherweight, Men (Olympic)"
10717,13,17,"Middleweight, Men (Olympic)"
10718,12,17,"Middleweight, Men (Olympic)"
10719,29,17,"Bantamweight, Men (Olympic)"
10720,1,17,"Featherweight, Men (Olympic)"
10721,13,17,"Featherweight, Men (Olympic)"
10722,26,17,"Featherweight, Men (Olympic)"
10723,12,7,"4 × 100 metres Relay, Men (Olympic)"
10724,37,17,"Featherweight, Men (Olympic)"
10725,37,17,"Bantamweight, Men (Olympic)"
10726,26,17,"Bantamweight, Men (Olympic)"
10727,13,17,"Lightweight, Men (Olympic)"
10728,37,17,"Heavyweight I, Men (Olympic)"
10729,29,17,"Heavyweight II, Men (Olympic)"
10730,15,17,"Light-Heavyweight, Men (Olympic)"
10731,17,17,"Middleweight, Men (Olympic)"
10732,17,17,"Heavyweight, Men (Olympic)"
10733,17,17,"Lightweight, Men (Olympic)"
10734,10,17,"Heavyweight, Men (Olympic)"
10735,34,17,"Heavyweight, Men (Olympic)"
10736,17,17,"Featherweight, Men (Olympic)"
10737,17,17,"Light-Heavyweight, Men (Olympic)"
10738,10,17,"Light-Heavyweight, Men (Olympic)"
10739,35,17,"Lightweight, Men (Olympic)"
10740,8,17,"Middleweight, Men (Olympic)"
10741,27,17,"Middle-Heavyweight, Men (Olympic)"
10742,15,17,"Middleweight, Men (Olympic)"
10743,35,17,"Middleweight, Men (Olympic)"
10744,10,17,"Middle-Heavyweight, Men (Olympic)"
10745,33,17,"Heavyweight, Men (Olympic)"
10746,38,17,"Heavyweight, Men (Olympic)"
10747,33,17,"Middle-Heavyweight, Men (Olympic)"
10748,10,17,"Middleweight, Men (Olympic)"
10749,35,17,"Featherweight, Men (Olympic)"
10750,13,17,"Light-Heavyweight, Men (Olympic)"
10751,12,17,"Light-Heavyweight, Men (Olympic)"
10752,22,17,"Light-Heavyweight, Men (Olympic)"
10753,13,17,"Super-Heavyweight, Men (Olympic)"
10754,12,17,"Super-Heavyweight, Men (Olympic)"
10755,22,17,"Super-Heavyweight, Men (Olympic)"
10756,13,17,"Heavyweight I, Men (Olympic)"
10757,13,17,"Middle-Heavyweight, Men (Olympic)"
10758,12,17,"Middle-Heavyweight, Men (Olympic)"
10759,29,17,"Lightweight, Men (Olympic)"
10760,13,17,"Heavyweight II, Men (Olympic)"
10761,22,17,"Middle-Heavyweight, Men (Olympic)"
10762,1,17,"Middle-Heavyweight, Men (Olympic)"
10763,29,17,"Light-Heavyweight, Men (Olympic)"
10764,10,17,"Lightweight, Men (Olympic)"
10765,33,17,"Lightweight, Men (Olympic)"
10766,33,17,"Middleweight, Men (Olympic)"
10767,34,17,"Middleweight, Men (Olympic)"
10768,1,17,"Middleweight, Men (Olympic)"
10769,12,7,"Long Jump, Women (Olympic)"
10770,22,7,"4 × 100 metres Relay, Women (Olympic)"
10771,17,17,"Bantamweight, Men (Olympic)"
10772,33,17,"Featherweight, Men (Olympic)"
10773,28,17,"Middle-Heavyweight, Men (Olympic)"
10774,36,17,"Super-Heavyweight, Men (Olympic)"
10775,37,17,"Middle-Heavyweight, Men (Olympic)"
10776,29,17,"Super-Heavyweight, Men (Olympic)"
10777,38,17,"Middle-Heavyweight, Men (Olympic)"
10778,29,17,"Middleweight, Men (Olympic)"
10779,38,17,"Middleweight, Men (Olympic)"
10780,29,17,"Flyweight, Men (Olympic)"
10781,33,17,"Bantamweight, Men (Olympic)"
10782,36,17,"Middleweight, Men (Olympic)"
10783,37,17,"Light-Heavyweight, Men (Olympic)"
10784,26,17,"Light-Heavyweight, Men (Olympic)"
10785,1,17,"Super-Heavyweight, Men (Olympic)"
10786,26,17,"Super-Heavyweight, Men (Olympic)"
10787,38,17,"Featherweight, Men (Olympic)"
10788,37,17,"Heavyweight II, Men (Olympic)"
10789,13,17,"Flyweight, Men (Olympic)"
10790,34,17,"Featherweight, Men (Olympic)"
10791,28,17,"Heavyweight, Men (Olympic)"
10792,26,17,"Middleweight, Men (Olympic)"
10793,33,17,"Light-Heavyweight, Men (Olympic)"
10794,27,17,"Heavyweight, Men (Olympic)"
10795,37,17,"Lightweight, Men (Olympic)"
10796,26,17,"Lightweight, Men (Olympic)"
10797,36,17,"Heavyweight, Men (Olympic)"
10798,15,17,"Heavyweight, Men (Olympic)"
10799,15,17,"Lightweight, Men (Olympic)"
10800,30,17,"Lightweight, Men (Olympic)"
10801,35,17,"Light-Heavyweight, Men (Olympic)"
10802,30,17,"Light-Heavyweight, Men (Olympic)"
10803,30,17,"Middleweight, Men (Olympic)"
10804,36,17,"Middle-Heavyweight, Men (Olympic)"
10805,8,17,"Lightweight, Men (Olympic)"
10806,26,17,"Heavyweight I, Men (Olympic)"
10807,29,17,"Heavyweight I, Men (Olympic)"
10808,36,17,"Lightweight, Men (Olympic)"
10809,28,17,"Lightweight, Men (Olympic)"
10810,35,17,"Heavyweight, Men (Olympic)"
10811,28,17,"Middleweight, Men (Olympic)"
10812,27,17,"Bantamweight, Men (Olympic)"
10813,36,17,"Bantamweight, Men (Olympic)"
10814,28,17,"Light-Heavyweight, Men (Olympic)"
10815,30,17,"Featherweight, Men (Olympic)"
10816,30,17,"Heavyweight, Men (Olympic)"
10817,26,17,"Middle-Heavyweight, Men (Olympic)"
10818,13,17,"Bantamweight, Men (Olympic)"
10819,22,17,"Featherweight, Men (Olympic)"
10820,37,17,"Flyweight, Men (Olympic)"
10821,34,17,"Light-Heavyweight, Men (Olympic)"
10822,10,17,"Featherweight, Men (Olympic)"
10823,3,17,"Featherweight, Men (Olympic)"
10824,3,17,"Middleweight, Men (Olympic)"
10825,28,17,"Super-Heavyweight, Men (Olympic)"
10826,3,17,"Lightweight, Men (Olympic)"
10827,3,17,"Light-Heavyweight, Men (Olympic)"
10828,29,17,"Middle-Heavyweight, Men (Olympic)"
10829,1,17,"Heavyweight I, Men (Olympic)"
10830,27,17,"Lightweight, Men (Olympic)"
10831,36,17,"Light-Heavyweight, Men (Olympic)"
10832,1,17,"Light-Heavyweight, Men (Olympic)"
10833,1,17,"Flyweight, Men (Olympic)"
10834,12,17,"Bantamweight, Men (Olympic)"
10835,27,17,"Featherweight, Men (Olympic)"
10836,37,17,"Middleweight, Men (Olympic)"
10837,12,17,"Featherweight, Men (Olympic)"
10838,22,17,"Lightweight, Men (Olympic)"
10839,36,17,"Featherweight, Men (Olympic)"
10840,29,17,"Featherweight, Men (Olympic)"
10841,28,17,"Flyweight, Men (Olympic)"
10842,10,17,"Bantamweight, Men (Olympic)"
10843,26,17,"Heavyweight II, Men (Olympic)"
10844,1,17,"Bantamweight, Men (Olympic)"
10845,12,17,"Lightweight, Men (Olympic)"
10846,26,17,"Flyweight, Men (Olympic)"
10847,22,17,"Middleweight, Men (Olympic)"
10848,22,17,"Heavyweight, Men (Olympic)"
10849,22,17,"Bantamweight, Men (Olympic)"
10850,36,17,"Flyweight, Men (Olympic)"
10851,37,17,"Super-Heavyweight, Men (Olympic)"
10852,3,17,"Heavyweight, Men (Olympic)"
10853,8,17,"Light-Heavyweight, Men (Olympic)"
10854,8,17,"Heavyweight, Men (Olympic)"
10855,3,17,Wrestling
10856,3,17,"Light-Heavyweight, Freestyle, Men (Olympic)"
10857,8,17,"Featherweight, Men (Olympic)"
10858,12,17,"Heavyweight, Men (Olympic)"
10859,51,17,"Unlimited, One Hand, Men (Olympic)"
10860,56,117,"Rope Climbing, Men ()"
10861,4,7,"Shot Put, Men (Olympic)"
10862,4,7,"Discus Throw, Men (Olympic)"
10863,17,18,"Light-Heavyweight, Freestyle, Men (Olympic)"
10864,17,18,"Lightweight, Freestyle, Men (Olympic)"
10865,20,17,"Super-Heavyweight, Men (Olympic)"
10866,20,17,"Heavyweight, Men (Olympic)"
10867,20,17,"Middle-Heavyweight, Men (Olympic)"
10868,12,7,"20 kilometres Race Walk, Women (Olympic)"
10869,22,7,"20 kilometres Race Walk, Women (Olympic)"
10870,20,7,"20 kilometres Race Walk, Women (Olympic)"
10871,14,18,"Featherweight, Greco-Roman, Men (Olympic)"
10872,39,96,"Four, Men (Olympic)"
10873,2,17,"Heavyweight, Men (Olympic)"
10874,20,17,"Bantamweight, Men (Olympic)"
10875,33,17,Athletics
10876,33,17,"4 × 100 metres Relay, Men (Olympic)"
10877,45,17,"Unlimited, Two Hands, Men (Olympic)"
10878,45,17,"All-Around Dumbbell Contest, Men (Olympic)"
10879,38,18,"Featherweight, Freestyle, Men (Olympic)"
10880,27,18,"Featherweight, Freestyle, Men (Olympic)"
10881,28,18,"Featherweight, Greco-Roman, Men (Olympic)"
10882,37,18,"Light-Flyweight, Freestyle, Men (Olympic)"
10883,38,18,"Bantamweight, Freestyle, Men (Olympic)"
10884,28,18,"Flyweight, Freestyle, Men (Olympic)"
10885,37,18,"Flyweight, Freestyle, Men (Olympic)"
10886,27,18,"Welterweight, Freestyle, Men (Olympic)"
10887,29,18,"Featherweight, Freestyle, Men (Olympic)"
10888,27,18,"Lightweight, Freestyle, Men (Olympic)"
10889,27,18,"Middleweight, Freestyle, Men (Olympic)"
10890,28,18,"Middleweight, Freestyle, Men (Olympic)"
10891,27,18,"Bantamweight, Freestyle, Men (Olympic)"
10892,28,18,"Featherweight, Freestyle, Men (Olympic)"
10893,38,18,"Lightweight, Freestyle, Men (Olympic)"
10894,28,18,"Lightweight, Greco-Roman, Men (Olympic)"
10895,34,18,"Welterweight, Freestyle, Men (Olympic)"
10896,34,18,"Light-Heavyweight, Freestyle, Men (Olympic)"
10897,37,18,"Bantamweight, Freestyle, Men (Olympic)"
10898,37,18,"Lightweight, Greco-Roman, Men (Olympic)"
10899,34,18,"Featherweight, Freestyle, Men (Olympic)"
10900,34,18,"Flyweight, Freestyle, Men (Olympic)"
10901,38,18,"Flyweight, Freestyle, Men (Olympic)"
10902,34,18,"Lightweight, Freestyle, Men (Olympic)"
10903,37,18,"Middleweight, Freestyle, Men (Olympic)"
10904,34,18,"Middleweight, Freestyle, Men (Olympic)"
10905,28,18,"Bantamweight, Greco-Roman, Men (Olympic)"
10906,29,18,"Flyweight, Freestyle, Men (Olympic)"
10907,38,18,"Bantamweight, Greco-Roman, Men (Olympic)"
10908,29,18,"Light-Flyweight, Freestyle, Men (Olympic)"
10909,37,18,"Featherweight, Greco-Roman, Men (Olympic)"
10910,38,18,"Featherweight, Greco-Roman, Men (Olympic)"
10911,38,18,"Welterweight, Freestyle, Men (Olympic)"
10912,28,18,"Welterweight, Freestyle, Men (Olympic)"
10913,29,18,"Lightweight, Freestyle, Men (Olympic)"
10914,37,18,"Light-Heavyweight, Freestyle, Men (Olympic)"
10915,28,18,"Bantamweight, Freestyle, Men (Olympic)"
10916,34,18,"Heavyweight, Freestyle, Men (Olympic)"
10917,29,18,"Light-Heavyweight, Freestyle, Men (Olympic)"
10918,37,18,"Welterweight, Freestyle, Men (Olympic)"
10919,38,18,"Lightweight, Greco-Roman, Men (Olympic)"
10920,13,18,"Heavyweight, Freestyle, Men (Olympic)"
10921,37,18,"Lightweight, Freestyle, Men (Olympic)"
10922,1,18,"Lightweight, Greco-Roman, Men (Olympic)"
10923,1,18,"Welterweight, Greco-Roman, Men (Olympic)"
10924,13,18,"Welterweight, Greco-Roman, Men (Olympic)"
10925,13,18,"Flyweight, Freestyle, Men (Olympic)"
10926,35,18,"Lightweight, Greco-Roman, Men (Olympic)"
10927,28,18,"Middleweight, Greco-Roman, Men (Olympic)"
10928,10,18,"Lightweight, Freestyle, Men (Olympic)"
10929,17,18,"Featherweight, Greco-Roman, Men (Olympic)"
10930,10,18,"Bantamweight, Freestyle, Men (Olympic)"
10931,17,18,"Middleweight, Greco-Roman, Men (Olympic)"
10932,35,18,"Bantamweight, Greco-Roman, Men (Olympic)"
10933,36,18,"Super-Heavyweight, Greco-Roman, Men (Olympic)"
10934,36,18,"Super-Heavyweight, Freestyle, Men (Olympic)"
10935,35,18,"Heavyweight, Greco-Roman, Men (Olympic)"
10936,33,18,"Bantamweight, Greco-Roman, Men (Olympic)"
10937,33,18,"Bantamweight, Freestyle, Men (Olympic)"
10938,36,18,"Lightweight, Greco-Roman, Men (Olympic)"
10939,36,18,"Lightweight, Freestyle, Men (Olympic)"
10940,17,18,"Bantamweight, Greco-Roman, Men (Olympic)"
10941,10,18,"Middleweight, Freestyle, Men (Olympic)"
10942,26,18,"Lightweight, Greco-Roman, Men (Olympic)"
10943,26,18,"Lightweight, Freestyle, Men (Olympic)"
10944,28,18,"Welterweight, Greco-Roman, Men (Olympic)"
10945,34,18,"Light-Heavyweight, Greco-Roman, Men (Olympic)"
10946,38,18,"Middleweight, Greco-Roman, Men (Olympic)"
10947,27,18,"Middleweight, Greco-Roman, Men (Olympic)"
10948,13,18,"Lightweight, Freestyle, Men (Olympic)"
10949,29,18,"Middleweight, Greco-Roman, Men (Olympic)"
10950,29,18,"Middleweight, Freestyle, Men (Olympic)"
10951,17,18,"Welterweight, Greco-Roman, Men (Olympic)"
10952,10,18,"Welterweight, Freestyle, Men (Olympic)"
10953,10,18,"Featherweight, Freestyle, Men (Olympic)"
10954,26,18,"Featherweight, Greco-Roman, Men (Olympic)"
10955,26,18,"Featherweight, Freestyle, Men (Olympic)"
10956,29,18,"Lightweight, Greco-Roman, Men (Olympic)"
10957,17,18,"Heavyweight, Greco-Roman, Men (Olympic)"
10958,1,18,"Middleweight, Greco-Roman, Men (Olympic)"
10959,17,18,"Light-Heavyweight, Greco-Roman, Men (Olympic)"
10960,10,18,"Heavyweight, Greco-Roman, Men (Olympic)"
10961,10,18,"Heavyweight, Freestyle, Men (Olympic)"
10962,35,18,"Featherweight, Greco-Roman, Men (Olympic)"
10963,33,18,"Lightweight, Greco-Roman, Men (Olympic)"
10964,33,18,"Lightweight, Freestyle, Men (Olympic)"
10965,34,18,"Welterweight, Greco-Roman, Men (Olympic)"
10966,17,18,"Lightweight, Greco-Roman, Men (Olympic)"
10967,17,18,"Flyweight, Greco-Roman, Men (Olympic)"
10968,38,18,"Welterweight, Greco-Roman, Men (Olympic)"
10969,27,18,"Lightweight, Greco-Roman, Men (Olympic)"
10970,27,18,"Light-Heavyweight, Greco-Roman, Men (Olympic)"
10971,27,18,"Light-Heavyweight, Freestyle, Men (Olympic)"
10972,36,18,"Heavyweight, Greco-Roman, Men (Olympic)"
10973,36,18,"Heavyweight, Freestyle, Men (Olympic)"
10974,35,18,"Middleweight, Greco-Roman, Men (Olympic)"
10975,13,18,"Middleweight, Greco-Roman, Men (Olympic)"
10976,12,18,"Middleweight, Greco-Roman, Men (Olympic)"
10977,22,18,"Light-Heavyweight, Greco-Roman, Men (Olympic)"
10978,12,18,"Welterweight, Freestyle, Men (Olympic)"
10979,22,18,"Middleweight, Freestyle, Men (Olympic)"
10980,13,18,"Light-Heavyweight, Greco-Roman, Men (Olympic)"
10981,13,18,"Bantamweight, Greco-Roman, Men (Olympic)"
10982,13,18,"Featherweight, Greco-Roman, Men (Olympic)"
10983,12,18,"Lightweight, Greco-Roman, Men (Olympic)"
10984,22,18,"Welterweight, Greco-Roman, Men (Olympic)"
10985,13,18,"Lightweight, Greco-Roman, Men (Olympic)"
10986,13,18,"Light-Flyweight, Freestyle, Men (Olympic)"
10987,13,18,"Flyweight, Greco-Roman, Men (Olympic)"
10988,12,18,"Featherweight, Greco-Roman, Men (Olympic)"
10989,22,18,"Lightweight, Greco-Roman, Men (Olympic)"
10990,20,18,"Lightweight, Greco-Roman, Men (Olympic)"
10991,13,18,"Light-Heavyweight, Freestyle, Men (Olympic)"
10992,29,18,"Heavyweight, Freestyle, Men (Olympic)"
10993,36,18,"Welterweight, Freestyle, Men (Olympic)"
10994,15,18,"Featherweight, Freestyle, Men (Olympic)"
10995,17,18,"Heavyweight, Freestyle, Men (Olympic)"
10996,17,18,"Middleweight, Freestyle, Men (Olympic)"
10997,35,18,"Middleweight, Freestyle, Men (Olympic)"
10998,1,18,"Lightweight, Freestyle, Men (Olympic)"
10999,13,18,"Middleweight, Freestyle, Men (Olympic)"
11000,34,18,"Featherweight, Greco-Roman, Men (Olympic)"
11001,10,18,"Light-Heavyweight, Freestyle, Men (Olympic)"
11002,33,18,"Light-Heavyweight, Freestyle, Men (Olympic)"
11003,33,18,"Middleweight, Freestyle, Men (Olympic)"
11004,33,18,"Featherweight, Freestyle, Men (Olympic)"
11005,33,18,"Flyweight, Freestyle, Men (Olympic)"
11006,35,18,"Bantamweight, Freestyle, Men (Olympic)"
11007,30,18,"Lightweight, Freestyle, Men (Olympic)"
11008,17,18,"Welterweight, Freestyle, Men (Olympic)"
11009,33,18,"Welterweight, Freestyle, Men (Olympic)"
11010,33,18,"Flyweight, Greco-Roman, Men (Olympic)"
11011,17,18,"Flyweight, Freestyle, Men (Olympic)"
11012,34,18,"Middleweight, Greco-Roman, Men (Olympic)"
11013,33,18,"Featherweight, Greco-Roman, Men (Olympic)"
11014,1,18,"Featherweight, Freestyle, Men (Olympic)"
11015,12,18,"Lightweight, Freestyle, Men (Olympic)"
11016,34,18,"Bantamweight, Freestyle, Men (Olympic)"
11017,27,18,"Flyweight, Freestyle, Men (Olympic)"
11018,33,18,"Heavyweight, Freestyle, Men (Olympic)"
11019,33,18,"Light-Heavyweight, Greco-Roman, Men (Olympic)"
11020,33,18,"Welterweight, Greco-Roman, Men (Olympic)"
11021,13,18,"Bantamweight, Freestyle, Men (Olympic)"
11022,12,18,"Featherweight, Freestyle, Men (Olympic)"
11023,27,18,"Welterweight, Greco-Roman, Men (Olympic)"
11024,30,18,"Welterweight, Freestyle, Men (Olympic)"
11025,13,18,"Welterweight, Freestyle, Men (Olympic)"
11026,12,18,"Middleweight, Freestyle, Men (Olympic)"
11027,33,18,"Middleweight, Greco-Roman, Men (Olympic)"
11028,13,18,"Super-Heavyweight, Freestyle, Men (Olympic)"
11029,8,18,"Light-Heavyweight, Freestyle, Men (Olympic)"
11030,30,18,"Light-Heavyweight, Freestyle, Men (Olympic)"
11031,36,18,"Bantamweight, Freestyle, Men (Olympic)"
11032,34,18,"Lightweight, Greco-Roman, Men (Olympic)"
11033,12,18,"Heavyweight, Greco-Roman, Men (Olympic)"
11034,38,18,"Light-Heavyweight, Freestyle, Men (Olympic)"
11035,33,18,"Heavyweight, Greco-Roman, Men (Olympic)"
11036,13,18,"Featherweight, Freestyle, Men (Olympic)"
11037,10,18,"Welterweight, Greco-Roman, Men (Olympic)"
11038,29,18,"Bantamweight, Freestyle, Men (Olympic)"
11039,14,18,"Middleweight B, Greco-Roman, Men (Olympic)"
11040,15,18,"Lightweight, Greco-Roman, Men (Olympic)"
11041,10,18,"Flyweight, Greco-Roman, Men (Olympic)"
11042,34,18,"Bantamweight, Greco-Roman, Men (Olympic)"
11043,10,18,"Featherweight, Greco-Roman, Men (Olympic)"
11044,30,18,"Bantamweight, Greco-Roman, Men (Olympic)"
11045,26,18,"Middleweight, Freestyle, Men (Olympic)"
11046,30,18,"Featherweight, Greco-Roman, Men (Olympic)"
11047,14,18,"Lightweight, Greco-Roman, Men (Olympic)"
11048,15,18,"Middleweight, Greco-Roman, Men (Olympic)"
11049,30,18,"Light-Heavyweight, Greco-Roman, Men (Olympic)"
11050,30,18,"Lightweight, Greco-Roman, Men (Olympic)"
11051,30,18,"Welterweight, Greco-Roman, Men (Olympic)"
11052,34,18,"Flyweight, Greco-Roman, Men (Olympic)"
11053,15,18,"Bantamweight, Greco-Roman, Men (Olympic)"
11054,8,18,"Heavyweight, Greco-Roman, Men (Olympic)"
11055,8,18,"Heavyweight, Freestyle, Men (Olympic)"
11056,36,18,"Welterweight, Greco-Roman, Men (Olympic)"
11057,14,18,"Middleweight A, Greco-Roman, Men (Olympic)"
11058,26,18,"Light-Heavyweight, Freestyle, Men (Olympic)"
11059,26,18,"Middleweight, Greco-Roman, Men (Olympic)"
11060,26,18,"Light-Heavyweight, Greco-Roman, Men (Olympic)"
11061,1,18,"Light-Heavyweight, Greco-Roman, Men (Olympic)"
11062,15,18,"Featherweight, Greco-Roman, Men (Olympic)"
11063,15,18,"Heavyweight, Greco-Roman, Men (Olympic)"
11064,29,18,"Super-Heavyweight, Greco-Roman, Men (Olympic)"
11065,37,18,"Bantamweight, Greco-Roman, Men (Olympic)"
11066,36,18,"Middleweight, Greco-Roman, Men (Olympic)"
11067,37,18,"Light-Heavyweight, Greco-Roman, Men (Olympic)"
11068,26,18,"Heavyweight, Greco-Roman, Men (Olympic)"
11069,29,18,"Light-Heavyweight, Greco-Roman, Men (Olympic)"
11070,30,18,"Middleweight, Greco-Roman, Men (Olympic)"
11071,15,18,"Light-Heavyweight, Greco-Roman, Men (Olympic)"
11072,30,18,"Heavyweight, Greco-Roman, Men (Olympic)"
11073,38,18,"Light-Heavyweight, Greco-Roman, Men (Olympic)"
11074,12,18,"Bantamweight, Freestyle, Men (Olympic)"
11075,22,18,"Featherweight, Freestyle, Men (Olympic)"
11076,1,18,"Welterweight, Freestyle, Men (Olympic)"
11077,12,18,"Light-Heavyweight, Freestyle, Men (Olympic)"
11078,22,18,"Light-Heavyweight, Freestyle, Men (Olympic)"
11079,12,18,"Heavyweight, Freestyle, Men (Olympic)"
11080,13,18,"Light-Flyweight, Greco-Roman, Men (Olympic)"
11081,35,18,"Light-Heavyweight, Greco-Roman, Men (Olympic)"
11082,3,18,"Featherweight, Greco-Roman, Men (Olympic)"
11083,35,18,"Featherweight, Freestyle, Men (Olympic)"
11084,35,18,"Heavyweight, Freestyle, Men (Olympic)"
11085,30,18,"Heavyweight, Freestyle, Men (Olympic)"
11086,10,18,"Lightweight, Greco-Roman, Men (Olympic)"
11087,3,18,"Middleweight, Greco-Roman, Men (Olympic)"
11088,10,18,"Middleweight, Greco-Roman, Men (Olympic)"
11089,3,18,"Middleweight, Freestyle, Men (Olympic)"
11090,15,18,"Bantamweight, Freestyle, Men (Olympic)"
11091,54,17,"Unlimited, One Hand, Men (Intercalated)"
11092,54,17,"Unlimited, Two Hands, Men (Intercalated)"
11093,54,17,Wrestling
11094,54,17,"Heavyweight, Greco-Roman, Men (Intercalated)"
11095,54,17,Athletics
11096,54,17,"High Jump, Men (Intercalated)"
11097,54,17,"Standing High Jump, Men (Intercalated)"
11098,54,17,"Pole Vault, Men (Intercalated)"
11099,54,17,"Long Jump, Men (Intercalated)"
11100,54,17,"Standing Long Jump, Men (Intercalated)"
11101,54,17,"Triple Jump, Men (Intercalated)"
11102,47,18,"Light-Heavyweight, Greco-Roman, Men (Olympic)"
11103,27,18,"Featherweight, Greco-Roman, Men (Olympic)"
11104,14,18,"Heavyweight, Greco-Roman, Men (Olympic)"
11105,15,18,"Light-Heavyweight, Freestyle, Men (Olympic)"
11106,3,18,"Lightweight, Greco-Roman, Men (Olympic)"
11107,15,18,"Welterweight, Freestyle, Men (Olympic)"
11108,30,18,"Bantamweight, Freestyle, Men (Olympic)"
11109,36,18,"Flyweight, Greco-Roman, Men (Olympic)"
11110,36,18,"Flyweight, Freestyle, Men (Olympic)"
11111,10,18,"Flyweight, Freestyle, Men (Olympic)"
11112,38,18,"Flyweight, Greco-Roman, Men (Olympic)"
11113,15,18,"Middleweight, Freestyle, Men (Olympic)"
11114,3,7,"Shot Put, Men (Olympic)"
11115,17,18,"Featherweight, Freestyle, Men (Olympic)"
11116,30,18,"Featherweight, Freestyle, Men (Olympic)"
11117,3,18,"Light-Heavyweight, Freestyle, Men (Olympic)"
11118,35,18,"Welterweight, Freestyle, Men (Olympic)"
11119,35,18,"Lightweight, Freestyle, Men (Olympic)"
11120,3,18,"Light-Heavyweight, Greco-Roman, Men (Olympic)"
11121,27,18,"Bantamweight, Greco-Roman, Men (Olympic)"
11122,3,18,"Lightweight, Freestyle, Men (Olympic)"
11123,17,18,"Bantamweight, Freestyle, Men (Olympic)"
11124,35,18,"Light-Heavyweight, Freestyle, Men (Olympic)"
11125,3,18,"Heavyweight, Greco-Roman, Men (Olympic)"
11126,15,18,"Lightweight, Freestyle, Men (Olympic)"
11127,30,18,"Middleweight, Freestyle, Men (Olympic)"
11128,37,18,"Welterweight, Greco-Roman, Men (Olympic)"
11129,12,18,"Welterweight, Greco-Roman, Men (Olympic)"
11130,13,18,"Heavyweight, Greco-Roman, Men (Olympic)"
11131,22,18,"Heavyweight, Greco-Roman, Men (Olympic)"
11132,29,18,"Featherweight, Greco-Roman, Men (Olympic)"
11133,12,18,"Super-Heavyweight, Freestyle, Men (Olympic)"
11134,1,18,"Bantamweight, Freestyle, Men (Olympic)"
11135,12,18,"Light-Heavyweight, Greco-Roman, Men (Olympic)"
11136,47,18,"Middleweight, Greco-Roman, Men (Olympic)"
11137,1,18,"Middleweight, Freestyle, Men (Olympic)"
11138,29,18,"Heavyweight, Greco-Roman, Men (Olympic)"
11139,36,18,"Middleweight, Freestyle, Men (Olympic)"
11140,28,18,"Light-Flyweight, Greco-Roman, Men (Olympic)"
11141,36,18,"Light-Flyweight, Greco-Roman, Men (Olympic)"
11142,29,18,"Super-Heavyweight, Freestyle, Men (Olympic)"
11143,1,18,"Light-Flyweight, Freestyle, Men (Olympic)"
11144,1,18,"Light-Heavyweight, Freestyle, Men (Olympic)"
11145,29,18,"Bantamweight, Greco-Roman, Men (Olympic)"
11146,1,18,"Super-Heavyweight, Freestyle, Men (Olympic)"
11147,22,18,"Welterweight, Freestyle, Men (Olympic)"
11148,20,18,"Welterweight, Freestyle, Men (Olympic)"
11149,37,18,"Light-Flyweight, Greco-Roman, Men (Olympic)"
11150,1,18,"Bantamweight, Greco-Roman, Men (Olympic)"
11151,1,18,"Flyweight, Freestyle, Men (Olympic)"
11152,38,18,"Heavyweight, Freestyle, Men (Olympic)"
11153,37,18,"Featherweight, Freestyle, Men (Olympic)"
11154,27,18,"Heavyweight, Freestyle, Men (Olympic)"
11155,28,18,"Super-Heavyweight, Freestyle, Men (Olympic)"
11156,29,18,"Flyweight, Greco-Roman, Men (Olympic)"
11157,38,18,"Middleweight, Freestyle, Men (Olympic)"
11158,1,18,"Super-Heavyweight, Greco-Roman, Men (Olympic)"
11159,1,18,"Featherweight, Greco-Roman, Men (Olympic)"
11160,28,18,"Lightweight, Freestyle, Men (Olympic)"
11161,28,18,"Heavyweight, Greco-Roman, Men (Olympic)"
11162,36,18,"Featherweight, Freestyle, Men (Olympic)"
11163,34,18,"Heavyweight, Greco-Roman, Men (Olympic)"
11164,38,18,"Heavyweight, Greco-Roman, Men (Olympic)"
11165,27,18,"Flyweight, Greco-Roman, Men (Olympic)"
11166,28,18,"Flyweight, Greco-Roman, Men (Olympic)"
11167,1,18,"Heavyweight, Greco-Roman, Men (Olympic)"
11168,38,7,"Discus Throw, Men (Olympic)"
11169,36,18,"Featherweight, Greco-Roman, Men (Olympic)"
11170,36,18,"Light-Heavyweight, Freestyle, Men (Olympic)"
11171,1,18,"Heavyweight, Freestyle, Men (Olympic)"
11172,37,18,"Flyweight, Greco-Roman, Men (Olympic)"
11173,36,18,"Light-Flyweight, Freestyle, Men (Olympic)"
11174,28,18,"Light-Flyweight, Freestyle, Men (Olympic)"
11175,28,18,"Light-Heavyweight, Greco-Roman, Men (Olympic)"
11176,36,18,"Light-Heavyweight, Greco-Roman, Men (Olympic)"
11177,37,18,"Middleweight, Greco-Roman, Men (Olympic)"
11178,1,18,"Light-Flyweight, Greco-Roman, Men (Olympic)"
11179,28,18,"Light-Heavyweight, Freestyle, Men (Olympic)"
11180,27,18,"Heavyweight, Greco-Roman, Men (Olympic)"
11181,37,18,"Heavyweight, Greco-Roman, Men (Olympic)"
11182,29,18,"Welterweight, Freestyle, Men (Olympic)"
11183,36,18,"Bantamweight, Greco-Roman, Men (Olympic)"
11184,37,18,"Heavyweight, Freestyle, Men (Olympic)"
11185,28,18,"Heavyweight, Freestyle, Men (Olympic)"
11186,28,18,"Super-Heavyweight, Greco-Roman, Men (Olympic)"
11187,37,18,"Super-Heavyweight, Greco-Roman, Men (Olympic)"
11188,29,18,"Light-Flyweight, Greco-Roman, Men (Olympic)"
11189,1,18,"Flyweight, Greco-Roman, Men (Olympic)"
11190,29,18,"Welterweight, Greco-Roman, Men (Olympic)"
11191,26,18,"Heavyweight, Freestyle, Men (Olympic)"
11192,47,18,"Bantamweight, Freestyle, Men (Olympic)"
11193,26,18,"Bantamweight, Freestyle, Men (Olympic)"
11194,13,18,"Super-Heavyweight, Greco-Roman, Men (Olympic)"
11195,8,18,"Welterweight, Freestyle, Men (Olympic)"
11196,26,18,"Super-Heavyweight, Freestyle, Men (Olympic)"
11197,8,18,"Featherweight, Freestyle, Men (Olympic)"
11198,22,18,"Lightweight, Freestyle, Men (Olympic)"
11199,8,18,"Middleweight, Freestyle, Men (Olympic)"
11200,26,18,"Flyweight, Freestyle, Men (Olympic)"
11201,8,18,"Lightweight, Freestyle, Men (Olympic)"
11202,8,18,"Bantamweight, Freestyle, Men (Olympic)"
11203,26,18,"Light-Flyweight, Freestyle, Men (Olympic)"
11204,26,18,"Flyweight, Greco-Roman, Men (Olympic)"
11205,26,18,"Light-Flyweight, Greco-Roman, Men (Olympic)"
11206,22,18,"Middleweight, Greco-Roman, Men (Olympic)"
11207,37,18,"Super-Heavyweight, Freestyle, Men (Olympic)"
11208,12,18,"Super-Heavyweight, Greco-Roman, Men (Olympic)"
11209,12,18,"Bantamweight, Greco-Roman, Men (Olympic)"
11210,22,18,"Featherweight, Greco-Roman, Men (Olympic)"
11211,20,18,"Heavyweight, Greco-Roman, Men (Olympic)"
11212,54,18,"Lightweight, Greco-Roman, Men (Intercalated)"
11213,10,18,"Bantamweight, Greco-Roman, Men (Olympic)"
11214,8,18,"Welterweight, Greco-Roman, Men (Olympic)"
11215,47,18,"Heavyweight, Greco-Roman, Men (Olympic)"
11216,54,18,"Heavyweight, Greco-Roman, Men (Intercalated)"
11217,54,18,"All-Around, Greco-Roman, Men (Intercalated)"
11218,8,18,"Lightweight, Greco-Roman, Men (Olympic)"
11219,8,18,"Featherweight, Greco-Roman, Men (Olympic)"
11220,26,18,"Bantamweight, Greco-Roman, Men (Olympic)"
11221,26,18,"Super-Heavyweight, Greco-Roman, Men (Olympic)"
11222,22,18,"Super-Heavyweight, Greco-Roman, Men (Olympic)"
11223,10,18,"Light-Heavyweight, Greco-Roman, Men (Olympic)"
11224,8,18,"Bantamweight, Greco-Roman, Men (Olympic)"
11225,8,18,"Middleweight, Greco-Roman, Men (Olympic)"
11226,3,18,"Heavyweight, Freestyle, Men (Olympic)"
11227,3,18,"Featherweight, Freestyle, Men (Olympic)"
11228,15,18,"Heavyweight, Freestyle, Men (Olympic)"
11229,8,18,"Light-Heavyweight, Greco-Roman, Men (Olympic)"
11230,54,18,"Middleweight, Greco-Roman, Men (Intercalated)"
11231,47,18,"Featherweight, Freestyle, Men (Olympic)"
11232,47,18,"Middleweight, Freestyle, Men (Olympic)"
11233,47,18,"Lightweight, Freestyle, Men (Olympic)"
11234,47,18,"Heavyweight, Freestyle, Men (Olympic)"
11235,22,18,"Heavyweight, Freestyle, Men (Olympic)"
11236,22,18,"Super-Heavyweight, Freestyle, Men (Olympic)"
11237,51,18,"Unlimited Class, Greco-Roman, Men (Olympic)"
11238,47,18,Glíma
11239,47,18,"Glíma, Men (Olympic (non-medal))"
11240,47,128,"Glíma, Men (Olympic (non-medal))"
11241,14,18,Glíma
11242,14,18,"Glíma, Men (Olympic (non-medal))"
11243,20,18,"Middleweight, Freestyle, Men (Olympic)"
11244,31,96,"Four, Men (Olympic)"
11245,20,18,"Light-Heavyweight, Greco-Roman, Men (Olympic)"
11246,2,18,"Light-Heavyweight, Greco-Roman, Men (Olympic)"
11247,20,18,"Welterweight, Greco-Roman, Men (Olympic)"
11248,45,18,"Featherweight, Freestyle, Men (Olympic)"
11249,45,18,"Flyweight, Freestyle, Men (Olympic)"
11250,45,18,"Welterweight, Freestyle, Men (Olympic)"
11251,45,18,Athletics
11252,45,18,"880 yards, Handicap, Men (Olympic (non-medal))"
11253,45,18,"Bantamweight, Freestyle, Men (Olympic)"
11254,45,18,"Light-Flyweight, Freestyle, Men (Olympic)"
11255,45,18,"Heavyweight, Freestyle, Men (Olympic)"
11256,45,18,Rowing
11257,45,18,"Double Sculls, Intermediate, Men (Olympic (non-medal))"
11258,45,18,"Lightweight, Freestyle, Men (Olympic)"
11259,45,18,"Shot Put, Handicap, Men (Olympic (non-medal))"
11260,13,11,"Three Person Keelboat, Open (Olympic)"
11261,29,11,"Two Person Dinghy, Women (Olympic)"
11262,13,11,"Two Person Dinghy, Women (Olympic)"
11263,1,11,"Windsurfer, Women (Olympic)"
11264,13,11,"Windsurfer, Women (Olympic)"
11265,12,11,"Windsurfer, Women (Olympic)"
11266,13,11,"One Person Dinghy, Women (Olympic)"
11267,12,11,"One Person Dinghy, Women (Olympic)"
11268,22,11,"One Person Dinghy, Women (Olympic)"
11269,1,11,"Multihull, Open (Olympic)"
11270,1,11,"Two Person Dinghy, Women (Olympic)"
11271,1,11,"One Person Dinghy, Women (Olympic)"
11272,12,11,"Two Person Dinghy, Women (Olympic)"
11273,22,11,"Two Person Dinghy, Women (Olympic)"
11274,22,11,"Windsurfer, Women (Olympic)"
11275,30,11,"8 metres, Open (Olympic)"
11276,22,11,"Three Person Keelboat, Women (Olympic)"
11277,20,11,"Three Person Keelboat, Women (Olympic)"
11278,29,11,"Multihull, Open (Olympic)"
11279,36,11,"Two Person Dinghy, Open (Olympic)"
11280,20,11,"Two Person Dinghy, Women (Olympic)"
11281,26,11,"Multihull, Open (Olympic)"
11282,26,11,"Two Person Dinghy, Open (Olympic)"
11283,10,11,"Three Person Keelboat, Open (Olympic)"
11284,20,11,"Windsurfer, Women (Olympic)"
11285,10,11,"5.5 metres, Open (Olympic)"
11286,15,11,"One Person Dinghy, Open (Olympic)"
11287,34,11,"Two Person Keelboat, Open (Olympic)"
11288,47,11,"7 metres, Open (Olympic)"
11289,2,11,"Windsurfer, Women (Olympic)"
11290,21,11,"Windsurfer, Women (Olympic)"
11291,52,11,"Two Person Dinghy, Women (Olympic)"
11292,1,11,"Two Person Keelboat, Open (Olympic)"
11293,10,11,"6 metres, Open (Olympic)"
11294,3,11,"7 metres, Open (Olympic)"
11295,36,11,"Two Person Heavyweight Dinghy, Open (Olympic)"
11296,37,11,"Two Person Heavyweight Dinghy, Open (Olympic)"
11297,26,11,"Two Person Heavyweight Dinghy, Open (Olympic)"
11298,12,11,"Three Person Keelboat, Open (Olympic)"
11299,29,11,"Three Person Keelboat, Open (Olympic)"
11300,13,11,"One Person Dinghy, Open (Olympic)"
11301,1,11,"Windsurfer, Men (Olympic)"
11302,29,11,"Two Person Heavyweight Dinghy, Open (Olympic)"
11303,1,11,"Two Person Heavyweight Dinghy, Open (Olympic)"
11304,26,11,"Three Person Keelboat, Open (Olympic)"
11305,1,11,"Three Person Keelboat, Open (Olympic)"
11306,27,11,"Three Person Keelboat, Open (Olympic)"
11307,27,11,"Two Person Heavyweight Dinghy, Open (Olympic)"
11308,38,11,"5.5 metres, Open (Olympic)"
11309,15,11,"8 metres, Open (Olympic)"
11310,12,11,"One Person Dinghy, Open (Olympic)"
11311,22,11,"One Person Dinghy, Men (Olympic)"
11312,20,11,"One Person Dinghy, Open (Olympic)"
11313,2,11,"One Person Heavyweight Dinghy, Men (Olympic)"
11314,1,11,"One Person Dinghy, Men (Olympic)"
11315,13,11,"One Person Dinghy, Men (Olympic)"
11316,12,11,"One Person Dinghy, Men (Olympic)"
11317,34,11,"5.5 metres, Open (Olympic)"
11318,27,11,"5.5 metres, Open (Olympic)"
11319,38,11,"Two Person Heavyweight Dinghy, Open (Olympic)"
11320,8,11,"6 metres, Open (Olympic)"
11321,27,11,"One Person Dinghy, Open (Olympic)"
11322,29,11,"Windsurfer, Open (Olympic)"
11323,26,11,"Windsurfer, Men (Olympic)"
11324,36,11,"Three Person Keelboat, Open (Olympic)"
11325,4,11,"Open, Open (Olympic)"
11326,4,11,"1-2 Ton, Open (Olympic)"
11327,27,11,"Two Person Keelboat, Open (Olympic)"
11328,28,11,"Two Person Keelboat, Open (Olympic)"
11329,10,11,"One Person Dinghy, Open (Olympic)"
11330,33,11,"One Person Dinghy, Open (Olympic)"
11331,34,11,"One Person Dinghy, Open (Olympic)"
11332,33,11,"5.5 metres, Open (Olympic)"
11333,28,11,"Two Person Heavyweight Dinghy, Open (Olympic)"
11334,14,11,"12 metres, Open (Olympic)"
11335,13,11,"Windsurfer, Men (Olympic)"
11336,35,11,"6 metres, Open (Olympic)"
11337,17,11,"Two Person Keelboat, Open (Olympic)"
11338,28,11,"Three Person Keelboat, Open (Olympic)"
11339,3,11,"12 metres, Open (Olympic)"
11340,3,11,"40 metres², Open (Olympic)"
11341,17,11,"One Person Dinghy, Open (Olympic)"
11342,34,11,"Two Person Heavyweight Dinghy, Open (Olympic)"
11343,13,11,"Two Person Dinghy, Men (Olympic)"
11344,15,11,"6 metres, Open (Olympic)"
11345,35,11,"One Person Dinghy, Open (Olympic)"
11346,8,11,"One Person Dinghy, Open (Olympic)"
11347,34,11,"Three Person Keelboat, Open (Olympic)"
11348,17,11,"Three Person Keelboat, Open (Olympic)"
11349,37,11,"Three Person Keelboat, Open (Olympic)"
11350,33,11,"Three Person Keelboat, Open (Olympic)"
11351,30,11,"One Person Dinghy, Open (Olympic)"
11352,47,11,"8 metres, Open (Olympic)"
11353,3,11,"10 metres, Open (Olympic)"
11354,47,11,"6 metres, Open (Olympic)"
11355,26,11,"One Person Dinghy, Open (Olympic)"
11356,47,11,"12 metres, Open (Olympic)"
11357,8,11,"Two Person Keelboat, Open (Olympic)"
11358,29,11,"One Person Dinghy, Open (Olympic)"
11359,10,11,"Two Person Keelboat, Open (Olympic)"
11360,28,11,"One Person Dinghy, Open (Olympic)"
11361,1,11,"Two Person Dinghy, Men (Olympic)"
11362,29,11,"Two Person Keelboat, Open (Olympic)"
11363,37,11,"One Person Dinghy, Open (Olympic)"
11364,13,11,"Multihull, Open (Olympic)"
11365,12,11,"Multihull, Open (Olympic)"
11366,33,11,"Two Person Keelboat, Open (Olympic)"
11367,12,11,"Windsurfer, Men (Olympic)"
11368,22,11,"Multihull, Open (Olympic)"
11369,38,11,"One Person Dinghy, Open (Olympic)"
11370,4,11,"½-1 Ton, Open (Olympic)"
11371,17,14,"Music, Compositions For Orchestra, Open (Olympic)"
11372,30,11,"Two Person Keelboat, Open (Olympic)"
11373,26,11,"Two Person Keelboat, Open (Olympic)"
11374,13,11,"Two Person Keelboat, Open (Olympic)"
11375,12,11,"Two Person Keelboat, Open (Olympic)"
11376,22,11,"Two Person Keelboat, Men (Olympic)"
11377,29,11,"Two Person Dinghy, Men (Olympic)"
11378,38,11,"Two Person Keelboat, Open (Olympic)"
11379,14,11,"10 metres, Open (Olympic)"
11380,37,11,"Two Person Keelboat, Open (Olympic)"
11381,37,11,"Two Person Dinghy, Open (Olympic)"
11382,3,11,"30 metres², Open (Olympic)"
11383,22,11,"One Person Dinghy, Open (Olympic)"
11384,12,11,"Two Person Dinghy, Men (Olympic)"
11385,22,11,"Two Person Dinghy, Men (Olympic)"
11386,3,11,"12 foot, Open (Olympic)"
11387,36,11,"Multihull, Open (Olympic)"
11388,8,11,"8 metres, Open (Olympic)"
11389,4,11,"10-20 Ton, Open (Olympic)"
11390,37,11,"Multihull, Open (Olympic)"
11391,33,11,"Two Person Heavyweight Dinghy, Open (Olympic)"
11392,4,11,"2-3 Ton, Open (Olympic)"
11393,20,11,"Multihull, Open (Olympic)"
11394,12,11,"Skiff, Open (Olympic)"
11395,2,11,"Two Person Keelboat, Men (Olympic)"
11396,4,11,"0-½ Ton, Open (Olympic)"
11397,4,11,"20+ Ton, Open (Olympic)"
11398,3,11,"6.5 metres, Open (Olympic)"
11399,3,11,"8 metres, Open (Olympic)"
11400,14,7,"100 metres, Men (Olympic)"
11401,14,7,"200 metres, Men (Olympic)"
11402,14,7,"400 metres, Men (Olympic)"
11403,4,11,"3-10 Ton, Open (Olympic)"
11404,26,11,"Windsurfer, Men (Olympic (non-medal))"
11405,52,11,"Multihull, Mixed (Olympic)"
11406,22,11,"Windsurfer, Men (Olympic)"
11407,20,11,"Windsurfer, Men (Olympic)"
11408,2,11,"Windsurfer, Men (Olympic)"
11409,21,11,"Windsurfer, Men (Olympic)"
11410,22,11,"Skiff, Open (Olympic)"
11411,20,11,"One Person Dinghy, Men (Olympic)"
11412,21,11,"One Person Heavyweight Dinghy, Men (Olympic)"
11413,20,11,"Two Person Dinghy, Men (Olympic)"
11414,20,11,"Two Person Keelboat, Men (Olympic)"
11415,21,11,"Multihull, Mixed (Olympic)"
11416,20,11,"Skiff, Open (Olympic)"
11417,21,11,"One Person Dinghy, Men (Olympic)"
11418,52,11,"One Person Dinghy, Men (Olympic)"
11419,34,7,"800 metres, Men (Olympic)"
11420,34,7,"1,500 metres, Men (Olympic)"
11421,34,7,"4 × 100 metres Relay, Men (Olympic)"
11422,13,7,"100 metres, Men (Olympic)"
11423,30,7,"100 metres, Men (Olympic)"
11424,30,7,"Long Jump, Men (Olympic)"
11425,30,7,Hockey
11426,30,7,"Hockey, Men (Olympic)"
11427,30,7,"Shot Put, Men (Olympic)"
11428,34,7,"100 metres, Men (Olympic)"
11429,34,7,"400 metres, Men (Olympic)"
11430,34,7,"400 metres Hurdles, Men (Olympic)"
11431,34,7,"110 metres Hurdles, Men (Olympic)"
11432,34,7,"Javelin Throw, Men (Olympic)"
11433,13,7,"Marathon, Men (Olympic)"
11434,34,7,"200 metres, Men (Olympic)"
11435,34,7,"Long Jump, Men (Olympic)"
11436,26,7,"200 metres, Women (Olympic)"
11437,13,7,"Long Jump, Men (Olympic)"
11438,36,7,"400 metres, Men (Olympic)"
11439,36,7,"100 metres, Men (Olympic)"
11440,1,7,"110 metres Hurdles, Men (Olympic)"
11441,26,7,"100 metres, Men (Olympic)"
11442,26,7,"200 metres, Men (Olympic)"
11443,13,7,"800 metres, Women (Olympic)"
11444,12,7,"1,500 metres, Women (Olympic)"
11445,22,7,"1,500 metres, Women (Olympic)"
11446,13,7,"Triple Jump, Women (Olympic)"
11447,29,7,"800 metres, Women (Olympic)"
11448,29,7,"1,500 metres, Women (Olympic)"
11449,1,7,"1,500 metres, Women (Olympic)"
11450,13,7,"1,500 metres, Women (Olympic)"
11451,13,7,"Javelin Throw, Women (Olympic)"
11452,12,7,"Javelin Throw, Women (Olympic)"
11453,22,7,"Javelin Throw, Women (Olympic)"
11454,1,7,"Heptathlon, Women (Olympic)"
11455,29,7,"800 metres, Men (Olympic)"
11456,1,7,"800 metres, Men (Olympic)"
11457,37,7,"800 metres, Men (Olympic)"
11458,37,7,"1,500 metres, Men (Olympic)"
11459,26,7,"1,500 metres, Men (Olympic)"
11460,28,7,"800 metres, Men (Olympic)"
11461,28,7,"1,500 metres, Men (Olympic)"
11462,37,7,"3,000 metres Steeplechase, Men (Olympic)"
11463,1,7,"5,000 metres, Men (Olympic)"
11464,13,7,"5,000 metres, Men (Olympic)"
11465,37,7,"High Jump, Men (Olympic)"
11466,26,7,"800 metres, Men (Olympic)"
11467,26,7,"110 metres Hurdles, Men (Olympic)"
11468,12,7,"5,000 metres, Men (Olympic)"
11469,29,7,"20 kilometres Race Walk, Men (Olympic)"
11470,26,7,"5,000 metres, Men (Olympic)"
11471,29,7,"3,000 metres Steeplechase, Men (Olympic)"
11472,1,7,"3,000 metres Steeplechase, Men (Olympic)"
11473,37,7,"5,000 metres, Men (Olympic)"
11474,26,7,"20 kilometres Race Walk, Men (Olympic)"
11475,26,7,"50 kilometres Race Walk, Men (Olympic)"
11476,37,7,"10,000 metres, Men (Olympic)"
11477,13,7,"800 metres, Men (Olympic)"
11478,12,7,"800 metres, Men (Olympic)"
11479,12,7,"4 × 400 metres Relay, Men (Olympic)"
11480,22,7,"400 metres, Men (Olympic)"
11481,29,7,"Long Jump, Men (Olympic)"
11482,29,7,"Triple Jump, Men (Olympic)"
11483,1,7,"Triple Jump, Men (Olympic)"
11484,29,7,"Marathon, Men (Olympic)"
11485,1,7,"Long Jump, Men (Olympic)"
11486,13,7,"1,500 metres, Men (Olympic)"
11487,29,7,"1,500 metres, Men (Olympic)"
11488,37,7,"Marathon, Men (Olympic)"
11489,1,7,"1,500 metres, Men (Olympic)"
11490,12,7,"1,500 metres, Men (Olympic)"
11491,1,7,"High Jump, Men (Olympic)"
11492,28,7,"5,000 metres, Men (Olympic)"
11493,28,7,"3,000 metres Steeplechase, Men (Olympic)"
11494,1,7,"Marathon, Men (Olympic)"
11495,29,7,"100 metres, Men (Olympic)"
11496,29,7,"200 metres, Men (Olympic)"
11497,29,7,"110 metres Hurdles, Men (Olympic)"
11498,26,7,"Hammer Throw, Men (Olympic)"
11499,29,7,"Hammer Throw, Men (Olympic)"
11500,1,7,"High Jump, Women (Olympic)"
11501,12,7,"Marathon, Men (Olympic)"
11502,22,7,"Marathon, Men (Olympic)"
11503,20,7,"Marathon, Men (Olympic)"
11504,2,7,"Marathon, Men (Olympic)"
11505,29,7,"100 metres, Women (Olympic)"
11506,29,7,"200 metres, Women (Olympic)"
11507,13,7,"200 metres, Women (Olympic)"
11508,13,7,"400 metres, Women (Olympic)"
11509,1,7,"3,000 metres, Women (Olympic)"
11510,1,7,"400 metres, Men (Olympic)"
11511,37,7,"100 metres, Men (Olympic)"
11512,1,7,"100 metres, Men (Olympic)"
11513,1,7,"200 metres, Men (Olympic)"
11514,37,7,"200 metres, Men (Olympic)"
11515,37,7,"400 metres, Men (Olympic)"
11516,26,7,"800 metres, Women (Olympic)"
11517,26,7,"1,500 metres, Women (Olympic)"
11518,26,7,"4 × 400 metres Relay, Women (Olympic)"
11519,26,7,"100 metres, Women (Olympic)"
11520,1,7,"400 metres, Women (Olympic)"
11521,26,7,"400 metres, Women (Olympic)"
11522,13,7,"4 × 100 metres Relay, Women (Olympic)"
11523,13,7,"4 × 400 metres Relay, Women (Olympic)"
11524,1,7,"100 metres, Women (Olympic)"
11525,1,7,"200 metres, Women (Olympic)"
11526,13,7,"100 metres, Women (Olympic)"
11527,12,7,"100 metres, Women (Olympic)"
11528,12,7,"200 metres, Women (Olympic)"
11529,22,7,"100 metres, Women (Olympic)"
11530,29,7,"400 metres, Women (Olympic)"
11531,20,7,"100 metres, Women (Olympic)"
11532,13,7,"4 × 400 metres Relay, Men (Olympic)"
11533,12,7,"200 metres, Men (Olympic)"
11534,26,7,"4 × 100 metres Relay, Men (Olympic)"
11535,26,7,"4 × 400 metres Relay, Men (Olympic)"
11536,26,7,"Long Jump, Men (Olympic)"
11537,26,7,"400 metres, Men (Olympic)"
11538,29,7,"400 metres, Men (Olympic)"
11539,29,7,"4 × 100 metres Relay, Men (Olympic)"
11540,29,7,"4 × 400 metres Relay, Men (Olympic)"
11541,36,7,"4 × 100 metres Relay, Men (Olympic)"
11542,36,7,"Long Jump, Men (Olympic)"
11543,36,7,"200 metres, Men (Olympic)"
11544,36,7,"4 × 400 metres Relay, Men (Olympic)"
11545,36,7,"110 metres Hurdles, Men (Olympic)"
11546,36,7,"400 metres Hurdles, Men (Olympic)"
11547,36,7,"Triple Jump, Men (Olympic)"
11548,29,7,"400 metres Hurdles, Men (Olympic)"
11549,26,7,"High Jump, Women (Olympic)"
11550,33,7,"Discus Throw, Women (Olympic)"
11551,13,7,"Long Jump, Women (Olympic)"
11552,10,7,"100 metres, Women (Olympic)"
11553,10,7,"200 metres, Women (Olympic)"
11554,10,7,"4 × 100 metres Relay, Women (Olympic)"
11555,10,7,"Long Jump, Women (Olympic)"
11556,26,7,"100 metres Hurdles, Women (Olympic)"
11557,38,7,"4 × 100 metres Relay, Women (Olympic)"
11558,38,7,"Long Jump, Women (Olympic)"
11559,28,7,"100 metres, Women (Olympic)"
11560,38,7,"100 metres, Women (Olympic)"
11561,1,7,"10,000 metres, Women (Olympic)"
11562,13,7,"Marathon, Women (Olympic)"
11563,12,7,"Marathon, Women (Olympic)"
11564,27,7,"100 metres, Women (Olympic)"
11565,27,7,"200 metres, Women (Olympic)"
11566,27,7,"Long Jump, Women (Olympic)"
11567,13,7,"Discus Throw, Women (Olympic)"
11568,17,7,"Shot Put, Women (Olympic)"
11569,17,7,"Discus Throw, Women (Olympic)"
11570,17,7,"Javelin Throw, Women (Olympic)"
11571,10,7,"Shot Put, Women (Olympic)"
11572,10,7,"Discus Throw, Women (Olympic)"
11573,38,7,"200 metres, Women (Olympic)"
11574,17,7,"100 metres, Women (Olympic)"
11575,17,7,"80 metres Hurdles, Women (Olympic)"
11576,17,7,"High Jump, Women (Olympic)"
11577,17,7,"Long Jump, Women (Olympic)"
11578,10,7,"100 metres, Men (Olympic)"
11579,10,7,"4 × 100 metres Relay, Men (Olympic)"
11580,26,7,"Marathon, Men (Olympic)"
11581,35,7,"100 metres, Men (Olympic)"
11582,35,7,"200 metres, Men (Olympic)"
11583,35,7,"4 × 100 metres Relay, Men (Olympic)"
11584,17,7,"400 metres Hurdles, Men (Olympic)"
11585,17,7,"4 × 400 metres Relay, Men (Olympic)"
11586,27,7,"3,000 metres Steeplechase, Men (Olympic)"
11587,28,7,"Marathon, Men (Olympic)"
11588,17,7,"800 metres, Men (Olympic)"
11589,27,7,"Pole Vault, Men (Olympic)"
11590,28,7,"High Jump, Men (Olympic)"
11591,10,7,"200 metres, Men (Olympic)"
11592,8,7,"100 metres, Men (Olympic)"
11593,8,7,"Long Jump, Men (Olympic)"
11594,8,7,"Discus Throw, Men (Olympic)"
11595,8,7,"Decathlon, Men (Olympic)"
11596,30,7,"200 metres, Men (Olympic)"
11597,30,7,"4 × 100 metres Relay, Men (Olympic)"
11598,8,7,"200 metres, Men (Olympic)"
11599,17,7,"200 metres, Men (Olympic)"
11600,17,7,"4 × 100 metres Relay, Men (Olympic)"
11601,17,7,"5,000 metres, Men (Olympic)"
11602,17,7,"10,000 metres, Men (Olympic)"
11603,15,7,"800 metres, Men (Olympic)"
11604,17,7,"100 metres, Men (Olympic)"
11605,17,7,"Marathon, Men (Olympic)"
11606,10,7,"10,000 metres, Men (Olympic)"
11607,10,7,"Marathon, Men (Olympic)"
11608,26,7,"3,000 metres Steeplechase, Men (Olympic)"
11609,27,7,"100 metres, Men (Olympic)"
11610,27,7,"200 metres, Men (Olympic)"
11611,28,7,"100 metres, Men (Olympic)"
11612,28,7,"200 metres, Men (Olympic)"
11613,8,7,"10,000 metres, Men (Olympic)"
11614,8,7,"Marathon, Men (Olympic)"
11615,1,7,"Hammer Throw, Men (Olympic)"
11616,13,7,"Hammer Throw, Men (Olympic)"
11617,8,7,"800 metres, Men (Olympic)"
11618,8,7,"1,500 metres, Men (Olympic)"
11619,35,7,"800 metres, Men (Olympic)"
11620,35,7,"1,500 metres, Men (Olympic)"
11621,38,7,"400 metres, Men (Olympic)"
11622,38,7,"110 metres Hurdles, Men (Olympic)"
11623,38,7,"400 metres Hurdles, Men (Olympic)"
11624,27,7,"400 metres, Men (Olympic)"
11625,27,7,"400 metres Hurdles, Men (Olympic)"
11626,8,7,"Shot Put, Men (Olympic)"
11627,15,7,"100 metres, Men (Olympic)"
11628,17,7,"400 metres, Men (Olympic)"
11629,17,7,"Hammer Throw, Men (Olympic)"
11630,13,7,"200 metres, Men (Olympic)"
11631,34,7,"Marathon, Men (Olympic)"
11632,26,7,"10,000 metres, Men (Olympic)"
11633,17,7,"Javelin Throw, Men (Olympic)"
11634,10,7,"Javelin Throw, Men (Olympic)"
11635,17,7,"Shot Put, Men (Olympic)"
11636,17,7,"Long Jump, Men (Olympic)"
11637,17,7,"Decathlon, Men (Olympic)"
11638,35,7,"Hammer Throw, Men (Olympic)"
11639,8,7,"Hammer Throw, Men (Olympic)"
11640,10,7,"110 metres Hurdles, Men (Olympic)"
11641,33,7,"Discus Throw, Men (Olympic)"
11642,30,7,"110 metres Hurdles, Men (Olympic)"
11643,30,7,"400 metres Hurdles, Men (Olympic)"
11644,17,7,"Discus Throw, Men (Olympic)"
11645,15,7,"110 metres Hurdles, Men (Olympic)"
11646,15,7,"Decathlon, Men (Olympic)"
11647,8,7,"5,000 metres, Men (Olympic)"
11648,8,7,"3,000 metres Steeplechase, Men (Olympic)"
11649,30,7,"5,000 metres, Men (Olympic)"
11650,30,7,"10,000 metres, Men (Olympic)"
11651,30,7,"Marathon, Men (Olympic)"
11652,17,7,"1,500 metres, Men (Olympic)"
11653,29,7,"High Jump, Men (Olympic)"
11654,13,7,"Discus Throw, Men (Olympic)"
11655,12,7,"Discus Throw, Men (Olympic)"
11656,22,7,"Discus Throw, Men (Olympic)"
11657,35,7,"5,000 metres, Men (Olympic)"
11658,35,7,"10,000 metres, Men (Olympic)"
11659,28,7,"50 kilometres Race Walk, Men (Olympic)"
11660,1,7,"10,000 metres, Men (Olympic)"
11661,36,7,"Decathlon, Men (Olympic)"
11662,38,7,"Marathon, Men (Olympic)"
11663,15,7,"400 metres Hurdles, Men (Olympic)"
11664,17,7,"110 metres Hurdles, Men (Olympic)"
11665,36,7,"Shot Put, Men (Olympic)"
11666,35,7,"110 metres Hurdles, Men (Olympic)"
11667,35,7,"High Jump, Men (Olympic)"
11668,28,7,"Hammer Throw, Men (Olympic)"
11669,10,7,"50 kilometres Race Walk, Men (Olympic)"
11670,34,7,"50 kilometres Race Walk, Men (Olympic)"
11671,13,7,"Triple Jump, Men (Olympic)"
11672,12,7,"Triple Jump, Men (Olympic)"
11673,22,7,"Triple Jump, Men (Olympic)"
11674,29,7,"Marathon, Women (Olympic)"
11675,1,7,"Marathon, Women (Olympic)"
11676,13,7,"Shot Put, Women (Olympic)"
11677,12,7,"Hammer Throw, Women (Olympic)"
11678,22,7,"Hammer Throw, Women (Olympic)"
11679,13,7,"Shot Put, Men (Olympic)"
11680,38,7,"400 metres, Women (Olympic)"
11681,28,7,"4 × 400 metres Relay, Women (Olympic)"
11682,36,7,"800 metres, Women (Olympic)"
11683,36,7,"1,500 metres, Women (Olympic)"
11684,36,7,"4 × 400 metres Relay, Women (Olympic)"
11685,13,7,"5,000 metres, Women (Olympic)"
11686,12,7,"5,000 metres, Women (Olympic)"
11687,1,7,"4 × 400 metres Relay, Women (Olympic)"
11688,12,7,"800 metres, Women (Olympic)"
11689,27,7,"400 metres, Women (Olympic)"
11690,27,7,"4 × 100 metres Relay, Women (Olympic)"
11691,33,7,"High Jump, Women (Olympic)"
11692,1,7,"10 kilometres Race Walk, Women (Olympic)"
11693,29,7,"Long Jump, Women (Olympic)"
11694,1,7,"Long Jump, Women (Olympic)"
11695,33,7,"Long Jump, Women (Olympic)"
11696,28,7,"200 metres, Women (Olympic)"
11697,28,7,"4 × 100 metres Relay, Women (Olympic)"
11698,36,7,"100 metres, Women (Olympic)"
11699,36,7,"200 metres, Women (Olympic)"
11700,36,7,"4 × 100 metres Relay, Women (Olympic)"
11701,33,7,"Shot Put, Women (Olympic)"
11702,29,7,"High Jump, Women (Olympic)"
11703,36,7,"400 metres, Women (Olympic)"
11704,27,7,"80 metres Hurdles, Women (Olympic)"
11705,28,7,"100 metres Hurdles, Women (Olympic)"
11706,17,7,"4 × 100 metres Relay, Women (Olympic)"
11707,30,7,"High Jump, Women (Olympic)"
11708,33,7,"80 metres Hurdles, Women (Olympic)"
11709,33,7,"4 × 100 metres Relay, Women (Olympic)"
11710,34,7,"80 metres Hurdles, Women (Olympic)"
11711,34,7,"4 × 100 metres Relay, Women (Olympic)"
11712,1,7,"Discus Throw, Women (Olympic)"
11713,12,7,"Discus Throw, Women (Olympic)"
11714,12,7,"4 × 100 metres Relay, Women (Olympic)"
11715,33,7,"200 metres, Women (Olympic)"
11716,34,7,"200 metres, Women (Olympic)"
11717,34,7,"Long Jump, Women (Olympic)"
11718,33,7,"100 metres, Women (Olympic)"
11719,34,7,"100 metres, Women (Olympic)"
11720,36,7,"100 metres Hurdles, Women (Olympic)"
11721,29,7,"100 metres Hurdles, Women (Olympic)"
11722,29,7,"Heptathlon, Women (Olympic)"
11723,26,7,"400 metres Hurdles, Women (Olympic)"
11724,29,7,"400 metres Hurdles, Women (Olympic)"
11725,29,7,"4 × 400 metres Relay, Women (Olympic)"
11726,34,7,"High Jump, Women (Olympic)"
11727,38,7,"Pentathlon, Women (Olympic)"
11728,1,7,"4 × 100 metres Relay, Women (Olympic)"
11729,26,7,"Long Jump, Women (Olympic)"
11730,37,7,"100 metres Hurdles, Women (Olympic)"
11731,12,7,"10,000 metres, Women (Olympic)"
11732,33,7,"Javelin Throw, Women (Olympic)"
11733,22,7,"200 metres, Women (Olympic)"
11734,13,7,"10,000 metres, Women (Olympic)"
11735,36,7,"Javelin Throw, Women (Olympic)"
11736,13,7,"High Jump, Women (Olympic)"
11737,12,7,"High Jump, Women (Olympic)"
11738,13,7,"Heptathlon, Women (Olympic)"
11739,12,7,"Heptathlon, Women (Olympic)"
11740,34,7,"800 metres, Women (Olympic)"
11741,13,7,"10 kilometres Race Walk, Women (Olympic)"
11742,38,7,"80 metres Hurdles, Women (Olympic)"
11743,17,7,"200 metres, Women (Olympic)"
11744,1,7,"400 metres Hurdles, Women (Olympic)"
11745,26,7,"Marathon, Women (Olympic)"
11746,38,7,"High Jump, Women (Olympic)"
11747,37,7,"Javelin Throw, Women (Olympic)"
11748,22,7,"Marathon, Women (Olympic)"
11749,1,7,"Javelin Throw, Women (Olympic)"
11750,37,7,"Shot Put, Women (Olympic)"
11751,37,7,"Discus Throw, Women (Olympic)"
11752,26,7,"Shot Put, Women (Olympic)"
11753,26,7,"Discus Throw, Women (Olympic)"
11754,28,7,"Long Jump, Women (Olympic)"
11755,26,7,"Heptathlon, Women (Olympic)"
11756,28,7,"800 metres, Women (Olympic)"
11757,28,7,"1,500 metres, Women (Olympic)"
11758,29,7,"3,000 metres, Women (Olympic)"
11759,29,7,"10,000 metres, Women (Olympic)"
11760,28,7,"400 metres, Women (Olympic)"
11761,26,7,"Javelin Throw, Women (Olympic)"
11762,27,7,"Discus Throw, Women (Olympic)"
11763,37,7,"100 metres, Women (Olympic)"
11764,37,7,"200 metres, Women (Olympic)"
11765,35,7,"100 metres, Women (Olympic)"
11766,35,7,"800 metres, Women (Olympic)"
11767,37,7,"High Jump, Women (Olympic)"
11768,10,7,"80 metres Hurdles, Women (Olympic)"
11769,28,7,"Pentathlon, Women (Olympic)"
11770,8,7,"100 metres, Women (Olympic)"
11771,38,7,"800 metres, Women (Olympic)"
11772,34,7,"Javelin Throw, Women (Olympic)"
11773,38,7,"Javelin Throw, Women (Olympic)"
11774,33,7,"Javelin Throw, Men (Olympic)"
11775,1,7,"20 kilometres Race Walk, Men (Olympic)"
11776,13,7,"20 kilometres Race Walk, Men (Olympic)"
11777,12,7,"20 kilometres Race Walk, Men (Olympic)"
11778,47,7,"5 miles, Men (Olympic)"
11779,47,7,"Marathon, Men (Olympic)"
11780,47,7,"10 miles Race Walk, Men (Olympic)"
11781,33,7,"20 kilometres Race Walk, Men (Olympic)"
11782,33,7,"50 kilometres Race Walk, Men (Olympic)"
11783,38,7,"50 kilometres Race Walk, Men (Olympic)"
11784,13,7,"High Jump, Men (Olympic)"
11785,1,7,"Pole Vault, Men (Olympic)"
11786,13,7,"Pole Vault, Men (Olympic)"
11787,26,7,"High Jump, Men (Olympic)"
11788,15,7,"10 kilometres Race Walk, Men (Olympic)"
11789,17,7,"Triple Jump, Men (Olympic)"
11790,30,7,"1,500 metres, Men (Olympic)"
11791,34,7,"Triple Jump, Men (Olympic)"
11792,33,7,"800 metres, Men (Olympic)"
11793,33,7,"1,500 metres, Men (Olympic)"
11794,36,7,"Pole Vault, Men (Olympic)"
11795,28,7,"110 metres Hurdles, Men (Olympic)"
11796,29,7,"50 kilometres Race Walk, Men (Olympic)"
11797,1,7,"50 kilometres Race Walk, Men (Olympic)"
11798,13,7,"50 kilometres Race Walk, Men (Olympic)"
11799,38,7,"200 metres, Men (Olympic)"
11800,38,7,"4 × 100 metres Relay, Men (Olympic)"
11801,33,7,"3,000 metres Steeplechase, Men (Olympic)"
11802,54,7,"400 metres, Men (Intercalated)"
11803,54,7,"800 metres, Men (Intercalated)"
11804,54,7,"1,500 metres, Men (Intercalated)"
11805,54,7,"5 miles, Men (Intercalated)"
11806,47,7,"1,500 metres, Men (Olympic)"
11807,47,7,Boxing
11808,47,7,"Lightweight, Men (Olympic)"
11809,38,7,"800 metres, Men (Olympic)"
11810,38,7,"4 × 400 metres Relay, Men (Olympic)"
11811,38,7,"Triple Jump, Men (Olympic)"
11812,27,7,"High Jump, Men (Olympic)"
11813,15,7,"1,500 metres, Men (Olympic)"
11814,15,7,"5,000 metres, Men (Olympic)"
11815,15,7,"10,000 metres, Men (Olympic)"
11816,28,7,"Pole Vault, Men (Olympic)"
11817,13,7,"4 × 100 metres Relay, Men (Olympic)"
11818,33,7,"Long Jump, Men (Olympic)"
11819,33,7,"Decathlon, Men (Olympic)"
11820,17,7,"High Jump, Men (Olympic)"
11821,37,7,"Triple Jump, Men (Olympic)"
11822,10,7,"400 metres, Men (Olympic)"
11823,10,7,"4 × 400 metres Relay, Men (Olympic)"
11824,33,7,"100 metres, Men (Olympic)"
11825,33,7,"4 × 100 metres Relay, Men (Olympic)"
11826,36,7,"Marathon, Men (Olympic)"
11827,33,7,"110 metres Hurdles, Men (Olympic)"
11828,27,7,"20 kilometres Race Walk, Men (Olympic)"
11829,27,7,"50 kilometres Race Walk, Men (Olympic)"
11830,38,7,"5,000 metres, Men (Olympic)"
11831,38,7,"10,000 metres, Men (Olympic)"
11832,27,7,"5,000 metres, Men (Olympic)"
11833,27,7,"10,000 metres, Men (Olympic)"
11834,27,7,"Marathon, Men (Olympic)"
11835,12,7,"50 kilometres Race Walk, Men (Olympic)"
11836,34,7,"20 kilometres Race Walk, Men (Olympic)"
11837,38,7,"20 kilometres Race Walk, Men (Olympic)"
11838,27,7,"Long Jump, Men (Olympic)"
11839,13,7,"10,000 metres, Men (Olympic)"
11840,12,7,"10,000 metres, Men (Olympic)"
11841,36,7,"1,500 metres, Men (Olympic)"
11842,33,7,"Hammer Throw, Men (Olympic)"
11843,13,7,"Javelin Throw, Men (Olympic)"
11844,12,7,"Javelin Throw, Men (Olympic)"
11845,33,7,"Pole Vault, Men (Olympic)"
11846,30,7,"Triple Jump, Men (Olympic)"
11847,33,7,"Shot Put, Men (Olympic)"
11848,27,7,"800 metres, Men (Olympic)"
11849,10,7,"400 metres Hurdles, Men (Olympic)"
11850,15,7,"Pentathlon, Men (Olympic)"
11851,38,7,"100 metres, Men (Olympic)"
11852,36,7,"Hammer Throw, Men (Olympic)"
11853,37,7,"Hammer Throw, Men (Olympic)"
11854,13,7,"Decathlon, Men (Olympic)"
11855,12,7,"Decathlon, Men (Olympic)"
11856,28,7,"400 metres Hurdles, Men (Olympic)"
11857,28,7,"Long Jump, Men (Olympic)"
11858,36,7,"5,000 metres, Men (Olympic)"
11859,36,7,"10,000 metres, Men (Olympic)"
11860,12,7,"High Jump, Men (Olympic)"
11861,45,7,"Long Jump, Men (Olympic)"
11862,45,7,"100 yards, Handicap, Men (Olympic (non-medal))"
11863,45,7,"120 yards Hurdles, Handicap, Men (Olympic (non-medal))"
11864,33,7,"200 metres, Men (Olympic)"
11865,33,7,"400 metres, Men (Olympic)"
11866,33,7,"4 × 400 metres Relay, Men (Olympic)"
11867,8,7,"400 metres, Men (Olympic)"
11868,8,7,"110 metres Hurdles, Men (Olympic)"
11869,8,7,"400 metres Hurdles, Men (Olympic)"
11870,33,7,"400 metres Hurdles, Men (Olympic)"
11871,33,7,"Triple Jump, Men (Olympic)"
11872,13,7,"400 metres, Men (Olympic)"
11873,37,7,"Decathlon, Men (Olympic)"
11874,26,7,"Decathlon, Men (Olympic)"
11875,36,7,"20 kilometres Race Walk, Men (Olympic)"
11876,3,7,"10,000 metres, Men (Olympic)"
11877,3,7,"Marathon, Men (Olympic)"
11878,3,7,"3,000 metres Steeplechase, Men (Olympic)"
11879,14,7,"1,500 metres, Men (Olympic)"
11880,14,7,"5,000 metres, Men (Olympic)"
11881,14,7,"10,000 metres, Men (Olympic)"
11882,1,7,"400 metres Hurdles, Men (Olympic)"
11883,13,7,"400 metres Hurdles, Men (Olympic)"
11884,37,7,"Long Jump, Men (Olympic)"
11885,3,7,"100 metres, Men (Olympic)"
11886,3,7,"200 metres, Men (Olympic)"
11887,3,7,"400 metres, Men (Olympic)"
11888,47,7,"100 metres, Men (Olympic)"
11889,47,7,"Standing High Jump, Men (Olympic)"
11890,47,7,"Standing Long Jump, Men (Olympic)"
11891,35,7,"3,000 metres Steeplechase, Men (Olympic)"
11892,10,7,"10 kilometres Race Walk, Men (Olympic)"
11893,3,7,"110 metres Hurdles, Men (Olympic)"
11894,3,7,"400 metres Hurdles, Men (Olympic)"
11895,47,7,"3,500 metres Race Walk, Men (Olympic)"
11896,27,7,"110 metres Hurdles, Men (Olympic)"
11897,17,7,"10 kilometres Race Walk, Men (Olympic)"
11898,10,7,"800 metres, Men (Olympic)"
11899,10,7,"1,500 metres, Men (Olympic)"
11900,10,7,"5,000 metres, Men (Olympic)"
11901,33,7,"5,000 metres, Men (Olympic)"
11902,36,7,"3,000 metres Steeplechase, Men (Olympic)"
11903,33,7,"10,000 metres, Men (Olympic)"
11904,34,7,"5,000 metres, Men (Olympic)"
11905,34,7,"10,000 metres, Men (Olympic)"
11906,10,7,"High Jump, Men (Olympic)"
11907,10,7,"Long Jump, Men (Olympic)"
11908,10,7,"Decathlon, Men (Olympic)"
11909,29,7,"5,000 metres, Men (Olympic)"
11910,29,7,"10,000 metres, Men (Olympic)"
11911,26,7,"Triple Jump, Men (Olympic)"
11912,47,7,"800 metres, Men (Olympic)"
11913,27,7,"Triple Jump, Men (Olympic)"
11914,28,7,"Triple Jump, Men (Olympic)"
11915,30,7,"High Jump, Men (Olympic)"
11916,14,7,"10 kilometres Race Walk, Men (Olympic)"
11917,14,7,"Cross-Country, Individual, Men (Olympic)"
11918,47,7,"400 metres, Men (Olympic)"
11919,47,7,"110 metres Hurdles, Men (Olympic)"
11920,47,7,"400 metres Hurdles, Men (Olympic)"
11921,33,7,"Marathon, Men (Olympic)"
11922,3,7,"3,000 metres Race Walk, Men (Olympic)"
11923,3,7,"10 kilometres Race Walk, Men (Olympic)"
11924,38,7,"High Jump, Men (Olympic)"
11925,33,7,"High Jump, Men (Olympic)"
11926,34,7,"High Jump, Men (Olympic)"
11927,14,7,"Marathon, Men (Olympic)"
11928,10,7,"Discus Throw, Men (Olympic)"
11929,29,7,"Discus Throw, Men (Olympic)"
11930,1,7,"Discus Throw, Men (Olympic)"
11931,12,7,"400 metres Hurdles, Men (Olympic)"
11932,4,7,"60 metres, Men (Olympic)"
11933,4,7,"100 metres, Men (Olympic)"
11934,4,7,"200 metres, Men (Olympic)"
11935,4,7,"400 metres, Men (Olympic)"
11936,4,7,"100 metres, Handicap, Men (Olympic (non-medal))"
11937,4,7,Athletics
11938,4,7,"5,000 metres, Team, Men (Olympic)"
11939,37,7,"50 kilometres Race Walk, Men (Olympic)"
11940,34,7,"Shot Put, Men (Olympic)"
11941,34,7,"Discus Throw, Men (Olympic)"
11942,29,7,"Decathlon, Men (Olympic)"
11943,1,7,"Decathlon, Men (Olympic)"
11944,37,7,"20 kilometres Race Walk, Men (Olympic)"
11945,35,7,"400 metres, Men (Olympic)"
11946,38,7,"1,500 metres, Men (Olympic)"
11947,38,7,"Long Jump, Men (Olympic)"
11948,13,7,"3,000 metres Steeplechase, Men (Olympic)"
11949,12,7,"3,000 metres Steeplechase, Men (Olympic)"
11950,13,7,"110 metres Hurdles, Men (Olympic)"
11951,12,7,"110 metres Hurdles, Men (Olympic)"
11952,38,7,"3,000 metres Steeplechase, Men (Olympic)"
11953,35,7,"400 metres Hurdles, Men (Olympic)"
11954,27,7,"1,500 metres, Men (Olympic)"
11955,35,7,"Long Jump, Men (Olympic)"
11956,35,7,"Triple Jump, Men (Olympic)"
11957,30,7,"4 × 100 metres Relay, Women (Olympic)"
11958,30,7,"Javelin Throw, Women (Olympic)"
11959,10,7,"Javelin Throw, Women (Olympic)"
11960,27,7,"High Jump, Women (Olympic)"
11961,28,7,"High Jump, Women (Olympic)"
11962,30,7,"Discus Throw, Women (Olympic)"
11963,34,7,"Discus Throw, Women (Olympic)"
11964,27,7,"Javelin Throw, Women (Olympic)"
11965,28,7,"Javelin Throw, Women (Olympic)"
11966,30,7,"80 metres Hurdles, Women (Olympic)"
11967,37,7,"400 metres, Women (Olympic)"
11968,30,7,"100 metres, Women (Olympic)"
11969,35,7,"Discus Throw, Women (Olympic)"
11970,27,7,"Pentathlon, Women (Olympic)"
11971,10,7,"High Jump, Women (Olympic)"
11972,1,7,"4 × 100 metres Relay, Men (Olympic)"
11973,29,7,"Shot Put, Men (Olympic)"
11974,1,7,"Shot Put, Men (Olympic)"
11975,27,7,"Decathlon, Men (Olympic)"
11976,14,7,"Long Jump, Men (Olympic)"
11977,30,7,"4 × 400 metres Relay, Men (Olympic)"
11978,29,7,"Pole Vault, Men (Olympic)"
11979,14,7,"4 × 100 metres Relay, Men (Olympic)"
11980,14,7,"Triple Jump, Men (Olympic)"
11981,30,7,"3,000 metres Steeplechase, Men (Olympic)"
11982,26,7,"400 metres Hurdles, Men (Olympic)"
11983,30,7,"Pole Vault, Men (Olympic)"
11984,15,7,"Shot Put, Men (Olympic)"
11985,30,7,"Discus Throw, Men (Olympic)"
11986,30,7,"Hammer Throw, Men (Olympic)"
11987,14,7,"Pentathlon, Men (Olympic)"
11988,15,7,"Marathon, Men (Olympic)"
11989,12,7,"100 metres, Men (Olympic)"
11990,28,7,"4 × 100 metres Relay, Men (Olympic)"
11991,27,7,"Javelin Throw, Men (Olympic)"
11992,27,7,"Discus Throw, Men (Olympic)"
11993,28,7,"Discus Throw, Men (Olympic)"
11994,10,7,"Shot Put, Men (Olympic)"
11995,14,7,"Shot Put, Men (Olympic)"
11996,14,7,"Discus Throw, Men (Olympic)"
11997,14,7,"Discus Throw, Both Hands, Men (Olympic)"
11998,14,7,"Decathlon, Men (Olympic)"
11999,30,7,"Decathlon, Men (Olympic)"
12000,34,7,"Hammer Throw, Men (Olympic)"
12001,38,7,"Hammer Throw, Men (Olympic)"
12002,47,7,"Shot Put, Men (Olympic)"
12003,47,7,"Discus Throw, Men (Olympic)"
12004,47,7,"Discus Throw, Greek Style, Men (Olympic)"
12005,14,7,"Hammer Throw, Men (Olympic)"
12006,14,7,"High Jump, Men (Olympic)"
12007,26,7,"Shot Put, Men (Olympic)"
12008,35,7,"Decathlon, Men (Olympic)"
12009,4,7,"1,500 metres, Men (Olympic)"
12010,4,7,"2,500 metres Steeplechase, Men (Olympic)"
12011,4,7,"2,500 metres Steeplechase, Handicap, Men (Olympic (non-medal))"
12012,47,7,"3,200 metres Steeplechase, Men (Olympic)"
12013,10,7,"Triple Jump, Men (Olympic)"
12014,28,7,"Decathlon, Men (Olympic)"
12015,26,7,"4 × 100 metres Relay, Women (Olympic)"
12016,22,7,"Long Jump, Women (Olympic)"
12017,20,7,"Long Jump, Women (Olympic)"
12018,29,7,"Javelin Throw, Women (Olympic)"
12019,20,7,"Javelin Throw, Women (Olympic)"
12020,20,7,"200 metres, Women (Olympic)"
12021,2,7,"100 metres, Women (Olympic)"
12022,2,7,"200 metres, Women (Olympic)"
12023,36,7,"Long Jump, Women (Olympic)"
12024,2,7,"4 × 100 metres Relay, Women (Olympic)"
12025,26,7,"Discus Throw, Men (Olympic)"
12026,22,7,"4 × 400 metres Relay, Men (Olympic)"
12027,27,7,"4 × 100 metres Relay, Men (Olympic)"
12028,28,7,"400 metres, Men (Olympic)"
12029,1,7,"4 × 400 metres Relay, Men (Olympic)"
12030,36,7,"800 metres, Men (Olympic)"
12031,22,7,"100 metres, Men (Olympic)"
12032,34,7,"4 × 400 metres Relay, Men (Olympic)"
12033,22,7,"800 metres, Men (Olympic)"
12034,37,7,"4 × 400 metres Relay, Women (Olympic)"
12035,1,7,"100 metres Hurdles, Women (Olympic)"
12036,13,7,"400 metres Hurdles, Women (Olympic)"
12037,35,7,"4 × 100 metres Relay, Women (Olympic)"
12038,36,7,"High Jump, Women (Olympic)"
12039,35,7,"High Jump, Women (Olympic)"
12040,37,7,"800 metres, Women (Olympic)"
12041,28,7,"Discus Throw, Women (Olympic)"
12042,3,7,"1,500 metres, Men (Olympic)"
12043,3,7,"3,000 metres, Team, Men (Olympic)"
12044,35,7,"4 × 400 metres Relay, Men (Olympic)"
12045,37,7,"4 × 400 metres Relay, Men (Olympic)"
12046,3,7,"4 × 100 metres Relay, Men (Olympic)"
12047,35,7,"Marathon, Men (Olympic)"
12048,38,7,"Pole Vault, Men (Olympic)"
12049,3,7,"4 × 400 metres Relay, Men (Olympic)"
12050,3,7,"Javelin Throw, Men (Olympic)"
12051,3,7,"800 metres, Men (Olympic)"
12052,37,7,"Pole Vault, Men (Olympic)"
12053,17,7,"3,000 metres Steeplechase, Men (Olympic)"
12054,35,7,"Javelin Throw, Men (Olympic)"
12055,10,7,"Hammer Throw, Men (Olympic)"
12056,3,7,"High Jump, Men (Olympic)"
12057,15,7,"High Jump, Men (Olympic)"
12058,15,7,"Pole Vault, Men (Olympic)"
12059,35,7,"Pole Vault, Men (Olympic)"
12060,48,96,"Two, Men (Olympic)"
12061,48,96,"Four, Men (Olympic)"
12062,3,7,"Pole Vault, Men (Olympic)"
12063,3,7,"Decathlon, Men (Olympic)"
12064,28,7,"10,000 metres, Men (Olympic)"
12065,36,7,"High Jump, Men (Olympic)"
12066,12,7,"Long Jump, Men (Olympic)"
12067,3,7,"Cross-Country, Individual, Men (Olympic)"
12068,3,7,"Cross-Country, Team, Men (Olympic)"
12069,34,7,"3,000 metres Steeplechase, Men (Olympic)"
12070,10,7,"3,000 metres Steeplechase, Men (Olympic)"
12071,36,7,"Discus Throw, Men (Olympic)"
12072,3,7,"5,000 metres, Men (Olympic)"
12073,15,7,"Cross-Country, Individual, Men (Olympic)"
12074,15,7,"Cross-Country, Team, Men (Olympic)"
12075,34,7,"Pole Vault, Men (Olympic)"
12076,35,7,Hockey
12077,35,7,"Hockey, Men (Olympic)"
12078,35,7,"Shot Put, Men (Olympic)"
12079,35,7,"Discus Throw, Men (Olympic)"
12080,37,7,"Javelin Throw, Men (Olympic)"
12081,22,7,"4 × 100 metres Relay, Men (Olympic)"
12082,22,7,"Heptathlon, Women (Olympic)"
12083,22,7,"Discus Throw, Women (Olympic)"
12084,20,7,"Discus Throw, Women (Olympic)"
12085,13,7,"100 metres Hurdles, Women (Olympic)"
12086,22,7,"4 × 400 metres Relay, Women (Olympic)"
12087,20,7,"4 × 400 metres Relay, Women (Olympic)"
12088,29,7,"Discus Throw, Women (Olympic)"
12089,12,7,"Hammer Throw, Men (Olympic)"
12090,22,7,"Hammer Throw, Men (Olympic)"
12091,12,7,"Pole Vault, Men (Olympic)"
12092,22,7,"Pole Vault, Men (Olympic)"
12093,22,7,"20 kilometres Race Walk, Men (Olympic)"
12094,14,7,"Standing High Jump, Men (Olympic)"
12095,14,7,"4 × 400 metres Relay, Men (Olympic)"
12096,14,7,"800 metres, Men (Olympic)"
12097,4,7,"110 metres Hurdles, Men (Olympic)"
12098,4,7,"400 metres Hurdles, Men (Olympic)"
12099,4,7,"Standing Triple Jump, Men (Olympic)"
12100,4,7,"800 metres, Men (Olympic)"
12101,54,7,"Javelin Throw, Freestyle, Men (Intercalated)"
12102,47,7,"Javelin Throw, Freestyle, Men (Olympic)"
12103,47,7,Wrestling
12104,47,7,"Light-Heavyweight, Greco-Roman, Men (Olympic)"
12105,37,7,"400 metres Hurdles, Men (Olympic)"
12106,22,7,"Shot Put, Women (Olympic)"
12107,22,7,"800 metres, Women (Olympic)"
12108,37,7,"Pentathlon, Women (Olympic)"
12109,37,7,"4 × 100 metres Relay, Men (Olympic)"
12110,10,7,"Pole Vault, Men (Olympic)"
12111,19,96,"Four, Men (Olympic)"
12112,8,7,"4 × 400 metres Relay, Men (Olympic)"
12113,8,7,"High Jump, Men (Olympic)"
12114,8,7,"Pole Vault, Men (Olympic)"
12115,22,7,"50 kilometres Race Walk, Men (Olympic)"
12116,15,7,"Hammer Throw, Men (Olympic)"
12117,15,7,"3,000 metres Steeplechase, Men (Olympic)"
12118,26,7,"Pole Vault, Men (Olympic)"
12119,8,7,"Javelin Throw, Men (Olympic)"
12120,15,7,"Javelin Throw, Men (Olympic)"
12121,1,7,"Javelin Throw, Men (Olympic)"
12122,38,7,"Shot Put, Women (Olympic)"
12123,27,7,"Shot Put, Women (Olympic)"
12124,28,7,"Shot Put, Women (Olympic)"
12125,36,7,"Shot Put, Women (Olympic)"
12126,29,7,"4 × 100 metres Relay, Women (Olympic)"
12127,12,7,"100 metres Hurdles, Women (Olympic)"
12128,22,7,"100 metres Hurdles, Women (Olympic)"
12129,37,7,"Long Jump, Women (Olympic)"
12130,37,7,"1,500 metres, Women (Olympic)"
12131,37,7,"4 × 100 metres Relay, Women (Olympic)"
12132,34,7,"Shot Put, Women (Olympic)"
12133,38,7,"Discus Throw, Women (Olympic)"
12134,29,7,"Shot Put, Women (Olympic)"
12135,1,7,"Shot Put, Women (Olympic)"
12136,36,7,"Pentathlon, Women (Olympic)"
12137,22,7,"High Jump, Women (Olympic)"
12138,2,7,"High Jump, Women (Olympic)"
12139,36,7,"Discus Throw, Women (Olympic)"
12140,37,7,"Shot Put, Men (Olympic)"
12141,36,7,"Javelin Throw, Men (Olympic)"
12142,37,7,"110 metres Hurdles, Men (Olympic)"
12143,37,7,"Discus Throw, Men (Olympic)"
12144,1,7,"800 metres, Women (Olympic)"
12145,22,7,"10,000 metres, Women (Olympic)"
12146,8,7,"High Jump, Women (Olympic)"
12147,8,7,"4 × 100 metres Relay, Women (Olympic)"
12148,27,7,"800 metres, Women (Olympic)"
12149,8,7,"80 metres Hurdles, Women (Olympic)"
12150,47,7,"Hammer Throw, Men (Olympic)"
12151,26,7,"Javelin Throw, Men (Olympic)"
12152,20,7,"50 kilometres Race Walk, Men (Olympic)"
12153,28,7,"4 × 400 metres Relay, Men (Olympic)"
12154,27,7,"4 × 400 metres Relay, Men (Olympic)"
12155,47,7,"1,600 metres Medley Relay, Men (Olympic)"
12156,3,7,"Hammer Throw, Men (Olympic)"
12157,8,7,"50 kilometres Race Walk, Men (Olympic)"
12158,28,7,"Javelin Throw, Men (Olympic)"
12159,30,7,"Javelin Throw, Men (Olympic)"
12160,45,7,"800 metres, Men (Olympic)"
12161,45,7,"1,500 metres, Men (Olympic)"
12162,45,7,"1 mile, Handicap, Men (Olympic (non-medal))"
12163,45,7,"56-pound Weight Throw, Handicap, Men (Olympic (non-medal))"
12164,29,7,"Javelin Throw, Men (Olympic)"
12165,38,7,"Decathlon, Men (Olympic)"
12166,5,96,"Two, Men (Olympic)"
12167,5,96,"Four, Men (Olympic)"
12168,45,7,"Pole Vault, Men (Olympic)"
12169,45,7,"Pole Vault, Handicap, Men (Olympic (non-medal))"
12170,45,7,"60 metres, Men (Olympic)"
12171,45,7,"100 metres, Men (Olympic)"
12172,45,7,"200 metres, Men (Olympic)"
12173,45,7,"400 metres, Men (Olympic)"
12174,14,7,"110 metres Hurdles, Men (Olympic)"
12175,4,7,"Marathon, Men (Olympic)"
12176,3,7,"56-pound Weight Throw, Men (Olympic)"
12177,3,7,Boxing
12178,3,7,"Heavyweight, Men (Olympic)"
12179,4,7,"200 metres Hurdles, Men (Olympic)"
12180,4,7,"4,000 metres Steeplechase, Men (Olympic)"
12181,4,7,"1,500 metres, Handicap, Men (Olympic (non-medal))"
12182,45,7,"440 yards, Handicap, Men (Olympic (non-medal))"
12183,45,7,"880 yards, Handicap, Men (Olympic (non-medal))"
12184,28,7,"Shot Put, Men (Olympic)"
12185,8,7,"Triple Jump, Men (Olympic)"
12186,27,7,"Shot Put, Men (Olympic)"
12187,12,7,"Shot Put, Men (Olympic)"
12188,22,7,"Shot Put, Men (Olympic)"
12189,22,7,"Long Jump, Men (Olympic)"
12190,22,7,"400 metres, Women (Olympic)"
12191,2,7,"Marathon, Women (Olympic)"
12192,21,7,"Marathon, Women (Olympic)"
12193,38,7,"Javelin Throw, Men (Olympic)"
12194,30,7,"50 kilometres Race Walk, Men (Olympic)"
12195,38,7,"Shot Put, Men (Olympic)"
12196,20,7,"4 × 100 metres Relay, Men (Olympic)"
12197,12,17,"Heavyweight, Women (Olympic)"
12198,22,7,"1,500 metres, Men (Olympic)"
12199,12,7,"Shot Put, Women (Olympic)"
12200,20,7,"Shot Put, Women (Olympic)"
12201,45,7,"Marathon, Men (Olympic)"
12202,22,7,"110 metres Hurdles, Men (Olympic)"
12203,22,7,"Javelin Throw, Men (Olympic)"
12204,22,7,"200 metres, Men (Olympic)"
12205,22,7,"Decathlon, Men (Olympic)"
12206,22,7,"High Jump, Men (Olympic)"
12207,20,7,"High Jump, Men (Olympic)"
12208,14,7,"Cross-Country, Team, Men (Olympic)"
12209,4,7,"800 metres, Handicap, Men (Olympic (non-medal))"
12210,51,114,Athletics
12211,51,114,"Shot Put, Men (Olympic)"
12212,51,114,"Discus Throw, Men (Olympic)"
12213,4,7,Tug-Of-War
12214,4,7,"Tug-Of-War, Men (Olympic)"
12215,20,7,"20 kilometres Race Walk, Men (Olympic)"
12216,27,7,"Hammer Throw, Men (Olympic)"
12217,20,7,"3,000 metres Steeplechase, Women (Olympic)"
12218,2,7,"3,000 metres Steeplechase, Women (Olympic)"
12219,2,7,"20 kilometres Race Walk, Women (Olympic)"
12220,15,7,"3,000 metres, Team, Men (Olympic)"
12221,20,7,"1,500 metres, Men (Olympic)"
12222,2,7,"50 kilometres Race Walk, Men (Olympic)"
12223,21,7,"50 kilometres Race Walk, Men (Olympic)"
12224,52,7,"50 kilometres Race Walk, Men (Olympic)"
12225,20,7,"Shot Put, Men (Olympic)"
12226,17,7,"50 kilometres Race Walk, Men (Olympic)"
12227,3,7,"Pentathlon, Men (Olympic)"
12228,15,7,Weightlifting
12229,15,7,"Heavyweight, Men (Olympic)"
12230,20,7,"Discus Throw, Men (Olympic)"
12231,2,7,"Discus Throw, Men (Olympic)"
12232,20,7,"Marathon, Women (Olympic)"
12233,22,7,"10,000 metres, Men (Olympic)"
12234,20,7,"10,000 metres, Men (Olympic)"
12235,28,7,"20 kilometres Race Walk, Men (Olympic)"
12236,14,7,"Shot Put, Both Hands, Men (Olympic)"
12237,47,7,"Javelin Throw, Men (Olympic)"
12238,14,7,"3,000 metres, Team, Men (Olympic)"
12239,54,7,"Stone Throw, Men (Intercalated)"
12240,17,7,"Pole Vault, Men (Olympic)"
12241,47,7,Artistic Gymnastics (Gymnastics)
12242,47,7,"Team All-Around, Men (Olympic)"
12243,3,7,"Triple Jump, Men (Olympic)"
12244,24,12,"20 kilometres, Men (Olympic)"
12245,14,117,"Pentathlon, Men (Olympic)"
12246,47,7,"3 miles, Team, Men (Olympic)"
12247,3,7,Rugby (Rugby)
12248,3,7,"Rugby, Men (Olympic)"
12249,4,7,"110 metres Hurdles, Handicap, Men (Olympic (non-medal))"
12250,4,7,"400 metres, Handicap, Men (Olympic (non-medal))"
12251,45,7,"4 miles, Team, Men (Olympic)"
12252,35,14,"Painting, Drawings And Water Colors, Open (Olympic)"
12253,35,14,"Painting, Graphic Arts, Open (Olympic)"
12254,4,7,"Long Jump, Men (Olympic)"
12255,4,7,"Triple Jump, Men (Olympic)"
12256,4,7,"Pole Vault, Men (Olympic)"
12257,4,7,Tennis
12258,4,7,"Doubles, Handicap, Men (Olympic (non-medal))"
12259,4,7,"High Jump, Men (Olympic)"
12260,14,7,Wrestling
12261,14,7,"Heavyweight, Greco-Roman, Men (Olympic)"
12262,4,7,"400 metres Hurdles, Handicap, Men (Olympic (non-medal))"
12263,4,7,"Standing Long Jump, Men (Olympic)"
12264,9,96,"Two, Men (Olympic)"
12265,47,7,Tug-Of-War
12266,47,7,"Tug-Of-War, Men (Olympic)"
12267,47,7,"Heavyweight, Greco-Roman, Men (Olympic)"
12268,47,7,"Heavyweight, Freestyle, Men (Olympic)"
12269,14,18,Athletics
12270,14,18,"Shot Put, Men (Olympic)"
12271,14,18,"Discus Throw, Men (Olympic)"
12272,43,96,"Four, Men (Olympic)"
12273,22,7,"3,000 metres Steeplechase, Men (Olympic)"
12274,45,7,"2,590 metres Steeplechase, Men (Olympic)"
12275,51,7,Wrestling
12276,51,7,"Unlimited Class, Greco-Roman, Men (Olympic)"
12277,9,96,"Four, Men (Olympic)"
12278,45,7,"120 yards Hurdles, Men (Olympic (non-medal))"
12279,45,7,"Long Jump, Men (Olympic (non-medal))"
12280,45,7,"Triple Jump, Men (Olympic (non-medal))"
12281,45,7,"Standing Triple Jump, Men (Olympic (non-medal))"
12282,45,7,"Stone Throw, Men (Olympic (non-medal))"
12283,45,7,"All-Around Championship, Men (Olympic)"
12284,45,7,"Hammer Throw, Men (Olympic (non-medal))"
12285,44,113,Ski Jumping (Skiing)
12286,44,113,"Large Hill, Individual, Men (Olympic)"
12287,44,113,Nordic Combined (Skiing)
12288,44,113,"Individual, Men (Olympic)"
12289,22,7,"5,000 metres, Men (Olympic)"
12290,47,7,Tennis
12291,47,7,"Singles, Men (Olympic)"
12292,47,7,"Doubles, Men (Olympic)"
12293,8,7,"Discus Throw, Women (Olympic)"
12294,8,7,"Javelin Throw, Women (Olympic)"
12295,12,7,"400 metres Hurdles, Women (Olympic)"
12296,47,7,"Individual All-Around, Men (Olympic)"
12297,20,7,"Pole Vault, Men (Olympic)"
12298,51,7,"Horse Vault, Men (Olympic)"
12299,51,7,"Parallel Bars, Teams, Men (Olympic)"
12300,51,7,"Horizontal Bar, Men (Olympic)"
12301,51,7,"Horizontal Bar, Teams, Men (Olympic)"
12302,51,7,"Rings, Men (Olympic)"
12303,51,7,"Pommelled Horse, Men (Olympic)"
12304,43,96,"Two, Men (Olympic)"
12305,4,7,"High Jump, Handicap, Men (Olympic (non-medal))"
12306,45,7,"Standing Triple Jump, Men (Olympic)"
12307,20,7,"100 metres, Men (Olympic)"
12308,3,7,Football (Football)
12309,3,7,"Football, Men (Olympic)"
12310,20,7,"Hammer Throw, Men (Olympic)"
12311,2,7,"Hammer Throw, Men (Olympic)"
12312,10,7,Basketball (Basketball)
12313,10,7,"Basketball, Men (Olympic)"
12314,54,7,"1,500 metres Race Walk, Men (Intercalated)"
12315,20,7,"400 metres, Men (Olympic)"
12316,30,7,Basketball (Basketball)
12317,30,7,"Basketball, Men (Olympic)"
12318,14,7,Swimming (Aquatics)
12319,14,7,"100 metres Backstroke, Men (Olympic)"
12320,14,7,"200 metres Breaststroke, Men (Olympic)"
12321,4,7,"Shot Put, Handicap, Men (Olympic (non-medal))"
12322,14,7,Artistic Gymnastics (Gymnastics)
12323,14,7,"Team All-Around, Men (Olympic)"
12324,45,7,"Standing High Jump, Men (Olympic)"
12325,4,7,"Pole Vault, Handicap, Men (Olympic (non-medal))"
12326,4,7,"Long Jump, Handicap, Men (Olympic (non-medal))"
12327,30,14,"Literature, Dramatic Works, Open (Olympic)"
12328,4,7,"Discus Throw, Handicap, Men (Olympic (non-medal))"
12329,22,7,"5,000 metres, Women (Olympic)"
12330,18,96,"Two, Men (Olympic)"
12331,17,7,Basketball (Basketball)
12332,17,7,"Basketball, Men (Olympic)"
12333,14,7,Glíma
12334,14,7,"Glíma, Men (Olympic (non-medal))"
12335,22,7,"400 metres Hurdles, Women (Olympic)"
12336,22,7,"400 metres Hurdles, Men (Olympic)"
12337,48,113,"4 × 10 kilometres Relay, Men (Olympic)"
12338,20,7,"High Jump, Women (Olympic)"
12339,20,7,"800 metres, Women (Olympic)"
12340,20,7,"Long Jump, Men (Olympic)"
12341,4,7,"6-hour race, Professionals, Men (Olympic (non-medal))"
12342,20,7,"200 metres, Men (Olympic)"
12343,54,117,Athletics
12344,54,117,"Pole Vault, Men (Intercalated)"
12345,3,129,"Pairs, Mixed (Olympic)"
12346,46,120,"Military Ski Patrol, Men (Olympic (non-medal))"
12347,31,113,"18 kilometres, Men (Olympic)"
12348,31,113,"4 × 10 kilometres Relay, Men (Olympic)"
12349,32,113,"15 kilometres, Men (Olympic)"
12350,32,113,"30 kilometres, Men (Olympic)"
12351,32,113,"50 kilometres, Men (Olympic)"
12352,32,113,"4 × 10 kilometres Relay, Men (Olympic)"
12353,2,7,"Discus Throw, Women (Olympic)"
12354,45,7,"1 mile, Men (Olympic (non-medal))"
12355,20,7,"Javelin Throw, Men (Olympic)"
12356,2,7,"100 metres, Men (Olympic)"
12357,21,7,"100 metres, Men (Olympic)"
12358,21,7,"4 × 100 metres Relay, Men (Olympic)"
12359,42,96,"Two, Men (Olympic)"
12360,42,96,"Four, Men (Olympic)"
12361,30,7,Art Competitions
12362,30,7,"Literature, Epic Works, Open (Olympic)"
12363,25,96,"Four, Men (Olympic)"
12364,11,96,"Four, Men (Olympic)"
12365,4,7,"Hammer Throw, Men (Olympic)"
12366,15,24,Modern Pentathlon
12367,54,117,"Marathon, Men (Intercalated)"
12368,54,117,"Standing Long Jump, Men (Intercalated)"
12369,54,117,"Discus Throw, Men (Intercalated)"
12370,54,117,"Discus Throw, Greek Style, Men (Intercalated)"
12371,54,117,"Pentathlon (Ancient), Men (Intercalated)"
12372,14,117,"Marathon, Men (Olympic)"
12373,8,14,"Painting, Paintings, Open (Olympic)"
12374,6,96,"Four, Men (Olympic)"
12375,14,7,Baseball (Baseball/Softball)
12376,14,7,"Baseball, Men (Olympic (non-medal))"
12377,45,7,"440 yards, Men (Olympic (non-medal))"
12378,45,7,"880 yards, Men (Olympic (non-medal))"
12379,45,7,"400 metres Hurdles, Men (Olympic)"
12380,45,7,"Long Jump, Handicap, Men (Olympic (non-medal))"
12381,4,7,"Standing High Jump, Men (Olympic)"
12382,45,7,"Standing Long Jump, Men (Olympic)"
12383,45,7,"100 yards, Men (Olympic (non-medal))"
12384,45,7,"2 miles, Men (Olympic (non-medal))"
12385,8,14,"Literature, Open (Olympic)"
12386,45,7,"5 miles, Boys (Olympic (non-medal))"
12387,45,7,"220 yards, Men (Olympic (non-medal))"
12388,45,7,"120 yards Hurdles, Boys (Olympic (non-medal))"
12389,45,7,"200 metres Hurdles, Men (Olympic)"
12390,45,7,"1 mile, Boys (Olympic (non-medal))"
12391,45,7,"Shot Put, Men (Olympic (non-medal))"
12392,4,7,"Special Scratch Pole Vault #2, Men (Olympic (non-medal))"
12393,45,7,Artistic Gymnastics (Gymnastics)
12394,45,7,"Individual All-Around, Men (Olympic)"
12395,45,7,"Individual All-Around, Field Sports, Men (Olympic)"
12396,45,7,"Individual All-Around, Apparatus Work, Men (Olympic)"
12397,45,7,"60 yards, Handicap, Men (Olympic (non-medal))"
12398,45,7,"1 mile, Team, Handicap, Men (Olympic (non-medal))"
12399,45,7,"2 miles, Handicap, Men (Olympic (non-medal))"
12400,45,7,"5 miles, Men (Olympic (non-medal))"
12401,45,7,"Team All-Around, Men (Olympic)"
12402,45,7,"220 yards, Handicap, Men (Olympic (non-medal))"
12403,45,7,"100 yards, Boys (Olympic (non-medal))"
12404,45,7,"220 yards Hurdles, Men (Olympic (non-medal))"
12405,45,7,"Pole Vault, Boys (Olympic (non-medal))"
12406,45,7,"Pole Vault, Men (Olympic (non-medal))"
12407,45,7,"880 yards, Boys (Olympic (non-medal))"
12408,2,7,"High Jump, Men (Olympic)"
12409,54,7,Wrestling
12410,54,7,"Heavyweight, Greco-Roman, Men (Intercalated)"
12411,54,7,"Middleweight, Greco-Roman, Men (Intercalated)"
12412,54,7,"3,000 metres Race Walk, Men (Intercalated)"
12413,54,7,"Unlimited, One Hand, Men (Intercalated)"
12414,15,14,"Sculpturing, Open (Olympic)"
12415,54,7,Shooting
12416,54,7,"Military Rifle, Kneeling Or Standing, 300 metres, Men (Intercalated)"
12417,54,117,Swimming (Aquatics)
12418,54,117,"100 metres Freestyle, Men (Intercalated)"
12419,54,117,"400 metres Freestyle, Men (Intercalated)"
12420,54,117,"1 mile Freestyle, Men (Intercalated)"
12421,54,4,Wrestling
12422,54,4,"Heavyweight, Greco-Roman, Men (Intercalated)"
12423,54,4,"Middleweight, Greco-Roman, Men (Intercalated)"
12424,54,4,Weightlifting
12425,54,4,"Unlimited, One Hand, Men (Intercalated)"
12426,54,4,"Unlimited, Two Hands, Men (Intercalated)"
12427,54,18,Cycling Track (Cycling)
12428,54,18,"Sprint, Men (Intercalated)"
12429,54,18,"20 kilometres, Men (Intercalated)"
12430,54,32,"Singles, Women (Intercalated)"
12431,54,111,Tennis
12432,54,111,"Singles, Men (Intercalated)"
12433,54,111,"Doubles, Men (Intercalated)"
12434,4,117,"26th Federal Festival, Society and Association Contests, Non-Simultaneous, Olympic Championships, Individual, Men (Olympic (non-medal))"
12435,54,4,"Discus Throw, Men (Intercalated)"
12436,54,4,"Discus Throw, Greek Style, Men (Intercalated)"
12437,54,117,Wrestling
12438,54,117,"Lightweight, Greco-Roman, Men (Intercalated)"
12439,54,22,"6-Man Naval Rowing Boats, Men (Intercalated)"
12440,54,117,"100 metres, Men (Intercalated)"
12441,54,117,Cycling Track (Cycling)
12442,54,117,"Tandem Sprint, 2,000 metres, Men (Intercalated)"
12443,54,24,Rowing
12444,54,24,"Coxed Fours, Men (Intercalated)"
12445,54,111,Rowing
12446,54,111,"6-Man Naval Rowing Boats, Men (Intercalated)"
12447,54,111,Athletics
12448,54,111,"100 metres, Men (Intercalated)"
12449,54,117,Rowing
12450,54,117,"Coxed Fours, Men (Intercalated)"
12451,54,22,Shooting
12452,54,22,"Free Pistol, 25 metres, Men (Intercalated)"
12453,54,22,"Free Pistol, 50 metres, Men (Intercalated)"
12454,54,22,"Military Revolver, 1873-1874 Gras Model, 20 metres, Men (Intercalated)"
12455,54,22,"Military Revolver, 20 metres, Men (Intercalated)"
12456,54,22,Rowing
12457,54,32,Athletics
12458,54,32,"High Jump, Men (Intercalated)"
12459,4,65,"Two-Man Teams With Cesta, Men (Olympic)"
12460,4,117,"Festival for Societies of the Seine, Olympic Competition, Individual, Men (Olympic (non-medal))"
12461,54,111,"Coxed Fours, Men (Intercalated)"
12462,54,111,Fencing
12463,54,111,"Foil, Individual, Men (Olympic)"
12464,52,37,"Individual, Women (Olympic)"
12465,52,37,"Team, Women (Olympic)"
12466,21,37,"Individual, Women (Olympic)"
12467,21,37,"Team, Women (Olympic)"
12468,5,19,"Singles, Women (Olympic)"
12469,6,19,"Singles, Women (Olympic)"
12470,7,19,"Singles, Women (Olympic)"
12471,18,19,"Singles, Women (Olympic)"
12472,9,19,"Singles, Women (Olympic)"
12473,19,19,"Singles, Women (Olympic)"
12474,31,119,"Slalom, Women (Olympic)"
12475,5,113,"5 kilometres, Women (Olympic)"
12476,5,113,"10 kilometres, Women (Olympic)"
12477,5,113,"20 kilometres, Women (Olympic)"
12478,7,129,"Singles, Women (Olympic)"
12479,7,119,"Slalom, Women (Olympic)"
12480,18,119,"Slalom, Women (Olympic)"
12481,24,113,"5 kilometres, Women (Olympic)"
12482,40,113,"5 kilometres, Women (Olympic)"
12483,40,113,"3 × 5 kilometres Relay, Women (Olympic)"
12484,6,12,"7.5 kilometres Sprint, Women (Olympic)"
12485,6,12,"15 kilometres, Women (Olympic)"
12486,6,12,"3 × 7.5 kilometres Relay, Women (Olympic)"
12487,7,12,"7.5 kilometres Sprint, Women (Olympic)"
12488,7,12,"15 kilometres, Women (Olympic)"
12489,7,12,"4 × 7.5 kilometres Relay, Women (Olympic)"
12490,18,12,"7.5 kilometres Sprint, Women (Olympic)"
12491,18,12,"15 kilometres, Women (Olympic)"
12492,18,12,"4 × 7.5 kilometres Relay, Women (Olympic)"
12493,48,129,"Singles, Women (Olympic)"
12494,7,110,"1,500 metres, Women (Olympic)"
12495,24,119,"Downhill, Women (Olympic)"
12496,24,119,"Giant Slalom, Women (Olympic)"
12497,31,119,"Downhill, Women (Olympic)"
12498,31,119,"Giant Slalom, Women (Olympic)"
12499,32,119,"Downhill, Women (Olympic)"
12500,32,119,"Giant Slalom, Women (Olympic)"
12501,32,119,"Slalom, Women (Olympic)"
12502,42,113,"5 kilometres, Women (Olympic)"
12503,6,113,"5 kilometres, Women (Olympic)"
12504,6,113,"30 kilometres, Women (Olympic)"
12505,6,113,"5/10 kilometres Pursuit, Women (Olympic)"
12506,6,113,"4 × 5 kilometres Relay, Women (Olympic)"
12507,7,113,"15 kilometres, Women (Olympic)"
12508,7,113,"30 kilometres, Women (Olympic)"
12509,7,113,"4 × 5 kilometres Relay, Women (Olympic)"
12510,18,113,"5 kilometres, Women (Olympic)"
12511,18,113,"30 kilometres, Women (Olympic)"
12512,18,113,"5/10 kilometres Pursuit, Women (Olympic)"
12513,18,113,"4 × 5 kilometres Relay, Women (Olympic)"
12514,9,113,"15 kilometres, Women (Olympic)"
12515,9,113,"5/5 kilometres Pursuit, Women (Olympic)"
12516,9,113,"4 × 5 kilometres Relay, Women (Olympic)"
12517,11,110,"1,000 metres, Women (Olympic)"
12518,11,110,"1,500 metres, Women (Olympic)"
12519,11,110,"3,000 metres, Women (Olympic)"
12520,31,113,"10 kilometres, Women (Olympic)"
12521,31,129,"Singles, Women (Olympic)"
12522,32,129,"Singles, Women (Olympic)"
12523,6,113,"15 kilometres, Women (Olympic)"
12524,6,130,"3,000 metres Relay, Women (Olympic)"
12525,11,129,"Singles, Women (Olympic)"
12526,42,113,"3 × 5 kilometres Relay, Women (Olympic)"
12527,40,119,"Giant Slalom, Women (Olympic)"
12528,40,119,"Slalom, Women (Olympic)"
12529,43,129,"Singles, Women (Olympic)"
12530,6,119,"Giant Slalom, Women (Olympic)"
12531,6,119,"Slalom, Women (Olympic)"
12532,24,19,"Singles, Women (Olympic)"
12533,24,110,"1,500 metres, Women (Olympic)"
12534,50,129,"Singles, Women (Olympic)"
12535,23,119,"Giant Slalom, Women (Olympic)"
12536,23,119,"Slalom, Women (Olympic)"
12537,5,119,"Giant Slalom, Women (Olympic)"
12538,5,119,"Slalom, Women (Olympic)"
12539,7,119,"Giant Slalom, Women (Olympic)"
12540,11,113,"10 kilometres, Women (Olympic)"
12541,11,113,"4 × 5 kilometres Relay, Women (Olympic)"
12542,25,113,"5 kilometres, Women (Olympic)"
12543,25,113,"10 kilometres, Women (Olympic)"
12544,25,113,"20 kilometres, Women (Olympic)"
12545,25,113,"4 × 5 kilometres Relay, Women (Olympic)"
12546,18,129,"Singles, Women (Olympic)"
12547,9,12,"7.5 kilometres Sprint, Women (Olympic)"
12548,9,12,"10 kilometres Pursuit, Women (Olympic)"
12549,9,12,"15 kilometres, Women (Olympic)"
12550,9,12,"4 × 7.5 kilometres Relay, Women (Olympic)"
12551,19,12,"15 kilometres, Women (Olympic)"
12552,19,12,"4 × 6 kilometres Relay, Women (Olympic)"
12553,25,119,"Giant Slalom, Women (Olympic)"
12554,25,119,"Slalom, Women (Olympic)"
12555,5,113,"4 × 5 kilometres Relay, Women (Olympic)"
12556,24,119,"Slalom, Women (Olympic)"
12557,40,119,"Downhill, Women (Olympic)"
12558,5,129,"Ice Dancing, Mixed (Olympic)"
12559,7,110,"500 metres, Women (Olympic)"
12560,7,110,"1,000 metres, Women (Olympic)"
12561,7,110,"3,000 metres, Women (Olympic)"
12562,7,110,"5,000 metres, Women (Olympic)"
12563,18,110,"1,500 metres, Women (Olympic)"
12564,18,110,"3,000 metres, Women (Olympic)"
12565,7,113,"5 kilometres, Women (Olympic)"
12566,7,113,"5/10 kilometres Pursuit, Women (Olympic)"
12567,18,113,"15 kilometres, Women (Olympic)"
12568,43,110,"1,000 metres, Women (Olympic)"
12569,43,110,"1,500 metres, Women (Olympic)"
12570,43,110,"3,000 metres, Women (Olympic)"
12571,11,119,"Downhill, Women (Olympic)"
12572,11,119,"Giant Slalom, Women (Olympic)"
12573,42,110,"3,000 metres, Women (Olympic)"
12574,11,119,"Slalom, Women (Olympic)"
12575,25,119,"Downhill, Women (Olympic)"
12576,5,119,"Super G, Women (Olympic)"
12577,32,113,"10 kilometres, Women (Olympic)"
12578,32,129,"Pairs, Mixed (Olympic)"
12579,23,110,"500 metres, Women (Olympic)"
12580,23,110,"1,000 metres, Women (Olympic)"
12581,23,110,"1,500 metres, Women (Olympic)"
12582,23,110,"3,000 metres, Women (Olympic)"
12583,24,110,"500 metres, Women (Olympic)"
12584,24,110,"1,000 metres, Women (Olympic)"
12585,24,110,"3,000 metres, Women (Olympic)"
12586,40,110,"1,000 metres, Women (Olympic)"
12587,40,110,"1,500 metres, Women (Olympic)"
12588,40,110,"3,000 metres, Women (Olympic)"
12589,43,119,"Downhill, Women (Olympic)"
12590,43,119,"Giant Slalom, Women (Olympic)"
12591,43,119,"Slalom, Women (Olympic)"
12592,6,110,"500 metres, Women (Olympic)"
12593,6,110,"1,000 metres, Women (Olympic)"
12594,18,110,"500 metres, Women (Olympic)"
12595,18,110,"1,000 metres, Women (Olympic)"
12596,9,110,"500 metres, Women (Olympic)"
12597,9,110,"1,000 metres, Women (Olympic)"
12598,11,19,"Singles, Women (Olympic)"
12599,25,19,"Singles, Women (Olympic)"
12600,40,113,"10 kilometres, Women (Olympic)"
12601,42,113,"10 kilometres, Women (Olympic)"
12602,48,119,"Downhill, Women (Olympic)"
12603,48,119,"Slalom, Women (Olympic)"
12604,48,119,"Combined, Women (Olympic)"
12605,40,19,"Singles, Women (Olympic)"
12606,42,19,"Singles, Women (Olympic)"
12607,43,110,"500 metres, Women (Olympic)"
12608,25,129,"Pairs, Mixed (Olympic)"
12609,43,129,"Pairs, Mixed (Olympic)"
12610,11,129,"Pairs, Mixed (Olympic)"
12611,5,110,"500 metres, Women (Olympic)"
12612,5,110,"1,000 metres, Women (Olympic)"
12613,5,110,"1,500 metres, Women (Olympic)"
12614,5,110,"3,000 metres, Women (Olympic)"
12615,25,129,"Singles, Women (Olympic)"
12616,9,110,"1,500 metres, Women (Olympic)"
12617,24,110,"5,000 metres, Men (Olympic)"
12618,9,119,"Slalom, Women (Olympic)"
12619,50,129,"Pairs, Mixed (Olympic)"
12620,24,113,"10 kilometres, Women (Olympic)"
12621,24,113,"3 × 5 kilometres Relay, Women (Olympic)"
12622,7,130,"500 metres, Women (Olympic)"
12623,7,130,"3,000 metres Relay, Women (Olympic)"
12624,18,130,"500 metres, Women (Olympic)"
12625,6,129,"Pairs, Mixed (Olympic)"
12626,42,129,"Singles, Women (Olympic)"
12627,11,113,"5 kilometres, Women (Olympic)"
12628,32,113,"3 × 5 kilometres Relay, Women (Olympic)"
12629,23,113,"10 kilometres, Women (Olympic)"
12630,23,113,"3 × 5 kilometres Relay, Women (Olympic)"
12631,11,129,"Ice Dancing, Mixed (Olympic)"
12632,25,129,"Ice Dancing, Mixed (Olympic)"
12633,46,129,"Singles, Women (Olympic)"
12634,46,129,"Pairs, Mixed (Olympic)"
12635,48,129,"Pairs, Mixed (Olympic)"
12636,5,130,"500 metres, Women (Olympic (non-medal))"
12637,5,130,"1,000 metres, Women (Olympic (non-medal))"
12638,5,130,"1,500 metres, Women (Olympic (non-medal))"
12639,5,130,"3,000 m, Women (Olympic (non-medal))"
12640,7,130,"1,000 metres, Women (Olympic)"
12641,23,129,"Singles, Women (Olympic)"
12642,43,129,"Ice Dancing, Mixed (Olympic)"
12643,6,131,"Moguls, Women (Olympic)"
12644,7,131,"Moguls, Women (Olympic)"
12645,18,131,"Moguls, Women (Olympic)"
12646,9,131,"Moguls, Women (Olympic)"
12647,43,113,"10 kilometres, Women (Olympic)"
12648,43,113,"4 × 5 kilometres Relay, Women (Olympic)"
12649,6,110,"1,500 metres, Women (Olympic)"
12650,6,110,"3,000 metres, Women (Olympic)"
12651,6,110,"5,000 metres, Women (Olympic)"
12652,42,119,"Downhill, Women (Olympic)"
12653,42,119,"Giant Slalom, Women (Olympic)"
12654,42,119,"Slalom, Women (Olympic)"
12655,50,119,"Combined, Women (Olympic)"
12656,5,110,"5,000 metres, Women (Olympic)"
12657,18,110,"5,000 metres, Women (Olympic)"
12658,43,19,"Singles, Women (Olympic)"
12659,9,113,"10 kilometres, Women (Olympic)"
12660,9,113,"30 kilometres, Women (Olympic)"
12661,23,129,"Pairs, Mixed (Olympic)"
12662,24,129,"Pairs, Mixed (Olympic)"
12663,40,129,"Pairs, Mixed (Olympic)"
12664,7,129,"Pairs, Mixed (Olympic)"
12665,49,129,"Singles, Women (Olympic)"
12666,5,129,"Pairs, Mixed (Olympic)"
12667,18,129,"Pairs, Mixed (Olympic)"
12668,9,129,"Pairs, Mixed (Olympic)"
12669,40,110,"500 metres, Women (Olympic)"
12670,42,110,"500 metres, Women (Olympic)"
12671,42,110,"1,000 metres, Women (Olympic)"
12672,42,110,"1,500 metres, Women (Olympic)"
12673,6,119,"Super G, Women (Olympic)"
12674,6,119,"Combined, Women (Olympic)"
12675,7,129,"Ice Dancing, Mixed (Olympic)"
12676,23,119,"Downhill, Women (Olympic)"
12677,42,129,"Pairs, Mixed (Olympic)"
12678,5,119,"Combined, Women (Olympic)"
12679,25,110,"500 metres, Women (Olympic)"
12680,3,129,"Singles, Women (Olympic)"
12681,44,129,"Singles, Women (Olympic)"
12682,44,129,"Pairs, Mixed (Olympic)"
12683,18,119,"Giant Slalom, Women (Olympic)"
12684,6,129,"Singles, Women (Olympic)"
12685,25,110,"1,000 metres, Women (Olympic)"
12686,5,119,"Downhill, Women (Olympic)"
12687,18,119,"Super G, Women (Olympic)"
12688,11,110,"500 metres, Women (Olympic)"
12689,18,130,"3,000 metres Relay, Women (Olympic)"
12690,18,129,"Ice Dancing, Mixed (Olympic)"
12691,9,129,"Ice Dancing, Mixed (Olympic)"
12692,6,119,"Downhill, Women (Olympic)"
12693,7,119,"Super G, Women (Olympic)"
12694,7,119,"Downhill, Women (Olympic)"
12695,19,110,"500 metres, Women (Olympic)"
12696,19,110,"1,000 metres, Women (Olympic)"
12697,6,12,Cross Country Skiing (Skiing)
12698,6,12,"5 kilometres, Women (Olympic)"
12699,6,12,"5/10 kilometres Pursuit, Women (Olympic)"
12700,6,131,"Aerials, Women (Olympic (non-medal))"
12701,7,131,"Aerials, Women (Olympic)"
12702,18,131,"Aerials, Women (Olympic)"
12703,5,129,"Singles, Women (Olympic)"
12704,6,129,"Ice Dancing, Mixed (Olympic)"
12705,24,129,"Singles, Women (Olympic)"
12706,25,110,"1,500 metres, Women (Olympic)"
12707,7,119,"Combined, Women (Olympic)"
12708,18,119,"Downhill, Women (Olympic)"
12709,18,119,"Combined, Women (Olympic)"
12710,6,130,"500 metres, Women (Olympic)"
12711,18,130,"1,000 metres, Women (Olympic)"
12712,9,130,"3,000 metres Relay, Women (Olympic)"
12713,5,130,"3,000 metres Relay, Women (Olympic (non-medal))"
12714,40,129,"Singles, Women (Olympic)"
12715,43,113,"5 kilometres, Women (Olympic)"
12716,9,130,"500 metres, Women (Olympic)"
12717,49,129,"Pairs, Mixed (Olympic)"
12718,19,131,"Aerials, Women (Olympic)"
12719,39,131,"Aerials, Women (Olympic)"
12720,6,131,"Ballet, Women (Olympic (non-medal))"
12721,31,129,"Pairs, Mixed (Olympic)"
12722,19,12,"7.5 kilometres Sprint, Women (Olympic)"
12723,19,12,"10 kilometres Pursuit, Women (Olympic)"
12724,19,12,"12.5 kilometres Mass Start, Women (Olympic)"
12725,25,110,"3,000 metres, Women (Olympic)"
12726,9,119,"Giant Slalom, Women (Olympic)"
12727,19,129,"Ice Dancing, Mixed (Olympic)"
12728,19,131,"Moguls, Women (Olympic)"
12729,19,96,"Two, Women (Olympic)"
12730,9,119,"Super G, Women (Olympic)"
12731,9,119,"Combined, Women (Olympic)"
12732,19,119,"Super G, Women (Olympic)"
12733,19,119,"Giant Slalom, Women (Olympic)"
12734,19,119,"Slalom, Women (Olympic)"
12735,19,119,"Combined, Women (Olympic)"
12736,9,131,"Aerials, Women (Olympic)"
12737,6,132,"Individual, Women (Olympic (non-medal))"
12738,9,113,"Sprint, Women (Olympic)"
12739,9,119,"Downhill, Women (Olympic)"
12740,19,12,Cross Country Skiing (Skiing)
12741,19,12,"Sprint, Women (Olympic)"
12742,47,129,"Singles, Women (Olympic)"
12743,39,131,"Ski Cross, Women (Olympic)"
12744,19,119,"Downhill, Women (Olympic)"
12745,6,12,"30 kilometres, Women (Olympic)"
12746,13,94,"Sprint, Women (Olympic)"
12747,5,131,"Moguls, Women (Olympic (non-medal))"
12748,9,129,"Singles, Women (Olympic)"
12749,47,129,"Pairs, Mixed (Olympic)"
12750,19,129,"Pairs, Mixed (Olympic)"
12751,39,12,"7.5 kilometres Sprint, Women (Olympic)"
12752,39,12,"10 kilometres Pursuit, Women (Olympic)"
12753,39,12,"15 kilometres, Women (Olympic)"
12754,39,12,"4 × 6 kilometres Relay, Women (Olympic)"
12755,5,131,"Aerials, Women (Olympic (non-medal))"
12756,5,131,"Ballet, Women (Olympic (non-medal))"
12757,19,113,"30 kilometres, Women (Olympic)"
12758,19,113,"15 kilometres Skiathlon, Women (Olympic)"
12759,19,113,"4 × 5 kilometres Relay, Women (Olympic)"
12760,19,129,"Singles, Women (Olympic)"
12761,19,113,"10 kilometres, Women (Olympic)"
12762,39,110,"500 metres, Women (Olympic)"
12763,39,110,"1,000 metres, Women (Olympic)"
12764,39,19,"Singles, Women (Olympic)"
12765,40,129,"Ice Dancing, Mixed (Olympic (non-medal))"
12766,19,113,"Team Sprint, Women (Olympic)"
12767,16,110,"1,500 metres, Women (Olympic)"
12768,16,110,"3,000 metres, Women (Olympic)"
12769,16,110,"5,000 metres, Women (Olympic)"
12770,57,110,"3,000 metres, Women (Olympic)"
12771,57,110,"5,000 metres, Women (Olympic)"
12772,57,110,"Mass Start, Women (Olympic)"
12773,57,110,"Team Pursuit (6 laps), Women (Olympic)"
12774,58,110,"3,000 metres, Women (Olympic)"
12775,58,110,"Mass Start, Women (Olympic)"
12776,9,130,"1,500 metres, Women (Olympic)"
12777,16,131,"Ski Cross, Women (Olympic)"
12778,9,130,"1,000 metres, Women (Olympic)"
12779,19,130,"500 metres, Women (Olympic)"
12780,19,130,"1,000 metres, Women (Olympic)"
12781,19,130,"1,500 metres, Women (Olympic)"
12782,39,130,"500 metres, Women (Olympic)"
12783,39,130,"1,000 metres, Women (Olympic)"
12784,39,130,"1,500 metres, Women (Olympic)"
12785,39,119,"Giant Slalom, Women (Olympic)"
12786,39,131,"Moguls, Women (Olympic)"
12787,39,113,"10 kilometres, Women (Olympic)"
12788,39,113,"30 kilometres, Women (Olympic)"
12789,39,113,"15 kilometres Skiathlon, Women (Olympic)"
12790,19,110,"1,500 metres, Women (Olympic)"
12791,39,110,"1,500 metres, Women (Olympic)"
12792,39,110,"Team Pursuit (6 laps), Women (Olympic)"
12793,16,110,"Team Pursuit (6 laps), Women (Olympic)"
12794,2,7,"Shot Put, Women (Olympic)"
12795,20,7,"4 × 100 metres Relay, Women (Olympic)"
12796,20,7,"4 × 400 metres Relay, Men (Olympic)"
12797,22,10,"Singles, Men (Olympic)"
12798,2,10,"Singles, Men (Olympic)"
12799,20,10,"Singles, Women (Olympic)"
12800,2,10,"Singles, Women (Olympic)"
12801,20,10,"Doubles, Women (Olympic)"
12802,2,10,"Doubles, Men (Olympic)"
12803,2,93,"Basketball, Women (Olympic)"
12804,21,93,"Basketball, Women (Olympic)"
12805,39,113,"4 × 5 kilometres Relay, Women (Olympic)"
12806,39,113,"Sprint, Women (Olympic)"
12807,18,12,Cross Country Skiing (Skiing)
12808,18,12,"4 × 5 kilometres Relay, Women (Olympic)"
12809,19,130,"3,000 metres Relay, Women (Olympic)"
12810,24,129,"Singles, Men (Olympic)"
12811,40,129,"Singles, Men (Olympic)"
12812,5,121,"Team, Men (Olympic)"
12813,5,121,"Individual, Men (Olympic)"
12814,6,121,"Individual, Men (Olympic)"
12815,7,121,"Team, Men (Olympic)"
12816,7,121,"Individual, Men (Olympic)"
12817,31,115,"Ice Hockey, Men (Olympic)"
12818,43,121,"Individual, Men (Olympic)"
12819,11,121,"Individual, Men (Olympic)"
12820,11,12,"10 kilometres Sprint, Men (Olympic)"
12821,11,12,"20 kilometres, Men (Olympic)"
12822,11,12,"4 × 7.5 kilometres Relay, Men (Olympic)"
12823,6,119,"Giant Slalom, Men (Olympic)"
12824,6,119,"Slalom, Men (Olympic)"
12825,11,115,"Ice Hockey, Men (Olympic)"
12826,25,115,"Ice Hockey, Men (Olympic)"
12827,46,115,"Ice Hockey, Men (Olympic)"
12828,42,115,"Ice Hockey, Men (Olympic)"
12829,7,119,"Slalom, Men (Olympic)"
12830,18,119,"Slalom, Men (Olympic)"
12831,7,115,"Ice Hockey, Men (Olympic)"
12832,6,110,"500 metres, Men (Olympic)"
12833,6,110,"1,000 metres, Men (Olympic)"
12834,18,110,"500 metres, Men (Olympic)"
12835,18,110,"1,000 metres, Men (Olympic)"
12836,9,110,"500 metres, Men (Olympic)"
12837,9,110,"1,000 metres, Men (Olympic)"
12838,5,119,"Slalom, Men (Olympic)"
12839,5,119,"Combined, Men (Olympic)"
12840,6,119,"Downhill, Men (Olympic)"
12841,6,119,"Super G, Men (Olympic)"
12842,6,119,"Combined, Men (Olympic)"
12843,7,119,"Super G, Men (Olympic)"
12844,7,119,"Giant Slalom, Men (Olympic)"
12845,7,119,"Combined, Men (Olympic)"
12846,18,119,"Super G, Men (Olympic)"
12847,18,119,"Giant Slalom, Men (Olympic)"
12848,18,119,"Combined, Men (Olympic)"
12849,9,119,"Super G, Men (Olympic)"
12850,9,119,"Combined, Men (Olympic)"
12851,23,115,"Ice Hockey, Men (Olympic)"
12852,49,133,"Large Hill, Individual, Men (Olympic)"
12853,50,133,"Large Hill, Individual, Men (Olympic)"
12854,5,115,"Ice Hockey, Men (Olympic)"
12855,6,115,"Ice Hockey, Men (Olympic)"
12856,21,37,"Individual, Men (Olympic)"
12857,20,7,"400 metres, Women (Olympic)"
12858,20,7,"5,000 metres, Men (Olympic)"
12859,20,7,"1,500 metres, Women (Olympic)"
12860,2,7,"5,000 metres, Men (Olympic)"
12861,16,96,"Two, Women (Olympic)"
12862,21,7,"4 × 400 metres Relay, Women (Olympic)"
12863,2,7,"400 metres, Men (Olympic)"
12864,2,7,"4 × 400 metres Relay, Men (Olympic)"
12865,21,7,"400 metres, Men (Olympic)"
12866,21,7,"4 × 400 metres Relay, Men (Olympic)"
12867,2,7,"4 × 400 metres Relay, Women (Olympic)"
12868,2,7,"Shot Put, Men (Olympic)"
12869,20,7,"Hammer Throw, Women (Olympic)"
12870,21,7,"Hammer Throw, Men (Olympic)"
12871,52,7,"Hammer Throw, Men (Olympic)"
12872,2,7,"Long Jump, Women (Olympic)"
12873,21,7,"10,000 metres, Women (Olympic)"
12874,21,7,"High Jump, Women (Olympic)"
12875,2,7,"Triple Jump, Women (Olympic)"
12876,21,7,"Discus Throw, Men (Olympic)"
12877,2,7,"Long Jump, Men (Olympic)"
12878,2,7,"Hammer Throw, Women (Olympic)"
12879,5,110,"500 metres, Men (Olympic)"
12880,5,110,"1,000 metres, Men (Olympic)"
12881,5,110,"1,500 metres, Men (Olympic)"
12882,6,110,"1,500 metres, Men (Olympic)"
12883,7,110,"500 metres, Men (Olympic)"
12884,7,110,"1,000 metres, Men (Olympic)"
12885,7,110,"1,500 metres, Men (Olympic)"
12886,18,110,"1,500 metres, Men (Olympic)"
12887,43,119,"Giant Slalom, Men (Olympic)"
12888,43,119,"Slalom, Men (Olympic)"
12889,11,119,"Giant Slalom, Men (Olympic)"
12890,44,121,"Individual, Men (Olympic)"
12891,25,12,"10 kilometres Sprint, Men (Olympic)"
12892,25,12,"20 kilometres, Men (Olympic)"
12893,25,12,"4 × 7.5 kilometres Relay, Men (Olympic)"
12894,43,12,"20 kilometres, Men (Olympic)"
12895,43,12,"4 × 7.5 kilometres Relay, Men (Olympic)"
12896,40,119,"Slalom, Men (Olympic)"
12897,24,119,"Downhill, Men (Olympic)"
12898,24,119,"Giant Slalom, Men (Olympic)"
12899,24,119,"Slalom, Men (Olympic)"
12900,32,115,"Ice Hockey, Men (Olympic)"
12901,24,115,"Ice Hockey, Men (Olympic)"
12902,49,113,"18 kilometres, Men (Olympic)"
12903,49,113,"50 kilometres, Men (Olympic)"
12904,23,12,"20 kilometres, Men (Olympic)"
12905,25,121,"Individual, Men (Olympic)"
12906,43,115,"Ice Hockey, Men (Olympic)"
12907,7,133,"Normal Hill, Individual, Men (Olympic)"
12908,7,133,"Large Hill, Individual, Men (Olympic)"
12909,7,133,"Large Hill, Team, Men (Olympic)"
12910,18,133,"Normal Hill, Individual, Men (Olympic)"
12911,18,133,"Large Hill, Individual, Men (Olympic)"
12912,18,133,"Large Hill, Team, Men (Olympic)"
12913,9,133,"Normal Hill, Individual, Men (Olympic)"
12914,9,133,"Large Hill, Individual, Men (Olympic)"
12915,9,133,"Large Hill, Team, Men (Olympic)"
12916,19,133,"Normal Hill, Individual, Men (Olympic)"
12917,19,133,"Large Hill, Individual, Men (Olympic)"
12918,19,133,"Large Hill, Team, Men (Olympic)"
12919,39,133,"Normal Hill, Individual, Men (Olympic)"
12920,39,133,"Large Hill, Individual, Men (Olympic)"
12921,16,133,"Normal Hill, Individual, Men (Olympic)"
12922,16,133,"Large Hill, Individual, Men (Olympic)"
12923,16,133,"Large Hill, Team, Men (Olympic)"
12924,57,133,"Normal Hill, Individual, Men (Olympic)"
12925,57,133,"Large Hill, Individual, Men (Olympic)"
12926,57,133,"Large Hill, Team, Men (Olympic)"
12927,24,133,"Normal Hill, Individual, Men (Olympic)"
12928,24,133,"Large Hill, Individual, Men (Olympic)"
12929,40,133,"Normal Hill, Individual, Men (Olympic)"
12930,40,133,"Large Hill, Individual, Men (Olympic)"
12931,25,119,"Giant Slalom, Men (Olympic)"
12932,25,119,"Slalom, Men (Olympic)"
12933,5,119,"Giant Slalom, Men (Olympic)"
12934,11,133,"Normal Hill, Individual, Men (Olympic)"
12935,11,133,"Large Hill, Individual, Men (Olympic)"
12936,5,130,"500 metres, Men (Olympic (non-medal))"
12937,5,130,"1,000 metres, Men (Olympic (non-medal))"
12938,5,130,"1,500 metres, Men (Olympic (non-medal))"
12939,5,130,"5,000 metres Relay, Men (Olympic (non-medal))"
12940,5,130,"3,000 m, Men (Olympic (non-medal))"
12941,6,130,"5,000 metres Relay, Men (Olympic)"
12942,7,130,"5,000 metres Relay, Men (Olympic)"
12943,40,113,"15 kilometres, Men (Olympic)"
12944,40,113,"30 kilometres, Men (Olympic)"
12945,40,113,"50 kilometres, Men (Olympic)"
12946,40,113,"4 × 10 kilometres Relay, Men (Olympic)"
12947,23,113,"15 kilometres, Men (Olympic)"
12948,40,115,"Ice Hockey, Men (Olympic)"
12949,23,113,"30 kilometres, Men (Olympic)"
12950,23,113,"4 × 10 kilometres Relay, Men (Olympic)"
12951,5,113,"15 kilometres, Men (Olympic)"
12952,5,113,"30 kilometres, Men (Olympic)"
12953,6,113,"10 kilometres, Men (Olympic)"
12954,6,113,"30 kilometres, Men (Olympic)"
12955,6,113,"10/15 kilometres Pursuit, Men (Olympic)"
12956,6,113,"4 × 10 kilometres Relay, Men (Olympic)"
12957,7,113,"10 kilometres, Men (Olympic)"
12958,7,113,"10/15 kilometres Pursuit, Men (Olympic)"
12959,7,113,"4 × 10 kilometres Relay, Men (Olympic)"
12960,18,113,"10 kilometres, Men (Olympic)"
12961,18,113,"30 kilometres, Men (Olympic)"
12962,18,113,"10/15 kilometres Pursuit, Men (Olympic)"
12963,18,113,"4 × 10 kilometres Relay, Men (Olympic)"
12964,44,133,"Large Hill, Individual, Men (Olympic)"
12965,23,119,"Downhill, Men (Olympic)"
12966,23,119,"Giant Slalom, Men (Olympic)"
12967,23,119,"Slalom, Men (Olympic)"
12968,39,119,"Downhill, Men (Olympic)"
12969,39,119,"Super G, Men (Olympic)"
12970,44,96,Curling
12971,44,96,"Curling, Men (Olympic)"
12972,6,113,"50 kilometres, Men (Olympic)"
12973,6,131,"Moguls, Men (Olympic)"
12974,25,96,"Two, Men (Olympic)"
12975,5,129,"Singles, Men (Olympic)"
12976,5,19,"Doubles, Open (Olympic)"
12977,42,119,"Giant Slalom, Men (Olympic)"
12978,42,119,"Slalom, Men (Olympic)"
12979,7,131,"Moguls, Men (Olympic)"
12980,25,113,"15 kilometres, Men (Olympic)"
12981,25,113,"30 kilometres, Men (Olympic)"
12982,25,113,"50 kilometres, Men (Olympic)"
12983,6,133,"Normal Hill, Individual, Men (Olympic)"
12984,6,133,"Large Hill, Individual, Men (Olympic)"
12985,6,133,"Large Hill, Team, Men (Olympic)"
12986,42,113,"15 kilometres, Men (Olympic)"
12987,42,113,"4 × 10 kilometres Relay, Men (Olympic)"
12988,48,113,"18 kilometres, Men (Olympic)"
12989,48,113,Nordic Combined (Skiing)
12990,48,113,"Individual, Men (Olympic)"
12991,48,110,"5,000 metres, Men (Olympic)"
12992,31,119,"Giant Slalom, Men (Olympic)"
12993,31,119,"Slalom, Men (Olympic)"
12994,48,119,"Downhill, Men (Olympic)"
12995,48,119,"Slalom, Men (Olympic)"
12996,48,119,"Combined, Men (Olympic)"
12997,31,119,"Downhill, Men (Olympic)"
12998,32,119,"Downhill, Men (Olympic)"
12999,32,119,"Giant Slalom, Men (Olympic)"
13000,32,119,"Slalom, Men (Olympic)"
13001,40,96,"Four, Men (Olympic)"
13002,5,119,"Downhill, Men (Olympic)"
13003,5,119,"Super G, Men (Olympic)"
13004,7,119,"Downhill, Men (Olympic)"
13005,7,113,"30 kilometres, Men (Olympic)"
13006,18,113,"50 kilometres, Men (Olympic)"
13007,9,113,"30 kilometres, Men (Olympic)"
13008,9,113,"10/10 kilometres Pursuit, Men (Olympic)"
13009,9,113,"4 × 10 kilometres Relay, Men (Olympic)"
13010,32,96,"Four, Men (Olympic)"
13011,5,113,"50 kilometres, Men (Olympic)"
13012,24,19,"Singles, Men (Olympic)"
13013,24,19,"Doubles, Open (Olympic)"
13014,11,113,"30 kilometres, Men (Olympic)"
13015,11,113,"50 kilometres, Men (Olympic)"
13016,11,113,"4 × 10 kilometres Relay, Men (Olympic)"
13017,25,113,"4 × 10 kilometres Relay, Men (Olympic)"
13018,9,119,"Slalom, Men (Olympic)"
13019,24,113,"15 kilometres, Men (Olympic)"
13020,24,113,"30 kilometres, Men (Olympic)"
13021,24,96,Luge
13022,24,96,"Singles, Men (Olympic)"
13023,6,12,"20 kilometres, Men (Olympic)"
13024,6,12,"10 kilometres, Men (Olympic)"
13025,6,12,"30 kilometres, Men (Olympic)"
13026,6,12,"10/15 kilometres Pursuit, Men (Olympic)"
13027,6,12,"4 × 10 kilometres Relay, Men (Olympic)"
13028,42,129,"Singles, Men (Olympic)"
13029,5,12,"10 kilometres Sprint, Men (Olympic)"
13030,46,133,"Large Hill, Individual, Men (Olympic)"
13031,49,113,Ski Jumping (Skiing)
13032,49,113,"Large Hill, Individual, Men (Olympic)"
13033,49,113,Nordic Combined (Skiing)
13034,49,113,"Individual, Men (Olympic)"
13035,40,121,"Individual, Men (Olympic)"
13036,42,121,"Individual, Men (Olympic)"
13037,48,110,"10,000 metres, Men (Olympic)"
13038,31,110,"1,500 metres, Men (Olympic)"
13039,31,110,"5,000 metres, Men (Olympic)"
13040,31,110,"10,000 metres, Men (Olympic)"
13041,32,110,"5,000 metres, Men (Olympic)"
13042,32,110,"10,000 metres, Men (Olympic)"
13043,43,110,"1,000 metres, Men (Olympic)"
13044,43,110,"1,500 metres, Men (Olympic)"
13045,11,110,"1,000 metres, Men (Olympic)"
13046,11,110,"1,500 metres, Men (Olympic)"
13047,43,119,"Downhill, Men (Olympic)"
13048,11,119,"Downhill, Men (Olympic)"
13049,49,115,"Ice Hockey, Men (Olympic)"
13050,44,110,"Allround, Men (Olympic)"
13051,46,110,"500 metres, Men (Olympic)"
13052,46,110,"1,500 metres, Men (Olympic)"
13053,46,110,"5,000 metres, Men (Olympic)"
13054,46,110,"10,000 metres, Men (Olympic)"
13055,5,12,"20 kilometres, Men (Olympic)"
13056,5,12,"4 × 7.5 kilometres Relay, Men (Olympic)"
13057,6,12,"4 × 7.5 kilometres Relay, Men (Olympic)"
13058,7,12,"10 kilometres Sprint, Men (Olympic)"
13059,7,12,"20 kilometres, Men (Olympic)"
13060,7,12,"4 × 7.5 kilometres Relay, Men (Olympic)"
13061,46,113,"18 kilometres, Men (Olympic)"
13062,46,113,"50 kilometres, Men (Olympic)"
13063,40,12,"20 kilometres, Men (Olympic)"
13064,40,12,"4 × 7.5 kilometres Relay, Men (Olympic)"
13065,11,119,"Slalom, Men (Olympic)"
13066,50,110,"500 metres, Men (Olympic)"
13067,50,110,"1,500 metres, Men (Olympic)"
13068,50,110,"5,000 metres, Men (Olympic)"
13069,50,113,"18 kilometres, Men (Olympic)"
13070,50,113,"4 × 10 kilometres Relay, Men (Olympic)"
13071,40,119,"Downhill, Men (Olympic)"
13072,40,119,"Giant Slalom, Men (Olympic)"
13073,23,113,"50 kilometres, Men (Olympic)"
13074,9,113,"Sprint, Men (Olympic)"
13075,19,113,"Sprint, Men (Olympic)"
13076,19,113,"15 kilometres, Men (Olympic)"
13077,19,113,"50 kilometres, Men (Olympic)"
13078,19,113,"30 kilometres Skiathlon, Men (Olympic)"
13079,19,113,"Team Sprint, Men (Olympic)"
13080,24,110,"1,500 metres, Men (Olympic)"
13081,24,110,"10,000 metres, Men (Olympic)"
13082,40,110,"1,500 metres, Men (Olympic)"
13083,7,110,"5,000 metres, Men (Olympic)"
13084,7,110,"10,000 metres, Men (Olympic)"
13085,42,119,"Downhill, Men (Olympic)"
13086,42,133,"Normal Hill, Individual, Men (Olympic)"
13087,31,110,"500 metres, Men (Olympic)"
13088,5,110,"5,000 metres, Men (Olympic)"
13089,5,110,"10,000 metres, Men (Olympic)"
13090,6,121,"Team, Men (Olympic)"
13091,11,19,"Doubles, Open (Olympic)"
13092,25,19,"Singles, Men (Olympic)"
13093,25,19,"Doubles, Open (Olympic)"
13094,6,19,"Singles, Men (Olympic)"
13095,6,19,"Doubles, Open (Olympic)"
13096,7,19,"Doubles, Open (Olympic)"
13097,42,19,"Singles, Men (Olympic)"
13098,42,19,"Doubles, Open (Olympic)"
13099,23,12,Cross Country Skiing (Skiing)
13100,23,12,"15 kilometres, Men (Olympic)"
13101,23,12,"4 × 10 kilometres Relay, Men (Olympic)"
13102,24,113,"4 × 10 kilometres Relay, Men (Olympic)"
13103,40,19,"Singles, Men (Olympic)"
13104,43,19,"Singles, Men (Olympic)"
13105,43,19,"Doubles, Open (Olympic)"
13106,25,119,"Downhill, Men (Olympic)"
13107,25,133,"Normal Hill, Individual, Men (Olympic)"
13108,42,12,"20 kilometres, Men (Olympic)"
13109,42,12,"4 × 7.5 kilometres Relay, Men (Olympic)"
13110,3,115,"Ice Hockey, Men (Olympic)"
13111,32,110,"500 metres, Men (Olympic)"
13112,32,110,"1,500 metres, Men (Olympic)"
13113,40,19,"Doubles, Open (Olympic)"
13114,9,113,"50 kilometres, Men (Olympic)"
13115,48,133,"Large Hill, Individual, Men (Olympic)"
13116,43,133,"Normal Hill, Individual, Men (Olympic)"
13117,43,133,"Large Hill, Individual, Men (Olympic)"
13118,5,113,"4 × 10 kilometres Relay, Men (Olympic)"
13119,48,110,"500 metres, Men (Olympic)"
13120,48,110,"1,500 metres, Men (Olympic)"
13121,44,113,Military Ski Patrol (Skiing)
13122,44,113,"Military Ski Patrol, Men (Olympic)"
13123,50,129,"Singles, Men (Olympic)"
13124,11,113,"15 kilometres, Men (Olympic)"
13125,42,133,"Large Hill, Individual, Men (Olympic)"
13126,42,113,"50 kilometres, Men (Olympic)"
13127,50,113,"50 kilometres, Men (Olympic)"
13128,5,131,"Aerials, Men (Olympic (non-medal))"
13129,6,131,"Aerials, Men (Olympic (non-medal))"
13130,7,131,"Aerials, Men (Olympic)"
13131,7,113,"50 kilometres, Men (Olympic)"
13132,40,96,"Two, Men (Olympic)"
13133,46,129,"Singles, Men (Olympic)"
13134,25,110,"1,500 metres, Men (Olympic)"
13135,25,110,"5,000 metres, Men (Olympic)"
13136,49,121,"Individual, Men (Olympic)"
13137,49,129,"Singles, Men (Olympic)"
13138,6,12,"10 kilometres Sprint, Men (Olympic)"
13139,18,12,"4 × 7.5 kilometres Relay, Men (Olympic)"
13140,25,133,"Large Hill, Individual, Men (Olympic)"
13141,5,133,"Normal Hill, Individual, Men (Olympic)"
13142,5,133,"Large Hill, Individual, Men (Olympic)"
13143,5,133,"Large Hill, Team, Men (Olympic)"
13144,50,119,Ski Jumping (Skiing)
13145,50,119,"Large Hill, Individual, Men (Olympic)"
13146,49,115,"Ice Hockey Exhibition, Men (Olympic (non-medal))"
13147,50,119,"18 kilometres, Men (Olympic)"
13148,50,119,Nordic Combined (Skiing)
13149,50,119,"Individual, Men (Olympic)"
13150,49,110,"500 metres, Men (Olympic)"
13151,49,110,"1,500 metres, Men (Olympic)"
13152,49,110,"5,000 metres, Men (Olympic)"
13153,49,110,"10,000 metres, Men (Olympic)"
13154,50,110,"10,000 metres, Men (Olympic)"
13155,44,121,Ski Jumping (Skiing)
13156,44,121,"Large Hill, Individual, Men (Olympic)"
13157,46,121,"Individual, Men (Olympic)"
13158,46,121,Ski Jumping (Skiing)
13159,46,121,"Large Hill, Individual, Men (Olympic)"
13160,6,110,"5,000 metres, Men (Olympic)"
13161,9,110,"1,500 metres, Men (Olympic)"
13162,48,113,"50 kilometres, Men (Olympic)"
13163,31,113,"50 kilometres, Men (Olympic)"
13164,43,110,"5,000 metres, Men (Olympic)"
13165,18,131,"Moguls, Men (Olympic)"
13166,9,131,"Moguls, Men (Olympic)"
13167,32,121,"Individual, Men (Olympic)"
13168,24,121,"Individual, Men (Olympic)"
13169,18,115,"Ice Hockey, Men (Olympic)"
13170,9,115,"Ice Hockey, Men (Olympic)"
13171,6,129,"Singles, Men (Olympic)"
13172,42,110,"1,500 metres, Men (Olympic)"
13173,42,110,"5,000 metres, Men (Olympic)"
13174,43,113,"15 kilometres, Men (Olympic)"
13175,43,113,"30 kilometres, Men (Olympic)"
13176,43,113,"4 × 10 kilometres Relay, Men (Olympic)"
13177,48,124,"Skeleton, Men (Olympic)"
13178,7,130,"500 metres, Men (Olympic)"
13179,7,130,"1,000 metres, Men (Olympic)"
13180,9,113,"15 kilometres, Men (Olympic)"
13181,39,113,"15 kilometres, Men (Olympic)"
13182,39,113,"50 kilometres, Men (Olympic)"
13183,39,113,"4 × 10 kilometres Relay, Men (Olympic)"
13184,39,113,"Team Sprint, Men (Olympic)"
13185,7,19,"Singles, Men (Olympic)"
13186,50,113,Nordic Combined (Skiing)
13187,50,113,"Individual, Men (Olympic)"
13188,24,113,"50 kilometres, Men (Olympic)"
13189,18,110,"5,000 metres, Men (Olympic)"
13190,18,110,"10,000 metres, Men (Olympic)"
13191,43,110,"500 metres, Men (Olympic)"
13192,25,129,"Singles, Men (Olympic)"
13193,3,129,"Singles, Men (Olympic)"
13194,18,119,"Downhill, Men (Olympic)"
13195,9,119,"Giant Slalom, Men (Olympic)"
13196,5,19,"Singles, Men (Olympic)"
13197,23,110,"1,500 metres, Men (Olympic)"
13198,23,110,"5,000 metres, Men (Olympic)"
13199,18,19,"Doubles, Open (Olympic)"
13200,6,130,"1,000 metres, Men (Olympic)"
13201,43,113,"50 kilometres, Men (Olympic)"
13202,25,110,"1,000 metres, Men (Olympic)"
13203,25,110,"10,000 metres, Men (Olympic)"
13204,6,110,"10,000 metres, Men (Olympic)"
13205,11,96,"Two, Men (Olympic)"
13206,11,110,"5,000 metres, Men (Olympic)"
13207,11,110,"10,000 metres, Men (Olympic)"
13208,23,133,"Large Hill, Individual, Men (Olympic)"
13209,31,133,"Large Hill, Individual, Men (Olympic)"
13210,32,133,"Large Hill, Individual, Men (Olympic)"
13211,18,131,"Aerials, Men (Olympic)"
13212,9,131,"Aerials, Men (Olympic)"
13213,19,131,"Aerials, Men (Olympic)"
13214,5,131,"Moguls, Men (Olympic (non-medal))"
13215,44,110,"5,000 metres, Men (Olympic)"
13216,44,110,"10,000 metres, Men (Olympic)"
13217,48,96,Skeleton (Bobsleigh)
13218,48,96,"Skeleton, Men (Olympic)"
13219,9,110,"5,000 metres, Men (Olympic)"
13220,44,120,Nordic Combined (Skiing)
13221,44,120,"Individual, Men (Olympic)"
13222,44,120,Ski Jumping (Skiing)
13223,44,120,"Large Hill, Individual, Men (Olympic)"
13224,18,19,"Singles, Men (Olympic)"
13225,42,110,"500 metres, Men (Olympic)"
13226,18,12,"10 kilometres Sprint, Men (Olympic)"
13227,18,12,"20 kilometres, Men (Olympic)"
13228,9,12,"10 kilometres Sprint, Men (Olympic)"
13229,9,12,"12.5 kilometres Pursuit, Men (Olympic)"
13230,9,12,"20 kilometres, Men (Olympic)"
13231,9,12,"4 × 7.5 kilometres Relay, Men (Olympic)"
13232,9,12,Cross Country Skiing (Skiing)
13233,9,12,"30 kilometres, Men (Olympic)"
13234,19,12,"10 kilometres Sprint, Men (Olympic)"
13235,19,12,"12.5 kilometres Pursuit, Men (Olympic)"
13236,19,12,"15 kilometres Mass Start, Men (Olympic)"
13237,19,12,"20 kilometres, Men (Olympic)"
13238,19,12,"4 × 7.5 kilometres Relay, Men (Olympic)"
13239,39,12,"10 kilometres Sprint, Men (Olympic)"
13240,39,12,"12.5 kilometres Pursuit, Men (Olympic)"
13241,39,12,"15 kilometres Mass Start, Men (Olympic)"
13242,39,12,"20 kilometres, Men (Olympic)"
13243,39,12,"4 × 7.5 kilometres Relay, Men (Olympic)"
13244,16,12,"10 kilometres Sprint, Men (Olympic)"
13245,16,12,"2 × 6 kilometres and 2 × 7.5 kilometres Relay, Mixed (Olympic)"
13246,16,12,"12.5 kilometres Pursuit, Men (Olympic)"
13247,16,12,"15 kilometres Mass Start, Men (Olympic)"
13248,16,12,"20 kilometres, Men (Olympic)"
13249,16,12,"4 × 7.5 kilometres Relay, Men (Olympic)"
13250,42,113,"30 kilometres, Men (Olympic)"
13251,40,110,"500 metres, Men (Olympic)"
13252,40,110,"5,000 metres, Men (Olympic)"
13253,42,110,"10,000 metres, Men (Olympic)"
13254,44,110,"500 metres, Men (Olympic)"
13255,44,110,"1,500 metres, Men (Olympic)"
13256,49,121,Cross Country Skiing (Skiing)
13257,49,121,"18 kilometres, Men (Olympic)"
13258,11,129,"Singles, Men (Olympic)"
13259,23,129,"Singles, Men (Olympic)"
13260,43,129,"Singles, Men (Olympic)"
13261,7,129,"Singles, Men (Olympic)"
13262,40,110,"10,000 metres, Men (Olympic)"
13263,32,129,"Singles, Men (Olympic)"
13264,11,110,"500 metres, Men (Olympic)"
13265,25,110,"500 metres, Men (Olympic)"
13266,19,110,"5,000 metres, Men (Olympic)"
13267,19,110,"Team Pursuit (8 laps), Men (Olympic)"
13268,24,113,Nordic Combined (Skiing)
13269,24,113,"Individual, Men (Olympic)"
13270,40,113,Nordic Combined (Skiing)
13271,40,113,"Individual, Men (Olympic)"
13272,18,130,"500 metres, Men (Olympic)"
13273,18,130,"1,000 metres, Men (Olympic)"
13274,18,130,"5,000 metres Relay, Men (Olympic)"
13275,9,130,"500 metres, Men (Olympic)"
13276,9,130,"1,000 metres, Men (Olympic)"
13277,9,130,"1,500 metres, Men (Olympic)"
13278,9,130,"5,000 metres Relay, Men (Olympic)"
13279,11,19,"Singles, Men (Olympic)"
13280,23,110,"10,000 metres, Men (Olympic)"
13281,23,110,"500 metres, Men (Olympic)"
13282,47,129,"Singles, Men (Olympic)"
13283,47,129,"Special Figures, Men (Olympic)"
13284,24,110,"500 metres, Men (Olympic)"
13285,44,129,"Singles, Men (Olympic)"
13286,48,129,"Singles, Men (Olympic)"
13287,31,129,"Singles, Men (Olympic)"
13288,9,119,"Downhill, Men (Olympic)"
13289,19,119,"Downhill, Men (Olympic)"
13290,19,119,"Super G, Men (Olympic)"
13291,19,119,"Giant Slalom, Men (Olympic)"
13292,31,113,Nordic Combined (Skiing)
13293,31,113,"Individual, Men (Olympic)"
13294,46,113,Nordic Combined (Skiing)
13295,46,113,"Individual, Men (Olympic)"
13296,18,129,"Singles, Men (Olympic)"
13297,43,110,"10,000 metres, Men (Olympic)"
13298,19,110,"500 metres, Men (Olympic)"
13299,19,110,"1,000 metres, Men (Olympic)"
13300,5,96,Luge
13301,5,96,"Singles, Men (Olympic)"
13302,7,121,Ski Jumping (Skiing)
13303,7,121,"Large Hill, Team, Men (Olympic)"
13304,9,19,"Singles, Men (Olympic)"
13305,19,115,"Ice Hockey, Men (Olympic)"
13306,49,121,Ski Jumping (Skiing)
13307,49,121,"Large Hill, Individual, Men (Olympic)"
13308,50,119,"50 kilometres, Men (Olympic)"
13309,44,115,Cross Country Skiing (Skiing)
13310,44,115,"50 kilometres, Men (Olympic)"
13311,44,115,Ski Jumping (Skiing)
13312,44,115,"Large Hill, Individual, Men (Olympic)"
13313,48,119,Ski Jumping (Skiing)
13314,48,119,"Large Hill, Individual, Men (Olympic)"
13315,32,113,Nordic Combined (Skiing)
13316,32,113,"Individual, Men (Olympic)"
13317,23,121,"Individual, Men (Olympic)"
13318,18,121,"Team, Men (Olympic)"
13319,18,121,"Individual, Men (Olympic)"
13320,46,121,Military Ski Patrol (Skiing)
13321,46,121,"Military Ski Patrol, Men (Olympic (non-medal))"
13322,24,12,Cross Country Skiing (Skiing)
13323,24,12,"30 kilometres, Men (Olympic)"
13324,42,121,Ski Jumping (Skiing)
13325,42,121,"Normal Hill, Individual, Men (Olympic)"
13326,44,115,Speed Skating (Skating)
13327,44,115,"500 metres, Men (Olympic)"
13328,44,115,"1,500 metres, Men (Olympic)"
13329,44,115,"5,000 metres, Men (Olympic)"
13330,44,115,"Allround, Men (Olympic)"
13331,50,96,Ice Hockey (Ice Hockey)
13332,50,96,"Ice Hockey, Men (Olympic)"
13333,44,110,Ice Hockey (Ice Hockey)
13334,44,110,"Ice Hockey, Men (Olympic)"
13335,6,121,Ski Jumping (Skiing)
13336,6,121,"Normal Hill, Individual, Men (Olympic)"
13337,48,119,Bobsleigh (Bobsleigh)
13338,48,119,"Four, Men (Olympic)"
13339,19,19,"Singles, Men (Olympic)"
13340,39,19,"Singles, Men (Olympic)"
13341,16,19,"Singles, Men (Olympic)"
13342,16,19,"Team Relay, Mixed (Olympic)"
13343,24,12,"4 × 10 kilometres Relay, Men (Olympic)"
13344,9,110,"10,000 metres, Men (Olympic)"
13345,39,113,"30 kilometres Skiathlon, Men (Olympic)"
13346,16,113,"15 kilometres, Men (Olympic)"
13347,16,113,"50 kilometres, Men (Olympic)"
13348,16,113,"30 kilometres Skiathlon, Men (Olympic)"
13349,16,113,"4 × 10 kilometres Relay, Men (Olympic)"
13350,57,113,"30 kilometres Skiathlon, Men (Olympic)"
13351,31,113,Ski Jumping (Skiing)
13352,31,113,"Large Hill, Individual, Men (Olympic)"
13353,9,129,"Singles, Men (Olympic)"
13354,23,121,Ski Jumping (Skiing)
13355,23,121,"Large Hill, Individual, Men (Olympic)"
13356,50,133,Alpine Skiing (Skiing)
13357,50,133,"Combined, Men (Olympic)"
13358,23,113,Nordic Combined (Skiing)
13359,23,113,"Individual, Men (Olympic)"
13360,40,121,Ski Jumping (Skiing)
13361,40,121,"Normal Hill, Individual, Men (Olympic)"
13362,40,121,"Large Hill, Individual, Men (Olympic)"
13363,39,115,"Ice Hockey, Men (Olympic)"
13364,19,113,"4 × 10 kilometres Relay, Men (Olympic)"
13365,5,12,Cross Country Skiing (Skiing)
13366,5,12,"50 kilometres, Men (Olympic)"
13367,5,12,"4 × 10 kilometres Relay, Men (Olympic)"
13368,46,113,Military Ski Patrol (Skiing)
13369,46,113,"Military Ski Patrol, Men (Olympic (non-medal))"
13370,39,119,"Giant Slalom, Men (Olympic)"
13371,39,119,"Slalom, Men (Olympic)"
13372,16,119,"Slalom, Men (Olympic)"
13373,42,121,"Large Hill, Individual, Men (Olympic)"
13374,32,119,Cross Country Skiing (Skiing)
13375,32,119,"15 kilometres, Men (Olympic)"
13376,43,121,Ski Jumping (Skiing)
13377,43,121,"Normal Hill, Individual, Men (Olympic)"
13378,43,121,"Large Hill, Individual, Men (Olympic)"
13379,43,12,Cross Country Skiing (Skiing)
13380,43,12,"15 kilometres, Men (Olympic)"
13381,6,131,"Ballet, Men (Olympic (non-medal))"
13382,9,121,"Team, Men (Olympic)"
13383,9,121,"Individual, Men (Olympic)"
13384,9,121,"Sprint, Men (Olympic)"
13385,19,121,"Team, Men (Olympic)"
13386,19,121,"Individual, Men (Olympic)"
13387,19,121,"Sprint, Men (Olympic)"
13388,39,121,"Normal Hill / 10 km, Individual, Men (Olympic)"
13389,39,121,"Large Hill / 10 km, Individual, Men (Olympic)"
13390,39,121,"Team, Men (Olympic)"
13391,19,119,"Slalom, Men (Olympic)"
13392,9,19,"Doubles, Open (Olympic)"
13393,19,19,"Doubles, Open (Olympic)"
13394,39,19,"Doubles, Open (Olympic)"
13395,44,121,Cross Country Skiing (Skiing)
13396,44,121,"18 kilometres, Men (Olympic)"
13397,48,113,Ski Jumping (Skiing)
13398,48,113,"Large Hill, Individual, Men (Olympic)"
13399,46,113,Ski Jumping (Skiing)
13400,46,113,"Large Hill, Individual, Men (Olympic)"
13401,46,96,Skeleton (Bobsleigh)
13402,46,96,"Skeleton, Men (Olympic)"
13403,42,113,Nordic Combined (Skiing)
13404,42,113,"Individual, Men (Olympic)"
13405,20,7,"Decathlon, Men (Olympic)"
13406,2,7,"Decathlon, Men (Olympic)"
13407,20,7,"400 metres Hurdles, Men (Olympic)"
13408,2,7,"400 metres Hurdles, Men (Olympic)"
13409,2,7,"1,500 metres, Women (Olympic)"
13410,20,7,"3,000 metres Steeplechase, Men (Olympic)"
13411,21,7,"Long Jump, Women (Olympic)"
13412,2,7,"10,000 metres, Women (Olympic)"
13413,20,7,"Triple Jump, Men (Olympic)"
13414,2,7,"Pole Vault, Men (Olympic)"
13415,21,7,"Discus Throw, Women (Olympic)"
13416,52,7,"Discus Throw, Women (Olympic)"
13417,2,7,"4 × 100 metres Relay, Men (Olympic)"
13418,20,7,"400 metres Hurdles, Women (Olympic)"
13419,2,7,"Triple Jump, Men (Olympic)"
13420,2,7,"200 metres, Men (Olympic)"
13421,20,7,"5,000 metres, Women (Olympic)"
13422,20,7,"10,000 metres, Women (Olympic)"
13423,2,7,"5,000 metres, Women (Olympic)"
13424,2,7,"400 metres, Women (Olympic)"
13425,20,7,"110 metres Hurdles, Men (Olympic)"
13426,20,7,"100 metres Hurdles, Women (Olympic)"
13427,20,7,"Heptathlon, Women (Olympic)"
13428,2,7,"20 kilometres Race Walk, Men (Olympic)"
13429,21,7,"Triple Jump, Men (Olympic)"
13430,21,7,"200 metres, Women (Olympic)"
13431,21,7,"4 × 100 metres Relay, Women (Olympic)"
13432,2,7,"100 metres Hurdles, Women (Olympic)"
13433,39,110,"500 metres, Men (Olympic)"
13434,48,119,Cross Country Skiing (Skiing)
13435,48,119,"18 kilometres, Men (Olympic)"
13436,48,119,Nordic Combined (Skiing)
13437,48,119,"Individual, Men (Olympic)"
13438,50,121,Ski Jumping (Skiing)
13439,50,121,"Large Hill, Individual, Men (Olympic)"
13440,44,120,Cross Country Skiing (Skiing)
13441,44,120,"50 kilometres, Men (Olympic)"
13442,40,12,Cross Country Skiing (Skiing)
13443,40,12,"4 × 10 kilometres Relay, Men (Olympic)"
13444,39,133,"Large Hill, Team, Men (Olympic)"
13445,25,119,Cross Country Skiing (Skiing)
13446,25,119,"15 kilometres, Men (Olympic)"
13447,25,119,"30 kilometres, Men (Olympic)"
13448,5,119,Cross Country Skiing (Skiing)
13449,5,119,"15 kilometres, Men (Olympic)"
13450,5,119,"30 kilometres, Men (Olympic)"
13451,19,119,"Combined, Men (Olympic)"
13452,19,96,"Two, Men (Olympic)"
13453,21,7,"5,000 metres, Women (Olympic)"
13454,21,7,"5,000 metres, Men (Olympic)"
13455,2,7,"Heptathlon, Women (Olympic)"
13456,20,7,"800 metres, Men (Olympic)"
13457,21,7,"Shot Put, Men (Olympic)"
13458,2,7,"400 metres Hurdles, Women (Olympic)"
13459,2,7,"Pole Vault, Women (Olympic)"
13460,2,7,"800 metres, Men (Olympic)"
13461,50,120,"Military Ski Patrol, Men (Olympic (non-medal))"
13462,30,14,"Sculpturing, Medals, Open (Olympic)"
13463,19,131,"Moguls, Men (Olympic)"
13464,21,22,"Double Sculls, Women (Olympic)"
13465,52,7,"Marathon, Men (Olympic)"
13466,21,7,"Marathon, Men (Olympic)"
13467,2,10,"Doubles, Mixed (Olympic)"
13468,21,10,"Doubles, Mixed (Olympic)"
13469,21,10,"Singles, Men (Olympic)"
13470,12,33,"Individual, Women (Olympic)"
13471,22,33,"Individual, Women (Olympic)"
13472,39,110,"1,000 metres, Men (Olympic)"
13473,16,110,"500 metres, Men (Olympic)"
13474,16,110,"1,000 metres, Men (Olympic)"
13475,50,113,Military Ski Patrol (Skiing)
13476,50,113,"Military Ski Patrol, Men (Olympic (non-medal))"
13477,19,130,"500 metres, Men (Olympic)"
13478,19,130,"1,000 metres, Men (Olympic)"
13479,19,130,"1,500 metres, Men (Olympic)"
13480,19,130,"5,000 metres Relay, Men (Olympic)"
13481,21,93,"Basketball, Men (Olympic)"
13482,22,27,"Bantamweight, Men (Olympic)"
13483,22,27,"Lightweight, Men (Olympic)"
13484,20,27,"Middleweight, Men (Olympic)"
13485,2,27,"Middleweight, Men (Olympic)"
13486,20,27,"Light-Heavyweight, Men (Olympic)"
13487,20,27,"Flyweight, Men (Olympic)"
13488,22,27,"Super-Heavyweight, Men (Olympic)"
13489,20,27,"Light-Flyweight, Men (Olympic)"
13490,20,27,"Bantamweight, Men (Olympic)"
13491,20,27,"Lightweight, Men (Olympic)"
13492,20,27,"Welterweight, Men (Olympic)"
13493,22,27,"Light-Flyweight, Men (Olympic)"
13494,22,27,"Heavyweight, Men (Olympic)"
13495,20,98,"Canadian Doubles, Slalom, Men (Olympic)"
13496,2,98,"Canadian Doubles, Slalom, Men (Olympic)"
13497,2,97,"Kayak Singles, 200 metres, Women (Olympic)"
13498,21,97,"Kayak Singles, 200 metres, Women (Olympic)"
13499,52,97,"Kayak Singles, 200 metres, Women (Olympic)"
13500,2,97,"Kayak Singles, 1,000 metres, Men (Olympic)"
13501,2,97,"Kayak Singles, 200 metres, Men (Olympic)"
13502,2,97,"Kayak Doubles, 200 metres, Men (Olympic)"
13503,21,97,"Kayak Singles, 200 metres, Men (Olympic)"
13504,21,97,"Kayak Doubles, 200 metres, Men (Olympic)"
13505,52,97,"Kayak Fours, 500 metres, Men (Olympic)"
13506,2,97,"Kayak Doubles, 500 metres, Women (Olympic)"
13507,21,97,"Kayak Doubles, 1,000 metres, Men (Olympic)"
13508,21,97,"Kayak Fours, 1,000 metres, Men (Olympic)"
13509,21,97,"Kayak Singles, 500 metres, Women (Olympic)"
13510,21,94,"Road Race, Individual, Men (Olympic)"
13511,2,109,"Cross-Country, Men (Olympic)"
13512,20,100,"Individual Pursuit, Women (Olympic)"
13513,20,100,"Points Race, Women (Olympic)"
13514,2,100,"Omnium, Women (Olympic)"
13515,12,94,"Cross-Country, Men (Olympic)"
13516,21,109,"Cross-Country, Men (Olympic)"
13517,2,100,"Keirin, Men (Olympic)"
13518,2,100,"Team Sprint, Men (Olympic)"
13519,21,100,"Team Pursuit, 4,000 metres, Men (Olympic)"
13520,20,134,"BMX, Men (Olympic)"
13521,21,105,"Springboard, Women (Olympic)"
13522,21,105,"Synchronized Springboard, Women (Olympic)"
13523,2,105,"Springboard, Men (Olympic)"
13524,2,105,"Synchronized Springboard, Men (Olympic)"
13525,2,105,"Synchronized Springboard, Women (Olympic)"
13526,2,105,"Platform, Men (Olympic)"
13527,2,105,"Synchronized Platform, Men (Olympic)"
13528,52,105,"Synchronized Platform, Women (Olympic)"
13529,2,24,"Épée, Team, Women (Olympic)"
13530,21,24,"Épée, Individual, Women (Olympic)"
13531,21,24,"Épée, Team, Women (Olympic)"
13532,20,111,"Football, Men (Olympic)"
13533,12,135,"Individual, Men (Olympic)"
13534,12,135,"Individual, Women (Olympic)"
13535,22,135,"Individual, Men (Olympic)"
13536,2,117,"Individual All-Around, Women (Olympic)"
13537,2,117,"Floor Exercise, Women (Olympic)"
13538,2,117,"Uneven Bars, Women (Olympic)"
13539,21,117,"Team All-Around, Women (Olympic)"
13540,21,117,"Floor Exercise, Women (Olympic)"
13541,22,118,"Group, Women (Olympic)"
13542,20,117,"Horse Vault, Men (Olympic)"
13543,22,135,"Individual, Women (Olympic)"
13544,20,135,"Individual, Women (Olympic)"
13545,2,135,"Individual, Women (Olympic)"
13546,2,117,"Team All-Around, Men (Olympic)"
13547,2,117,"Parallel Bars, Men (Olympic)"
13548,2,117,"Horizontal Bar, Men (Olympic)"
13549,21,16,"Handball, Men (Olympic)"
13550,2,117,"Pommelled Horse, Men (Olympic)"
13551,21,117,"Floor Exercise, Men (Olympic)"
13552,21,117,"Horse Vault, Men (Olympic)"
13553,21,117,"Horizontal Bar, Men (Olympic)"
13554,52,117,"Horse Vault, Men (Olympic)"
13555,21,135,"Individual, Women (Olympic)"
13556,21,21,"Hockey, Women (Olympic)"
13557,20,2,"Extra-Lightweight, Men (Olympic)"
13558,16,121,"Normal Hill / 10 km, Individual, Men (Olympic)"
13559,16,121,"Large Hill / 10 km, Individual, Men (Olympic)"
13560,16,121,"Team, Men (Olympic)"
13561,39,96,"Two, Men (Olympic)"
13562,11,121,Ski Jumping (Skiing)
13563,11,121,"Large Hill, Individual, Men (Olympic)"
13564,9,113,Nordic Combined (Skiing)
13565,9,113,"Team, Men (Olympic)"
13566,9,113,"Individual, Men (Olympic)"
13567,57,121,"Normal Hill / 10 km, Individual, Men (Olympic)"
13568,57,121,"Team, Men (Olympic)"
13569,2,2,"Half-Heavyweight, Men (Olympic)"
13570,20,2,"Half-Middleweight, Men (Olympic)"
13571,2,2,"Middleweight, Men (Olympic)"
13572,21,2,"Middleweight, Men (Olympic)"
13573,20,2,"Half-Lightweight, Men (Olympic)"
13574,20,2,"Heavyweight, Women (Olympic)"
13575,2,2,"Lightweight, Men (Olympic)"
13576,2,2,"Heavyweight, Women (Olympic)"
13577,2,2,"Heavyweight, Men (Olympic)"
13578,20,18,"Lightweight, Freestyle, Women (Olympic)"
13579,2,2,"Middleweight, Women (Olympic)"
13580,2,2,"Half-Middleweight, Men (Olympic)"
13581,20,2,"Half-Lightweight, Women (Olympic)"
13582,21,2,"Heavyweight, Men (Olympic)"
13583,2,33,"Individual, Men (Olympic)"
13584,2,33,"Individual, Women (Olympic)"
13585,2,22,"Double Sculls, Women (Olympic)"
13586,2,22,"Quadruple Sculls, Women (Olympic)"
13587,20,22,"Double Sculls, Women (Olympic)"
13588,2,22,"Lightweight Double Sculls, Women (Olympic)"
13589,2,11,"Two Person Dinghy, Women (Olympic)"
13590,2,11,"Two Person Dinghy, Men (Olympic)"
13591,21,11,"Two Person Dinghy, Men (Olympic)"
13592,26,11,"Windsurfer, Women (Olympic (non-medal))"
13593,2,11,"One Person Dinghy, Men (Olympic)"
13594,20,11,"One Person Dinghy, Women (Olympic)"
13595,2,11,"One Person Dinghy, Women (Olympic)"
13596,21,11,"One Person Dinghy, Women (Olympic)"
13597,52,11,"One Person Dinghy, Women (Olympic)"
13598,21,11,"Two Person Dinghy, Women (Olympic)"
13599,52,26,"Rapid-Fire Pistol, 25 metres, Men (Olympic)"
13600,21,26,"Air Rifle, 10 metres, Men (Olympic)"
13601,52,26,"Small-Bore Rifle, Three Positions, 50 metres, Men (Olympic)"
13602,52,26,"Trap, Team, Mixed (Olympic)"
13603,52,26,"Trap, Women (Olympic)"
13604,52,26,"Air Pistol, 10 metres, Team, Mixed (Olympic)"
13605,2,26,"Air Rifle, 10 metres, Women (Olympic)"
13606,21,26,"Free Pistol, 50 metres, Men (Olympic)"
13607,20,114,"200 metres Butterfly, Women (Olympic)"
13608,20,114,"400 metres Individual Medley, Women (Olympic)"
13609,2,114,"400 metres Individual Medley, Women (Olympic)"
13610,20,114,"400 metres Freestyle, Women (Olympic)"
13611,20,114,"800 metres Freestyle, Women (Olympic)"
13612,2,114,"800 metres Freestyle, Women (Olympic)"
13613,2,114,Marathon Swimming (Aquatics)
13614,2,114,"10 kilometres Open Water, Women (Olympic)"
13615,52,136,"10 kilometres Open Water, Women (Olympic)"
13616,20,114,"100 metres Breaststroke, Men (Olympic)"
13617,20,114,"200 metres Breaststroke, Men (Olympic)"
13618,20,114,"100 metres Breaststroke, Women (Olympic)"
13619,2,114,"100 metres Breaststroke, Women (Olympic)"
13620,2,114,"4 × 100 metres Medley Relay, Women (Olympic)"
13621,2,114,"4 × 200 metres Freestyle Relay, Men (Olympic)"
13622,2,114,"200 metres Individual Medley, Men (Olympic)"
13623,2,114,"100 metres Backstroke, Women (Olympic)"
13624,20,114,Marathon Swimming (Aquatics)
13625,20,114,"10 kilometres Open Water, Men (Olympic)"
13626,2,136,"10 kilometres Open Water, Men (Olympic)"
13627,20,114,"400 metres Individual Medley, Men (Olympic)"
13628,2,114,"200 metres Freestyle, Women (Olympic)"
13629,21,114,"4 × 100 metres Medley Relay, Women (Olympic)"
13630,21,114,"50 metres Freestyle, Men (Olympic)"
13631,2,114,"4 × 100 metres Freestyle Relay, Women (Olympic)"
13632,2,114,"200 metres Butterfly, Men (Olympic)"
13633,2,114,"400 metres Individual Medley, Men (Olympic)"
13634,21,136,"10 kilometres Open Water, Men (Olympic)"
13635,20,136,"10 kilometres Open Water, Women (Olympic)"
13636,2,136,"10 kilometres Open Water, Women (Olympic)"
13637,2,114,"400 metres Freestyle, Women (Olympic)"
13638,21,114,"800 metres Freestyle, Women (Olympic)"
13639,21,114,Marathon Swimming (Aquatics)
13640,21,114,"10 kilometres Open Water, Women (Olympic)"
13641,2,114,"100 metres Breaststroke, Men (Olympic)"
13642,2,114,"200 metres Breaststroke, Men (Olympic)"
13643,2,114,"4 × 100 metres Medley Relay, Men (Olympic)"
13644,21,114,"200 metres Individual Medley, Women (Olympic)"
13645,2,114,"100 metres Butterfly, Women (Olympic)"
13646,2,114,"200 metres Butterfly, Women (Olympic)"
13647,2,114,"50 metres Freestyle, Men (Olympic)"
13648,2,114,"4 × 100 metres Freestyle Relay, Men (Olympic)"
13649,2,114,"100 metres Freestyle, Men (Olympic)"
13650,2,114,"100 metres Backstroke, Men (Olympic)"
13651,2,114,"1,500 metres Freestyle, Men (Olympic)"
13652,2,114,"10 kilometres Open Water, Men (Olympic)"
13653,21,114,"1,500 metres Freestyle, Men (Olympic)"
13654,21,114,"10 kilometres Open Water, Men (Olympic)"
13655,52,136,"10 kilometres Open Water, Men (Olympic)"
13656,20,136,"10 kilometres Open Water, Men (Olympic)"
13657,21,114,"4 × 100 metres Freestyle Relay, Men (Olympic)"
13658,21,114,"4 × 200 metres Freestyle Relay, Men (Olympic)"
13659,21,114,"100 metres Butterfly, Men (Olympic)"
13660,21,114,"200 metres Butterfly, Men (Olympic)"
13661,21,114,"200 metres Individual Medley, Men (Olympic)"
13662,21,114,"4 × 100 metres Medley Relay, Men (Olympic)"
13663,2,125,"Duet, Women (Olympic)"
13664,21,125,"Duet, Women (Olympic)"
13665,21,40,"Team, Women (Olympic)"
13666,52,40,"Team, Women (Olympic)"
13667,52,40,"Singles, Men (Olympic)"
13668,52,40,"Team, Men (Olympic)"
13669,20,114,"200 metres Backstroke, Women (Olympic)"
13670,2,114,"200 metres Backstroke, Women (Olympic)"
13671,2,114,"200 metres Individual Medley, Women (Olympic)"
13672,21,114,"100 metres Backstroke, Women (Olympic)"
13673,21,114,"200 metres Backstroke, Women (Olympic)"
13674,12,28,"Featherweight, Men (Olympic)"
13675,22,28,"Featherweight, Men (Olympic)"
13676,12,28,"Flyweight, Men (Olympic)"
13677,12,28,"Flyweight, Women (Olympic)"
13678,12,28,"Featherweight, Women (Olympic)"
13679,12,28,"Welterweight, Men (Olympic)"
13680,1,28,"Finweight, Men (Olympic (non-medal))"
13681,12,28,"Welterweight, Women (Olympic)"
13682,12,28,"Heavyweight, Men (Olympic)"
13683,22,28,"Welterweight, Men (Olympic)"
13684,12,28,"Heavyweight, Women (Olympic)"
13685,22,28,"Heavyweight, Women (Olympic)"
13686,20,28,"Heavyweight, Women (Olympic)"
13687,20,28,"Welterweight, Men (Olympic)"
13688,20,28,"Heavyweight, Men (Olympic)"
13689,29,28,"Lightweight, Women (Olympic (non-medal))"
13690,1,28,"Welterweight, Women (Olympic (non-medal))"
13691,22,28,"Heavyweight, Men (Olympic)"
13692,2,28,"Welterweight, Women (Olympic)"
13693,22,28,"Featherweight, Women (Olympic)"
13694,22,28,"Flyweight, Men (Olympic)"
13695,2,28,"Heavyweight, Men (Olympic)"
13696,1,28,"Bantamweight, Men (Olympic (non-medal))"
13697,22,28,"Flyweight, Women (Olympic)"
13698,20,28,"Welterweight, Women (Olympic)"
13699,1,28,"Middleweight, Women (Olympic (non-medal))"
13700,2,28,"Welterweight, Men (Olympic)"
13701,21,28,"Welterweight, Men (Olympic)"
13702,29,28,"Finweight, Men (Olympic (non-medal))"
13703,1,28,"Heavyweight, Women (Olympic (non-medal))"
13704,2,32,"Doubles, Women (Olympic)"
13705,2,32,"Singles, Men (Olympic)"
13706,2,32,"Singles, Women (Olympic)"
13707,12,48,"Olympic Distance, Men (Olympic)"
13708,22,48,"Olympic Distance, Men (Olympic)"
13709,20,48,"Olympic Distance, Men (Olympic)"
13710,20,48,"Olympic Distance, Women (Olympic)"
13711,2,48,"Olympic Distance, Women (Olympic)"
13712,2,48,"Olympic Distance, Men (Olympic)"
13713,21,32,"Singles, Women (Olympic)"
13714,21,32,"Doubles, Mixed (Olympic)"
13715,12,48,Athletics
13716,12,48,"10,000 metres, Women (Olympic)"
13717,21,127,"Volleyball, Women (Olympic)"
13718,21,126,"Beach Volleyball, Women (Olympic)"
13719,21,122,"Water Polo, Men (Olympic)"
13720,12,122,"Water Polo, Women (Olympic)"
13721,22,122,"Water Polo, Women (Olympic)"
13722,20,122,"Water Polo, Women (Olympic)"
13723,2,122,"Water Polo, Women (Olympic)"
13724,12,17,"Light-Heavyweight, Women (Olympic)"
13725,22,17,"Light-Heavyweight, Women (Olympic)"
13726,12,17,"Lightweight, Women (Olympic)"
13727,22,17,"Lightweight, Women (Olympic)"
13728,12,17,"Middleweight, Women (Olympic)"
13729,12,17,"Super-Heavyweight, Women (Olympic)"
13730,12,17,"Featherweight, Women (Olympic)"
13731,20,17,"Featherweight, Men (Olympic)"
13732,22,17,"Super-Heavyweight, Women (Olympic)"
13733,2,17,"Bantamweight, Men (Olympic)"
13734,22,17,"Heavyweight, Women (Olympic)"
13735,20,17,"Super-Heavyweight, Women (Olympic)"
13736,12,17,"Flyweight, Women (Olympic)"
13737,2,17,"Featherweight, Men (Olympic)"
13738,22,17,"Featherweight, Women (Olympic)"
13739,20,17,"Featherweight, Women (Olympic)"
13740,20,17,"Lightweight, Women (Olympic)"
13741,2,17,"Featherweight, Women (Olympic)"
13742,21,126,"Beach Volleyball, Men (Olympic)"
13743,22,17,"Middleweight, Women (Olympic)"
13744,20,17,"Middleweight, Women (Olympic)"
13745,20,17,"Lightweight, Men (Olympic)"
13746,20,17,"Light-Heavyweight, Women (Olympic)"
13747,22,17,"Flyweight, Women (Olympic)"
13748,52,17,"Flyweight, Women (Olympic)"
13749,20,18,"Lightweight, Freestyle, Men (Olympic)"
13750,20,18,"Heavyweight, Freestyle, Men (Olympic)"
13751,2,18,"Heavyweight, Greco-Roman, Men (Olympic)"
13752,2,18,"Welterweight, Freestyle, Men (Olympic)"
13753,20,18,"Super-Heavyweight, Greco-Roman, Men (Olympic)"
13754,2,18,"Super-Heavyweight, Greco-Roman, Men (Olympic)"
13755,20,18,"Super-Heavyweight, Freestyle, Men (Olympic)"
13756,20,18,"Middleweight, Greco-Roman, Men (Olympic)"
13757,20,18,"Light-Heavyweight, Freestyle, Men (Olympic)"
13758,2,18,"Super-Heavyweight, Freestyle, Men (Olympic)"
13759,10,122,"100 metres Backstroke, Men (Olympic)"
13760,19,12,"50 kilometres, Men (Olympic)"
13761,50,113,Ski Jumping (Skiing)
13762,50,113,"Large Hill, Individual, Men (Olympic)"
13763,50,113,Alpine Skiing (Skiing)
13764,50,113,"Combined, Men (Olympic)"
13765,23,12,"30 kilometres, Men (Olympic)"
13766,23,12,"50 kilometres, Men (Olympic)"
13767,24,12,"15 kilometres, Men (Olympic)"
13768,32,121,Ski Jumping (Skiing)
13769,32,121,"Large Hill, Individual, Men (Olympic)"
13770,16,115,"Ice Hockey, Men (Olympic)"
13771,44,133,Nordic Combined (Skiing)
13772,44,133,"Individual, Men (Olympic)"
13773,49,133,Nordic Combined (Skiing)
13774,49,133,"Individual, Men (Olympic)"
13775,42,12,Cross Country Skiing (Skiing)
13776,42,12,"30 kilometres, Men (Olympic)"
13777,9,124,"Skeleton, Men (Olympic)"
13778,3,115,Football (Football)
13779,3,115,"Football, Men (Olympic)"
13780,39,131,"Ski Cross, Men (Olympic)"
13781,44,115,"10,000 metres, Men (Olympic)"
13782,46,115,Speed Skating (Skating)
13783,46,115,"500 metres, Men (Olympic)"
13784,46,115,"5,000 metres, Men (Olympic)"
13785,5,131,"Ballet, Men (Olympic (non-medal))"
13786,5,96,Alpine Skiing (Skiing)
13787,5,96,"Giant Slalom, Men (Olympic)"
13788,11,121,"Normal Hill, Individual, Men (Olympic)"
13789,49,121,"50 kilometres, Men (Olympic)"
13790,25,96,Luge
13791,25,96,"Singles, Men (Olympic)"
13792,16,96,"Two, Men (Olympic)"
13793,16,96,"Four, Men (Olympic)"
13794,40,12,"15 kilometres, Men (Olympic)"
13795,46,115,Skijoring (Skiing)
13796,46,115,"Ski Joring, Men (Olympic (non-medal))"
13797,25,12,Cross Country Skiing (Skiing)
13798,25,12,"15 kilometres, Men (Olympic)"
13799,44,96,Ice Hockey (Ice Hockey)
13800,44,96,"Ice Hockey, Men (Olympic)"
13801,19,110,"10,000 metres, Men (Olympic)"
13802,40,12,"30 kilometres, Men (Olympic)"
13803,40,12,"50 kilometres, Men (Olympic)"
13804,50,119,Bobsleigh (Bobsleigh)
13805,50,119,"Two, Men (Olympic)"
13806,31,121,"Individual, Men (Olympic)"
13807,24,121,Ski Jumping (Skiing)
13808,24,121,"Large Hill, Individual, Men (Olympic)"
13809,19,129,"Singles, Men (Olympic)"
13810,6,12,"50 kilometres, Men (Olympic)"
13811,48,113,Military Ski Patrol (Skiing)
13812,48,113,"Military Ski Patrol, Men (Olympic (non-medal))"
13813,39,110,"Team Pursuit (8 laps), Men (Olympic)"
13814,19,110,"1,500 metres, Men (Olympic)"
13815,39,110,"5,000 metres, Men (Olympic)"
13816,39,110,"10,000 metres, Men (Olympic)"
13817,16,110,"10,000 metres, Men (Olympic)"
13818,39,119,"Slalom, Women (Olympic)"
13819,16,119,"Giant Slalom, Women (Olympic)"
13820,16,119,"Slalom, Women (Olympic)"
13821,57,119,"Super G, Women (Olympic)"
13822,57,119,"Giant Slalom, Women (Olympic)"
13823,58,119,"Super G, Women (Olympic)"
13824,58,119,"Giant Slalom, Women (Olympic)"
13825,39,119,"Combined, Men (Olympic)"
13826,16,119,"Downhill, Men (Olympic)"
13827,16,119,"Super G, Men (Olympic)"
13828,16,119,"Giant Slalom, Men (Olympic)"
13829,16,119,"Combined, Men (Olympic)"
13830,39,12,"12.5 kilometres Mass Start, Women (Olympic)"
13831,16,12,"7.5 kilometres Sprint, Women (Olympic)"
13832,16,12,"10 kilometres Pursuit, Women (Olympic)"
13833,16,12,"12.5 kilometres Mass Start, Women (Olympic)"
13834,16,12,"15 kilometres, Women (Olympic)"
13835,57,12,"7.5 kilometres Sprint, Women (Olympic)"
13836,57,12,"15 kilometres, Women (Olympic)"
13837,9,12,"Sprint, Men (Olympic)"
13838,18,137,"Giant Slalom, Men (Olympic)"
13839,9,137,"Parallel Giant Slalom, Men (Olympic)"
13840,18,137,"Giant Slalom, Women (Olympic)"
13841,19,137,"Cross, Men (Olympic)"
13842,19,137,"Parallel Giant Slalom, Men (Olympic)"
13843,39,137,"Parallel Giant Slalom, Men (Olympic)"
13844,16,137,"Parallel Giant Slalom, Men (Olympic)"
13845,16,137,"Parallel Slalom, Men (Olympic)"
13846,57,137,"Parallel Giant Slalom, Men (Olympic)"
13847,18,137,"Halfpipe, Men (Olympic)"
13848,9,137,"Halfpipe, Men (Olympic)"
13849,19,137,"Halfpipe, Men (Olympic)"
13850,18,137,"Halfpipe, Women (Olympic)"
13851,9,137,"Halfpipe, Women (Olympic)"
13852,19,137,"Halfpipe, Women (Olympic)"
13853,19,137,"Cross, Women (Olympic)"
13854,39,137,"Cross, Women (Olympic)"
13855,16,137,"Cross, Women (Olympic)"
13856,9,137,"Parallel Giant Slalom, Women (Olympic)"
13857,19,137,"Parallel Giant Slalom, Women (Olympic)"
13858,39,137,"Parallel Giant Slalom, Women (Olympic)"
13859,39,131,"Moguls, Men (Olympic)"
13860,39,131,"Aerials, Men (Olympic)"
13861,16,131,"Aerials, Men (Olympic)"
13862,16,131,"Aerials, Women (Olympic)"
13863,57,131,"Aerials, Women (Olympic)"
13864,16,131,"Moguls, Women (Olympic)"
13865,58,133,"Normal Hill, Individual, Men (Olympic)"
13866,58,133,"Large Hill, Individual, Men (Olympic)"
13867,58,133,"Large Hill, Team, Men (Olympic)"
13868,9,121,Ski Jumping (Skiing)
13869,9,121,"Large Hill, Individual, Men (Olympic)"
13870,16,113,"10 kilometres, Women (Olympic)"
13871,16,113,"30 kilometres, Women (Olympic)"
13872,16,113,"15 kilometres Skiathlon, Women (Olympic)"
13873,16,113,"4 × 5 kilometres Relay, Women (Olympic)"
13874,19,113,"Sprint, Women (Olympic)"
13875,39,113,"Team Sprint, Women (Olympic)"
13876,16,113,"Team Sprint, Men (Olympic)"
13877,39,113,"Sprint, Men (Olympic)"
13878,39,129,"Singles, Women (Olympic)"
13879,39,129,"Pairs, Mixed (Olympic)"
13880,39,130,"3,000 metres Relay, Women (Olympic)"
13881,18,50,"Curling, Women (Olympic)"
13882,5,50,"Curling, Women (Olympic (non-medal))"
13883,6,50,"Curling, Women (Olympic (non-medal))"
13884,19,50,"Curling, Women (Olympic)"
13885,39,50,"Curling, Women (Olympic)"
13886,9,50,"Curling, Women (Olympic)"
13887,16,50,"Curling, Women (Olympic)"
13888,18,50,"Curling, Men (Olympic)"
13889,19,50,"Curling, Men (Olympic)"
13890,39,50,"Curling, Men (Olympic)"
13891,5,50,"Curling, Men (Olympic (non-medal))"
13892,6,50,"Curling, Men (Olympic (non-medal))"
13893,9,50,"Curling, Men (Olympic)"
13894,18,115,"Ice Hockey, Women (Olympic)"
13895,9,115,"Ice Hockey, Women (Olympic)"
13896,19,115,"Ice Hockey, Women (Olympic)"
13897,39,115,"Ice Hockey, Women (Olympic)"
13898,16,115,"Ice Hockey, Women (Olympic)"
13899,57,115,"Ice Hockey, Women (Olympic)"
13900,19,124,"Skeleton, Men (Olympic)"
13901,57,19,"Singles, Men (Olympic)"
13902,44,50,"Curling, Men (Olympic)"
13903,14,105,"100 metres Backstroke, Men (Olympic)"
13904,3,11,"18 foot, Open (Olympic)"
13905,39,110,"1,500 metres, Men (Olympic)"
13906,57,110,"1,500 metres, Women (Olympic)"
13907,57,113,"10 kilometres, Women (Olympic)"
13908,57,113,"4 × 5 kilometres Relay, Women (Olympic)"
13909,16,113,"Sprint, Women (Olympic)"
13910,57,113,"15 kilometres Skiathlon, Women (Olympic)"
13911,57,113,"Team Sprint, Women (Olympic)"
13912,58,113,"Sprint, Women (Olympic)"
13913,58,113,"10 kilometres, Women (Olympic)"
13914,58,113,"15 kilometres Skiathlon, Women (Olympic)"
13915,16,113,"Team Sprint, Women (Olympic)"
13916,57,113,"30 kilometres, Women (Olympic)"
13917,16,113,"Sprint, Men (Olympic)"
13918,39,137,"Halfpipe, Women (Olympic)"
13919,16,137,"Halfpipe, Women (Olympic)"
13920,57,137,"Halfpipe, Women (Olympic)"
13921,16,137,"Slopestyle, Women (Olympic)"
13922,39,137,"Halfpipe, Men (Olympic)"
13923,16,12,"4 × 6 kilometres Relay, Women (Olympic)"
13924,57,12,"10 kilometres Sprint, Men (Olympic)"
13925,57,12,"12.5 kilometres Pursuit, Men (Olympic)"
13926,57,12,"20 kilometres, Men (Olympic)"
13927,57,12,"4 × 7.5 kilometres Relay, Men (Olympic)"
13928,9,12,"10/10 kilometres Pursuit, Men (Olympic)"
13929,16,129,"Pairs, Mixed (Olympic)"
13930,16,129,"Team, Mixed (Olympic)"
13931,57,129,"Pairs, Mixed (Olympic)"
13932,57,129,"Team, Mixed (Olympic)"
13933,39,119,"Downhill, Women (Olympic)"
13934,39,119,"Super G, Women (Olympic)"
13935,39,119,"Combined, Women (Olympic)"
13936,16,119,"Downhill, Women (Olympic)"
13937,16,119,"Super G, Women (Olympic)"
13938,16,119,"Combined, Women (Olympic)"
13939,9,12,"Sprint, Women (Olympic)"
13940,9,12,"4 × 5 kilometres Relay, Women (Olympic)"
13941,57,12,"2 × 6 kilometres and 2 × 7.5 kilometres Relay, Mixed (Olympic)"
13942,39,96,"Two, Women (Olympic)"
13943,16,130,"1,000 metres, Women (Olympic)"
13944,16,130,"1,500 metres, Women (Olympic)"
13945,16,130,"3,000 metres Relay, Women (Olympic)"
13946,57,119,"Downhill, Women (Olympic)"
13947,57,119,"Combined, Women (Olympic)"
13948,58,137,"Parallel Giant Slalom, Men (Olympic)"
13949,16,137,"Parallel Giant Slalom, Women (Olympic)"
13950,16,137,"Parallel Slalom, Women (Olympic)"
13951,57,137,"Parallel Giant Slalom, Women (Olympic)"
13952,58,137,"Parallel Giant Slalom, Women (Olympic)"
13953,16,110,"500 metres, Women (Olympic)"
13954,16,110,"1,000 metres, Women (Olympic)"
13955,16,19,"Doubles, Open (Olympic)"
13956,57,121,"Large Hill / 10 km, Individual, Men (Olympic)"
13957,39,130,"500 metres, Men (Olympic)"
13958,39,130,"1,000 metres, Men (Olympic)"
13959,39,130,"1,500 metres, Men (Olympic)"
13960,39,130,"5,000 metres Relay, Men (Olympic)"
13961,16,130,"500 metres, Men (Olympic)"
13962,16,130,"1,000 metres, Men (Olympic)"
13963,16,130,"1,500 metres, Men (Olympic)"
13964,16,130,"5,000 metres Relay, Men (Olympic)"
13965,39,129,"Ice Dancing, Mixed (Olympic)"
13966,9,124,"Skeleton, Women (Olympic)"
13967,19,124,"Skeleton, Women (Olympic)"
13968,39,124,"Skeleton, Women (Olympic)"
13969,39,124,"Skeleton, Men (Olympic)"
13970,16,124,"Skeleton, Men (Olympic)"
13971,57,124,"Skeleton, Men (Olympic)"
13972,58,124,"Skeleton, Men (Olympic)"
13973,57,119,"Team, Mixed (Olympic)"
13974,57,119,"Slalom, Women (Olympic)"
13975,57,96,"Four, Open (Olympic)"
13976,57,96,"Two, Men (Olympic)"
13977,58,96,"Two, Men (Olympic)"
13978,58,96,"Four, Open (Olympic)"
13979,39,129,"Singles, Men (Olympic)"
13980,16,129,"Singles, Men (Olympic)"
13981,16,50,"Curling, Men (Olympic)"
13982,57,50,"Curling, Men (Olympic)"
13983,58,50,"Curling, Men (Olympic)"
13984,57,115,"Ice Hockey, Men (Olympic)"
13985,45,114,Athletics
13986,45,114,"High Jump, Men (Olympic (non-medal))"
13987,45,114,"Standing High Jump, Men (Olympic)"
13988,45,114,"Pole Vault, Men (Olympic (non-medal))"
13989,45,114,"High Jump, Handicap, Men (Olympic (non-medal))"
13990,45,114,"Pole Vault, Handicap, Men (Olympic (non-medal))"
13991,45,122,Swimming (Aquatics)
13992,45,122,"Plunge For Distance, Men (Olympic)"
13993,45,122,"220 yards, Handicap, Men (Olympic (non-medal))"
13994,45,122,"1 mile, Handicap, Men (Olympic (non-medal))"
13995,45,63,"Singles, Men (Olympic)"
13996,3,26,"Unknown Event, Men (Olympic)"
13997,2,111,"Football, Men (Olympic)"
13998,52,37,"Team, Men (Olympic)"
13999,21,37,"Team, Men (Olympic)"
14000,52,93,"Basketball, Women (Olympic)"
14001,52,114,"200 metres Individual Medley, Men (Olympic)"
14002,21,114,"400 metres Individual Medley, Men (Olympic)"
14003,2,114,"400 metres Freestyle, Men (Olympic)"
14004,2,114,"200 metres Freestyle, Men (Olympic)"
14005,21,114,"100 metres Freestyle, Men (Olympic)"
14006,21,114,"200 metres Freestyle, Men (Olympic)"
14007,21,114,"400 metres Freestyle, Men (Olympic)"
14008,2,114,"4 × 200 metres Freestyle Relay, Women (Olympic)"
14009,21,114,"400 metres Freestyle, Women (Olympic)"
14010,21,114,"4 × 200 metres Freestyle Relay, Women (Olympic)"
14011,21,114,"200 metres Butterfly, Women (Olympic)"
14012,21,114,"400 metres Individual Medley, Women (Olympic)"
14013,52,114,"4 × 200 metres Freestyle Relay, Women (Olympic)"
14014,21,114,"100 metres Freestyle, Women (Olympic)"
14015,21,114,"200 metres Freestyle, Women (Olympic)"
14016,21,114,"4 × 100 metres Freestyle Relay, Women (Olympic)"
14017,52,114,"100 metres Freestyle, Women (Olympic)"
14018,52,114,"200 metres Freestyle, Women (Olympic)"
14019,52,114,"4 × 100 metres Medley Relay, Women (Olympic)"
14020,52,114,"4 × 100 metres Medley Relay, Mixed (Olympic)"
14021,2,114,"200 metres Breaststroke, Women (Olympic)"
14022,21,114,"100 metres Breaststroke, Women (Olympic)"
14023,52,114,"100 metres Breaststroke, Women (Olympic)"
14024,20,114,"10 kilometres Open Water, Women (Olympic)"
14025,52,114,"800 metres Freestyle, Women (Olympic)"
14026,52,114,"1,500 metres Freestyle, Women (Olympic)"
14027,21,136,"10 kilometres Open Water, Women (Olympic)"
14028,21,114,"100 metres Backstroke, Men (Olympic)"
14029,52,114,"50 metres Freestyle, Men (Olympic)"
14030,52,114,"4 × 100 metres Freestyle Relay, Men (Olympic)"
14031,52,114,"100 metres Butterfly, Men (Olympic)"
14032,52,114,"200 metres Backstroke, Women (Olympic)"
14033,52,114,"200 metres Butterfly, Women (Olympic)"
14034,52,114,"200 metres Individual Medley, Women (Olympic)"
14035,52,114,"400 metres Individual Medley, Women (Olympic)"
14036,21,114,"100 metres Butterfly, Women (Olympic)"
14037,20,17,"Flyweight, Women (Olympic)"
14038,2,17,"Flyweight, Women (Olympic)"
14039,21,17,"Flyweight, Women (Olympic)"
14040,2,17,"Lightweight, Women (Olympic)"
14041,21,17,"Lightweight, Women (Olympic)"
14042,52,17,"Lightweight, Women (Olympic)"
14043,21,17,"Featherweight, Men (Olympic)"
14044,21,114,"100 metres Breaststroke, Men (Olympic)"
14045,21,114,"200 metres Breaststroke, Men (Olympic)"
14046,52,94,"Road Race, Individual, Men (Olympic)"
14047,21,94,"Individual Time Trial, Men (Olympic)"
14048,21,94,"Road Race, Individual, Women (Olympic)"
14049,21,94,"Individual Time Trial, Women (Olympic)"
14050,52,94,"Road Race, Individual, Women (Olympic)"
14051,21,94,Cycling Track (Cycling)
14052,21,94,"Team Pursuit, Women (Olympic)"
14053,20,94,Cycling Track (Cycling)
14054,20,94,"Individual Pursuit, Women (Olympic)"
14055,21,114,"200 metres Backstroke, Men (Olympic)"
14056,52,114,"4 × 100 metres Freestyle Relay, Women (Olympic)"
14057,2,17,"Lightweight, Men (Olympic)"
14058,21,7,"Shot Put, Women (Olympic)"
14059,52,7,"Shot Put, Women (Olympic)"
14060,52,11,"Windsurfer, Women (Olympic)"
14061,2,11,"Three Person Keelboat, Women (Olympic)"
14062,21,11,"Skiff, Women (Olympic)"
14063,52,11,"Windsurfer, Men (Olympic)"
14064,2,11,"Skiff, Men (Olympic)"
14065,21,11,"Skiff, Men (Olympic)"
14066,21,22,"Lightweight Double Sculls, Women (Olympic)"
14067,52,22,"Lightweight Double Sculls, Women (Olympic)"
14068,21,22,"Quadruple Sculls, Women (Olympic)"
14069,21,22,"Eights, Men (Olympic)"
14070,21,22,"Quadruple Sculls, Men (Olympic)"
14071,21,22,"Single Sculls, Men (Olympic)"
14072,21,22,"Coxless Pairs, Men (Olympic)"
14073,21,22,"Lightweight Double Sculls, Men (Olympic)"
14074,52,22,"Coxless Fours, Men (Olympic)"
14075,20,17,"Middleweight, Men (Olympic)"
14076,20,17,"Light-Heavyweight, Men (Olympic)"
14077,2,17,"Light-Heavyweight, Men (Olympic)"
14078,2,17,"Super-Heavyweight, Women (Olympic)"
14079,2,17,"Heavyweight, Women (Olympic)"
14080,20,17,"Heavyweight, Women (Olympic)"
14081,2,17,"Light-Heavyweight, Women (Olympic)"
14082,21,17,"Heavyweight, Women (Olympic)"
14083,2,17,"Middleweight, Women (Olympic)"
14084,2,17,"Super-Heavyweight, Men (Olympic)"
14085,2,17,"Middle-Heavyweight, Men (Olympic)"
14086,52,26,"Air Rifle, 10 metres, Women (Olympic)"
14087,52,26,"Small-Bore Rifle, Three Positions, 50 metres, Women (Olympic)"
14088,52,26,"Skeet, Women (Olympic)"
14089,52,26,"Air Pistol, 10 metres, Men (Olympic)"
14090,52,26,"Air Rifle, 10 metres, Team, Mixed (Olympic)"
14091,52,26,"Air Rifle, 10 metres, Men (Olympic)"
14092,21,7,"100 metres, Women (Olympic)"
14093,52,7,"200 metres, Women (Olympic)"
14094,21,7,"800 metres, Women (Olympic)"
14095,52,7,"400 metres, Women (Olympic)"
14096,21,7,"400 metres, Women (Olympic)"
14097,21,7,"Pole Vault, Women (Olympic)"
14098,21,98,"Canadian Doubles, Slalom, Men (Olympic)"
14099,21,97,"Kayak Doubles, 500 metres, Women (Olympic)"
14100,21,97,"Kayak Fours, 500 metres, Women (Olympic)"
14101,52,97,"Kayak Singles, 500 metres, Women (Olympic)"
14102,21,97,"Kayak Singles, 1,000 metres, Men (Olympic)"
14103,2,97,"Canadian Singles, 1,000 metres, Men (Olympic)"
14104,2,97,"Canadian Singles, 200 metres, Men (Olympic)"
14105,21,97,"Canadian Singles, 200 metres, Men (Olympic)"
14106,2,97,"Canadian Doubles, 1,000 metres, Men (Olympic)"
14107,52,7,"4 × 400 metres Relay, Women (Olympic)"
14108,21,7,"100 metres Hurdles, Women (Olympic)"
14109,21,7,"Hammer Throw, Women (Olympic)"
14110,21,7,"20 kilometres Race Walk, Women (Olympic)"
14111,21,7,"200 metres, Men (Olympic)"
14112,52,7,"4 × 100 metres Relay, Men (Olympic)"
14113,21,7,"20 kilometres Race Walk, Men (Olympic)"
14114,52,7,"Triple Jump, Men (Olympic)"
14115,2,7,"1,500 metres, Men (Olympic)"
14116,21,7,"1,500 metres, Men (Olympic)"
14117,52,7,"1,500 metres, Men (Olympic)"
14118,21,7,"High Jump, Men (Olympic)"
14119,21,7,"400 metres Hurdles, Men (Olympic)"
14120,2,7,"10,000 metres, Men (Olympic)"
14121,21,7,"10,000 metres, Men (Olympic)"
14122,52,7,"Discus Throw, Men (Olympic)"
14123,2,7,"3,000 metres Steeplechase, Men (Olympic)"
14124,21,7,"3,000 metres Steeplechase, Men (Olympic)"
14125,2,7,"110 metres Hurdles, Men (Olympic)"
14126,21,10,"Doubles, Men (Olympic)"
14127,2,10,"Doubles, Women (Olympic)"
14128,52,24,"Épée, Individual, Women (Olympic)"
14129,22,24,"Sabre, Individual, Women (Olympic)"
14130,20,24,"Sabre, Individual, Women (Olympic)"
14131,20,24,"Sabre, Team, Women (Olympic)"
14132,2,24,"Sabre, Individual, Women (Olympic)"
14133,21,24,"Sabre, Individual, Women (Olympic)"
14134,21,24,"Sabre, Team, Women (Olympic)"
14135,52,24,"Sabre, Individual, Women (Olympic)"
14136,52,24,"Sabre, Team, Women (Olympic)"
14137,21,24,"Sabre, Individual, Men (Olympic)"
14138,52,24,"Sabre, Team, Men (Olympic)"
14139,2,24,"Foil, Individual, Men (Olympic)"
14140,2,24,"Foil, Team, Men (Olympic)"
14141,21,24,"Foil, Individual, Men (Olympic)"
14142,21,24,"Foil, Team, Men (Olympic)"
14143,52,24,"Foil, Individual, Men (Olympic)"
14144,52,24,"Foil, Team, Men (Olympic)"
14145,52,24,"Épée, Individual, Men (Olympic)"
14146,52,24,"Épée, Team, Men (Olympic)"
14147,21,48,"Olympic Distance, Women (Olympic)"
14148,52,48,"Olympic Distance, Women (Olympic)"
14149,52,48,"Relay, Mixed (Olympic)"
14150,2,27,"Flyweight, Men (Olympic)"
14151,2,27,"Light-Flyweight, Men (Olympic)"
14152,20,27,"Featherweight, Men (Olympic)"
14153,20,27,"Light-Welterweight, Men (Olympic)"
14154,2,27,"Bantamweight, Men (Olympic)"
14155,2,27,"Lightweight, Men (Olympic)"
14156,2,27,"Light-Welterweight, Men (Olympic)"
14157,2,27,"Welterweight, Men (Olympic)"
14158,21,27,"Light-Heavyweight, Men (Olympic)"
14159,20,27,"Heavyweight, Men (Olympic)"
14160,2,27,"Heavyweight, Men (Olympic)"
14161,21,27,"Heavyweight, Men (Olympic)"
14162,21,27,"Super-Heavyweight, Men (Olympic)"
14163,20,27,"Super-Heavyweight, Men (Olympic)"
14164,2,27,"Super-Heavyweight, Men (Olympic)"
14165,2,2,"Extra-Lightweight, Women (Olympic)"
14166,2,2,"Half-Lightweight, Women (Olympic)"
14167,2,2,"Lightweight, Women (Olympic)"
14168,21,2,"Lightweight, Women (Olympic)"
14169,52,2,"Lightweight, Women (Olympic)"
14170,2,2,"Half-Middleweight, Women (Olympic)"
14171,21,2,"Middleweight, Women (Olympic)"
14172,2,2,"Half-Heavyweight, Women (Olympic)"
14173,21,2,"Heavyweight, Women (Olympic)"
14174,2,7,"Javelin Throw, Women (Olympic)"
14175,21,7,"Javelin Throw, Women (Olympic)"
14176,52,7,"Javelin Throw, Women (Olympic)"
14177,21,48,"Olympic Distance, Men (Olympic)"
14178,21,7,"400 metres Hurdles, Women (Olympic)"
14179,21,7,"Triple Jump, Women (Olympic)"
14180,21,7,"Pole Vault, Men (Olympic)"
14181,2,2,"Half-Lightweight, Men (Olympic)"
14182,2,2,"Extra-Lightweight, Men (Olympic)"
14183,21,2,"Extra-Lightweight, Men (Olympic)"
14184,21,2,"Lightweight, Men (Olympic)"
14185,52,126,"Beach Volleyball, Men (Olympic)"
14186,20,100,"Sprint, Women (Olympic)"
14187,21,100,"Sprint, Women (Olympic)"
14188,21,100,"Keirin, Women (Olympic)"
14189,21,100,"Team Sprint, Women (Olympic)"
14190,52,100,"Sprint, Women (Olympic)"
14191,52,100,"Keirin, Women (Olympic)"
14192,52,100,"Team Sprint, Women (Olympic)"
14193,20,94,"Points Race, Women (Olympic)"
14194,2,100,"Team Pursuit, Women (Olympic)"
14195,20,94,"Points Race, Men (Olympic)"
14196,21,100,"Sprint, Men (Olympic)"
14197,21,100,"Keirin, Men (Olympic)"
14198,21,100,"Team Sprint, Men (Olympic)"
14199,2,94,"Keirin, Men (Olympic)"
14200,2,100,"Sprint, Men (Olympic)"
14201,2,7,"Javelin Throw, Men (Olympic)"
14202,21,7,"Javelin Throw, Men (Olympic)"
14203,52,7,"Triple Jump, Women (Olympic)"
14204,52,7,"100 metres, Women (Olympic)"
14205,52,7,"4 × 100 metres Relay, Women (Olympic)"
14206,2,117,"Individual All-Around, Men (Olympic)"
14207,2,117,"Floor Exercise, Men (Olympic)"
14208,21,117,"Team All-Around, Men (Olympic)"
14209,2,117,"Horse Vault, Men (Olympic)"
14210,52,32,"Doubles, Women (Olympic)"
14211,52,32,"Singles, Women (Olympic)"
14212,21,32,"Singles, Men (Olympic)"
14213,52,32,"Singles, Men (Olympic)"
14214,52,40,"Doubles, Mixed (Olympic)"
14215,22,18,"Flyweight, Freestyle, Women (Olympic)"
14216,20,18,"Flyweight, Freestyle, Women (Olympic)"
14217,2,18,"Flyweight, Freestyle, Women (Olympic)"
14218,22,18,"Lightweight, Freestyle, Women (Olympic)"
14219,2,18,"Lightweight, Freestyle, Women (Olympic)"
14220,21,18,"Featherweight, Freestyle, Women (Olympic)"
14221,22,18,"Middleweight, Freestyle, Women (Olympic)"
14222,20,18,"Middleweight, Freestyle, Women (Olympic)"
14223,2,18,"Middleweight, Freestyle, Women (Olympic)"
14224,21,18,"Lightweight, Freestyle, Women (Olympic)"
14225,2,18,"Heavyweight, Freestyle, Women (Olympic)"
14226,21,18,"Heavyweight, Freestyle, Women (Olympic)"
14227,20,18,"Heavyweight, Freestyle, Women (Olympic)"
14228,52,18,"Heavyweight, Freestyle, Women (Olympic)"
14229,21,18,"Super-Heavyweight, Greco-Roman, Men (Olympic)"
14230,52,18,"Super-Heavyweight, Greco-Roman, Men (Olympic)"
14231,2,18,"Featherweight, Greco-Roman, Men (Olympic)"
14232,2,18,"Lightweight, Greco-Roman, Men (Olympic)"
14233,21,18,"Light-Heavyweight, Greco-Roman, Men (Olympic)"
14234,2,18,"Middleweight, Greco-Roman, Men (Olympic)"
14235,2,18,"Welterweight, Greco-Roman, Men (Olympic)"
14236,21,18,"Welterweight, Greco-Roman, Men (Olympic)"
14237,2,125,"Team, Women (Olympic)"
14238,21,125,"Team, Women (Olympic)"
14239,20,118,"Group, Women (Olympic)"
14240,2,118,"Individual, Women (Olympic)"
14241,21,118,"Individual, Women (Olympic)"
14242,2,118,"Group, Women (Olympic)"
14243,20,105,"Synchronized Platform, Women (Olympic)"
14244,2,105,"Platform, Women (Olympic)"
14245,21,105,"Platform, Women (Olympic)"
14246,21,105,"Synchronized Platform, Women (Olympic)"
14247,21,105,"Synchronized Springboard, Men (Olympic)"
14248,21,105,"Platform, Men (Olympic)"
14249,21,105,"Synchronized Platform, Men (Olympic)"
14250,52,109,"Cross-Country, Women (Olympic)"
14251,16,12,Cross Country Skiing (Skiing)
14252,16,12,"Sprint, Women (Olympic)"
14253,58,113,"Team Sprint, Women (Olympic)"
14254,52,109,"Cross-Country, Men (Olympic)"
14255,2,18,"Light-Heavyweight, Freestyle, Men (Olympic)"
14256,2,18,"Lightweight, Freestyle, Men (Olympic)"
14257,21,18,"Welterweight, Freestyle, Men (Olympic)"
14258,2,18,"Middleweight, Freestyle, Men (Olympic)"
14259,20,18,"Featherweight, Freestyle, Men (Olympic)"
14260,2,18,"Featherweight, Freestyle, Men (Olympic)"
14261,2,28,"Flyweight, Women (Olympic)"
14262,20,28,"Featherweight, Women (Olympic)"
14263,20,28,"Flyweight, Women (Olympic)"
14264,21,28,"Heavyweight, Women (Olympic)"
14265,1,28,"Lightweight, Women (Olympic (non-medal))"
14266,22,28,"Welterweight, Women (Olympic)"
14267,2,28,"Heavyweight, Women (Olympic)"
14268,2,28,"Flyweight, Men (Olympic)"
14269,20,28,"Featherweight, Men (Olympic)"
14270,20,28,"Flyweight, Men (Olympic)"
14271,2,28,"Featherweight, Men (Olympic)"
14272,52,93,"Basketball, Men (Olympic)"
14273,20,135,"Individual, Men (Olympic)"
14274,2,135,"Individual, Men (Olympic)"
14275,52,16,"Handball, Men (Olympic)"
14276,52,16,"Handball, Women (Olympic)"
14277,21,21,"Hockey, Men (Olympic)"
14278,52,21,"Hockey, Men (Olympic)"
14279,52,91,"Softball, Women (Olympic)"
14280,52,127,"Volleyball, Women (Olympic)"
14281,21,122,"Water Polo, Women (Olympic)"
14282,52,122,"Water Polo, Men (Olympic)"
14283,52,7,"Marathon, Women (Olympic)"
14284,21,7,"Long Jump, Men (Olympic)"
14285,58,121,"Normal Hill / 10 km, Individual, Men (Olympic)"
14286,58,121,"Large Hill / 10 km, Individual, Men (Olympic)"
14287,58,121,"Team, Men (Olympic)"
14288,19,12,"Sprint, Men (Olympic)"
14289,19,12,"4 × 10 kilometres Relay, Men (Olympic)"
14290,57,12,"15 kilometres Mass Start, Men (Olympic)"
14291,57,131,"Moguls, Women (Olympic)"
14292,16,110,"1,500 metres, Men (Olympic)"
14293,16,110,"5,000 metres, Men (Olympic)"
14294,16,110,"Team Pursuit (8 laps), Men (Olympic)"
14295,57,110,"5,000 metres, Men (Olympic)"
14296,57,110,"10,000 metres, Men (Olympic)"
14297,57,110,"Mass Start, Men (Olympic)"
14298,57,110,"Team Pursuit (8 laps), Men (Olympic)"
14299,58,110,"5,000 metres, Men (Olympic)"
14300,58,110,"Mass Start, Men (Olympic)"
14301,58,110,"Team Pursuit (8 laps), Men (Olympic)"
14302,57,110,"1,000 metres, Men (Olympic)"
14303,57,110,"1,500 metres, Men (Olympic)"
14304,57,19,"Team Relay, Mixed (Olympic)"
14305,58,19,"Singles, Men (Olympic)"
14306,58,19,"Team Relay, Mixed (Olympic)"
14307,58,133,"Normal Hill, Team, Mixed (Olympic)"
14308,57,110,"1,000 metres, Women (Olympic)"
14309,58,110,"1,000 metres, Women (Olympic)"
14310,58,110,"1,500 metres, Women (Olympic)"
14311,58,110,"Team Pursuit (6 laps), Women (Olympic)"
14312,58,110,"5,000 metres, Women (Olympic)"
14313,57,113,"Sprint, Women (Olympic)"
14314,58,113,"30 kilometres, Women (Olympic)"
14315,58,113,"4 × 5 kilometres Relay, Women (Olympic)"
14316,57,113,"15 kilometres, Men (Olympic)"
14317,57,113,"4 × 10 kilometres Relay, Men (Olympic)"
14318,16,137,"Halfpipe, Men (Olympic)"
14319,57,137,"Halfpipe, Men (Olympic)"
14320,58,137,"Halfpipe, Men (Olympic)"
14321,39,137,"Cross, Men (Olympic)"
14322,16,137,"Cross, Men (Olympic)"
14323,57,137,"Cross, Men (Olympic)"
14324,16,137,"Slopestyle, Men (Olympic)"
14325,57,119,"Downhill, Men (Olympic)"
14326,57,119,"Super G, Men (Olympic)"
14327,57,119,"Combined, Men (Olympic)"
14328,57,119,"Slalom, Men (Olympic)"
14329,58,119,"Slalom, Men (Olympic)"
14330,57,130,"500 metres, Men (Olympic)"
14331,57,130,"1,000 metres, Men (Olympic)"
14332,57,130,"1,500 metres, Men (Olympic)"
14333,57,130,"5,000 metres Relay, Men (Olympic)"
14334,58,130,"1,500 metres, Men (Olympic)"
14335,58,130,"5,000 metres Relay, Men (Olympic)"
14336,16,130,"500 metres, Women (Olympic)"
14337,57,130,"500 metres, Women (Olympic)"
14338,57,130,"1,000 metres, Women (Olympic)"
14339,57,130,"1,500 metres, Women (Olympic)"
14340,57,130,"3,000 metres Relay, Women (Olympic)"
14341,58,130,"500 metres, Women (Olympic)"
14342,58,130,"2,000 metres Relay, Mixed (Olympic)"
14343,58,130,"1,000 metres, Women (Olympic)"
14344,58,130,"1,500 metres, Women (Olympic)"
14345,58,130,"3,000 metres Relay, Women (Olympic)"
14346,16,19,"Singles, Women (Olympic)"
14347,57,19,"Singles, Women (Olympic)"
14348,57,96,"Two, Women (Olympic)"
14349,58,137,"Halfpipe, Women (Olympic)"
14350,57,137,"Slopestyle, Women (Olympic)"
14351,57,137,"Big Air, Women (Olympic)"
14352,57,12,"10 kilometres Pursuit, Women (Olympic)"
14353,57,12,"4 × 6 kilometres Relay, Women (Olympic)"
14354,19,12,"30 kilometres, Women (Olympic)"
14355,19,12,"4 × 5 kilometres Relay, Women (Olympic)"
14356,57,12,"12.5 kilometres Mass Start, Women (Olympic)"
14357,58,12,"2 × 6 kilometres and 2 × 7.5 kilometres Relay, Mixed (Olympic)"
14358,58,12,"15 kilometres, Women (Olympic)"
14359,57,110,"500 metres, Men (Olympic)"
14360,57,113,"Sprint, Men (Olympic)"
14361,57,113,"50 kilometres, Men (Olympic)"
14362,58,119,"Team, Mixed (Olympic)"
14363,58,119,"Giant Slalom, Men (Olympic)"
14364,57,119,"Giant Slalom, Men (Olympic)"
14365,58,119,"Downhill, Men (Olympic)"
14366,58,119,"Super G, Men (Olympic)"
14367,57,110,"500 metres, Women (Olympic)"
14368,57,50,"Curling, Women (Olympic)"
14369,58,50,"Curling, Women (Olympic)"
14370,58,115,"Ice Hockey, Women (Olympic)"
14371,57,19,"Doubles, Open (Olympic)"
14372,58,19,"Doubles, Open (Olympic)"
14373,16,131,"Moguls, Men (Olympic)"
14374,57,131,"Moguls, Men (Olympic)"
14375,58,131,"Moguls, Men (Olympic)"
14376,19,121,Ski Jumping (Skiing)
14377,19,121,"Large Hill, Team, Men (Olympic)"
14378,16,124,"Skeleton, Women (Olympic)"
14379,57,124,"Skeleton, Women (Olympic)"
14380,58,124,"Skeleton, Women (Olympic)"
14381,57,113,"Team Sprint, Men (Olympic)"
14382,16,129,"Ice Dancing, Mixed (Olympic)"
14383,57,131,"Aerials, Men (Olympic)"
14384,58,131,"Aerials, Men (Olympic)"
14385,16,129,"Singles, Women (Olympic)"
14386,57,129,"Singles, Women (Olympic)"
14387,57,137,"Cross, Women (Olympic)"
14388,58,137,"Team Cross, Mixed (Olympic)"
14389,58,137,"Cross, Women (Olympic)"
14390,58,115,"Ice Hockey, Men (Olympic)"
14391,52,111,"Football, Men (Olympic)"
14392,59,37,"Individual, Girls (YOG)"
14393,59,37,"Team, Mixed Youth (YOG)"
14394,52,94,"Individual Time Trial, Men (Olympic)"
14395,20,94,"Individual Pursuit, 4,000 metres, Men (Olympic)"
14396,21,117,"Individual All-Around, Men (Olympic)"
14397,21,117,"Parallel Bars, Men (Olympic)"
14398,21,117,"Rings, Men (Olympic)"
14399,21,117,"Pommelled Horse, Men (Olympic)"
14400,52,117,"Parallel Bars, Men (Olympic)"
14401,52,117,"Horizontal Bar, Men (Olympic)"
14402,52,117,"Floor Exercise, Men (Olympic)"
14403,2,27,"Light-Heavyweight, Men (Olympic)"
14404,52,27,"Heavyweight, Men (Olympic)"
14405,52,114,"100 metres Breaststroke, Men (Olympic)"
14406,52,114,"100 metres Butterfly, Women (Olympic)"
14407,52,114,"50 metres Freestyle, Women (Olympic)"
14408,59,114,"50 metres Freestyle, Girls (YOG)"
14409,59,114,"4 × 100 metres Freestyle Relay, Mixed Youth (YOG)"
14410,59,114,"100 metres Freestyle, Girls (YOG)"
14411,59,114,"4 × 100 metres Medley Relay, Mixed Youth (YOG)"
14412,59,114,"200 metres Freestyle, Girls (YOG)"
14413,59,114,"4 × 100 metres Freestyle Relay, Girls (YOG)"
14414,59,114,"4 × 100 metres Medley Relay, Girls (YOG)"
14415,21,22,"Coxless Fours, Men (Olympic)"
14416,52,22,"Single Sculls, Men (Olympic)"
14417,52,22,"Eights, Men (Olympic)"
14418,52,22,"Single Sculls, Women (Olympic)"
14419,52,22,"Double Sculls, Women (Olympic)"
14420,52,22,"Coxless Pairs, Women (Olympic)"
14421,52,22,"Quadruple Sculls, Women (Olympic)"
14422,52,10,"Singles, Men (Olympic)"
14423,21,10,"Singles, Women (Olympic)"
14424,21,10,"Doubles, Women (Olympic)"
14425,52,10,"Doubles, Women (Olympic)"
14426,52,126,"Beach Volleyball, Women (Olympic)"
14427,21,2,"Extra-Lightweight, Women (Olympic)"
14428,52,2,"Extra-Lightweight, Women (Olympic)"
14429,52,2,"Team, Mixed (Olympic)"
14430,52,2,"Half-Middleweight, Women (Olympic)"
14431,21,2,"Half-Heavyweight, Women (Olympic)"
14432,52,2,"Half-Heavyweight, Women (Olympic)"
14433,52,2,"Heavyweight, Women (Olympic)"
14434,21,2,"Half-Middleweight, Women (Olympic)"
14435,21,2,"Half-Lightweight, Women (Olympic)"
14436,52,2,"Heavyweight, Men (Olympic)"
14437,21,2,"Half-Heavyweight, Men (Olympic)"
14438,52,2,"Half-Heavyweight, Men (Olympic)"
14439,21,2,"Half-Middleweight, Men (Olympic)"
14440,21,2,"Half-Lightweight, Men (Olympic)"
14441,52,10,"Doubles, Men (Olympic)"
14442,52,27,"Lightweight, Men (Olympic)"
14443,21,27,"Welterweight, Men (Olympic)"
14444,52,27,"Welterweight, Men (Olympic)"
14445,21,27,"Light-Welterweight, Men (Olympic)"
14446,21,27,"Middleweight, Men (Olympic)"
14447,21,27,"Lightweight, Men (Olympic)"
14448,52,27,"Featherweight, Men (Olympic)"
14449,21,27,"Bantamweight, Men (Olympic)"
14450,21,27,"Light-Flyweight, Men (Olympic)"
14451,21,27,"Flyweight, Men (Olympic)"
14452,52,94,"Individual Time Trial, Women (Olympic)"
14453,21,100,"Omnium, Women (Olympic)"
14454,20,134,"BMX, Women (Olympic)"
14455,2,134,"BMX, Women (Olympic)"
14456,21,134,"BMX, Women (Olympic)"
14457,21,100,"Team Pursuit, Women (Olympic)"
14458,52,100,"Sprint, Men (Olympic)"
14459,52,100,"Keirin, Men (Olympic)"
14460,52,100,"Team Sprint, Men (Olympic)"
14461,21,94,"Sprint, Men (Olympic)"
14462,21,94,"Keirin, Men (Olympic)"
14463,21,94,"Team Sprint, Men (Olympic)"
14464,21,100,"Omnium, Men (Olympic)"
14465,52,100,"Team Pursuit, 4,000 metres, Men (Olympic)"
14466,2,100,Cycling Mountain Bike (Cycling)
14467,2,100,"Cross-Country, Men (Olympic)"
14468,52,100,"Madison, Men (Olympic)"
14469,52,100,"Omnium, Men (Olympic)"
14470,2,134,"BMX, Men (Olympic)"
14471,21,134,"BMX, Men (Olympic)"
14472,52,92,"Baseball, Men (Olympic)"
14473,52,21,"Hockey, Women (Olympic)"
14474,52,122,"Water Polo, Women (Olympic)"
14475,52,127,"Volleyball, Men (Olympic)"
14476,21,7,"Heptathlon, Women (Olympic)"
14477,2,7,"800 metres, Women (Olympic)"
14478,21,7,"3,000 metres Steeplechase, Women (Olympic)"
14479,21,7,"1,500 metres, Women (Olympic)"
14480,52,7,"Shot Put, Men (Olympic)"
14481,21,7,"800 metres, Men (Olympic)"
14482,52,7,"800 metres, Men (Olympic)"
14483,52,7,"20 kilometres Race Walk, Men (Olympic)"
14484,58,96,"Two, Women (Olympic)"
14485,52,7,"Pole Vault, Women (Olympic)"
14486,52,7,"High Jump, Men (Olympic)"
14487,52,7,"400 metres, Men (Olympic)"
14488,52,7,"4 × 400 metres Relay, Men (Olympic)"
14489,52,7,"4 × 400 metres Relay, Mixed (Olympic)"
14490,52,7,"200 metres, Men (Olympic)"
14491,21,7,"110 metres Hurdles, Men (Olympic)"
14492,52,7,"110 metres Hurdles, Men (Olympic)"
14493,52,7,"Hammer Throw, Women (Olympic)"
14494,52,7,"Long Jump, Women (Olympic)"
14495,21,7,"Decathlon, Men (Olympic)"
14496,52,7,"Pole Vault, Men (Olympic)"
14497,52,7,"Javelin Throw, Men (Olympic)"
14498,59,114,"50 metres Freestyle, Boys (YOG)"
14499,59,114,"100 metres Freestyle, Boys (YOG)"
14500,59,114,"200 metres Freestyle, Boys (YOG)"
14501,59,114,"100 metres Backstroke, Boys (YOG)"
14502,59,114,"200 metres Individual Medley, Boys (YOG)"
14503,52,114,"400 metres Freestyle, Men (Olympic)"
14504,52,114,"100 metres Backstroke, Men (Olympic)"
14505,52,114,"4 × 100 metres Medley Relay, Men (Olympic)"
14506,52,114,"100 metres Freestyle, Men (Olympic)"
14507,52,114,"100 metres Backstroke, Women (Olympic)"
14508,59,114,"50 metres Backstroke, Girls (YOG)"
14509,59,114,"100 metres Backstroke, Girls (YOG)"
14510,21,114,"200 metres Breaststroke, Women (Olympic)"
14511,59,114,"200 metres Breaststroke, Girls (YOG)"
14512,59,114,"200 metres Individual Medley, Girls (YOG)"
14513,59,114,"400 metres Freestyle, Girls (YOG)"
14514,59,114,"200 metres Butterfly, Girls (YOG)"
14515,59,114,"100 metres Butterfly, Boys (YOG)"
14516,59,114,"200 metres Butterfly, Boys (YOG)"
14517,52,114,"200 metres Freestyle, Men (Olympic)"
14518,52,114,"4 × 200 metres Freestyle Relay, Men (Olympic)"
14519,52,105,"Platform, Women (Olympic)"
14520,52,105,"Springboard, Women (Olympic)"
14521,52,105,"Synchronized Springboard, Women (Olympic)"
14522,59,105,"Springboard, Girls (YOG)"
14523,59,105,"Platform, Girls (YOG)"
14524,59,105,"Springboard, Boys (YOG)"
14525,52,105,"Platform, Men (Olympic)"
14526,52,105,"Synchronized Platform, Men (Olympic)"
14527,52,125,"Team, Women (Olympic)"
14528,52,125,"Duet, Women (Olympic)"
14529,52,48,"Olympic Distance, Men (Olympic)"
14530,21,17,"Featherweight, Women (Olympic)"
14531,52,17,"Featherweight, Women (Olympic)"
14532,21,17,"Middleweight, Women (Olympic)"
14533,52,17,"Middleweight, Women (Olympic)"
14534,21,17,"Light-Heavyweight, Women (Olympic)"
14535,52,17,"Heavyweight, Women (Olympic)"
14536,21,17,"Super-Heavyweight, Women (Olympic)"
14537,21,17,"Bantamweight, Men (Olympic)"
14538,52,17,"Featherweight, Men (Olympic)"
14539,21,17,"Lightweight, Men (Olympic)"
14540,21,17,"Light-Heavyweight, Men (Olympic)"
14541,2,17,"Middleweight, Men (Olympic)"
14542,52,17,"Light-Heavyweight, Men (Olympic)"
14543,21,17,"Middle-Heavyweight, Men (Olympic)"
14544,21,17,"Heavyweight, Men (Olympic)"
14545,21,17,"Super-Heavyweight, Men (Olympic)"
14546,21,33,"Individual, Women (Olympic)"
14547,52,33,"Individual, Women (Olympic)"
14548,21,33,"Individual, Men (Olympic)"
14549,52,33,"Individual, Men (Olympic)"
14550,21,98,"Canadian Singles, Slalom, Men (Olympic)"
14551,52,98,"Canadian Singles, Slalom, Men (Olympic)"
14552,21,98,"Kayak Singles, Slalom, Men (Olympic)"
14553,52,98,"Kayak Singles, Slalom, Men (Olympic)"
14554,52,97,"Canadian Singles, 1,000 metres, Men (Olympic)"
14555,52,97,"Canadian Doubles, 1,000 metres, Men (Olympic)"
14556,52,97,"Kayak Doubles, 1,000 metres, Men (Olympic)"
14557,52,97,"Kayak Singles, 200 metres, Men (Olympic)"
14558,21,98,"Kayak Singles, Slalom, Women (Olympic)"
14559,52,98,"Kayak Singles, Slalom, Women (Olympic)"
14560,52,98,"Canadian Singles, Slalom, Women (Olympic)"
14561,52,97,"Kayak Doubles, 500 metres, Women (Olympic)"
14562,52,97,"Kayak Fours, 500 metres, Women (Olympic)"
14563,59,114,"50 metres Breaststroke, Girls (YOG)"
14564,59,114,"100 metres Breaststroke, Girls (YOG)"
14565,59,114,"100 metres Butterfly, Girls (YOG)"
14566,52,114,"200 metres Backstroke, Men (Olympic)"
14567,52,135,"Individual, Women (Olympic)"
14568,21,135,"Individual, Men (Olympic)"
14569,52,135,"Individual, Men (Olympic)"
14570,21,118,"Group, Women (Olympic)"
14571,52,7,"High Jump, Women (Olympic)"
14572,52,7,"20 kilometres Race Walk, Women (Olympic)"
14573,21,18,"Flyweight, Freestyle, Women (Olympic)"
14574,52,18,"Flyweight, Freestyle, Women (Olympic)"
14575,52,18,"Featherweight, Freestyle, Women (Olympic)"
14576,52,18,"Middleweight, Freestyle, Women (Olympic)"
14577,21,18,"Middleweight, Freestyle, Women (Olympic)"
14578,21,18,"Light-Heavyweight, Freestyle, Women (Olympic)"
14579,52,18,"Light-Heavyweight, Freestyle, Women (Olympic)"
14580,21,18,"Featherweight, Freestyle, Men (Olympic)"
14581,52,18,"Welterweight, Freestyle, Men (Olympic)"
14582,52,18,"Middleweight, Freestyle, Men (Olympic)"
14583,21,18,"Middleweight, Freestyle, Men (Olympic)"
14584,21,18,"Light-Heavyweight, Freestyle, Men (Olympic)"
14585,21,18,"Heavyweight, Freestyle, Men (Olympic)"
14586,2,18,"Heavyweight, Freestyle, Men (Olympic)"
14587,52,18,"Heavyweight, Freestyle, Men (Olympic)"
14588,21,18,"Super-Heavyweight, Freestyle, Men (Olympic)"
14589,20,18,"Featherweight, Greco-Roman, Men (Olympic)"
14590,21,18,"Featherweight, Greco-Roman, Men (Olympic)"
14591,52,18,"Featherweight, Greco-Roman, Men (Olympic)"
14592,52,18,"Middleweight, Greco-Roman, Men (Olympic)"
14593,21,18,"Middleweight, Greco-Roman, Men (Olympic)"
14594,52,18,"Heavyweight, Greco-Roman, Men (Olympic)"
14595,21,18,"Heavyweight, Greco-Roman, Men (Olympic)"
14596,21,28,"Flyweight, Women (Olympic)"
14597,52,28,"Flyweight, Women (Olympic)"
14598,2,28,"Featherweight, Women (Olympic)"
14599,21,28,"Featherweight, Women (Olympic)"
14600,21,28,"Welterweight, Women (Olympic)"
14601,21,28,"Flyweight, Men (Olympic)"
14602,21,28,"Featherweight, Men (Olympic)"
14603,21,28,"Heavyweight, Men (Olympic)"
14604,52,32,"Doubles, Men (Olympic)"
14605,52,32,"Doubles, Mixed (Olympic)"
14606,21,117,"Individual All-Around, Women (Olympic)"
14607,21,117,"Uneven Bars, Women (Olympic)"
14608,52,117,"Individual All-Around, Women (Olympic)"
14609,52,117,"Team All-Around, Women (Olympic)"
14610,52,117,"Floor Exercise, Women (Olympic)"
14611,52,117,"Uneven Bars, Women (Olympic)"
14612,52,117,"Balance Beam, Women (Olympic)"
14613,52,11,"Skiff, Men (Olympic)"
14614,52,11,"Two Person Dinghy, Men (Olympic)"
14615,52,11,"One Person Heavyweight Dinghy, Men (Olympic)"
14616,52,22,"Lightweight Double Sculls, Men (Olympic)"
14617,21,22,"Lightweight Coxless Fours, Men (Olympic)"
14618,52,22,"Double Sculls, Men (Olympic)"
14619,52,22,"Eights, Women (Olympic)"
14620,52,24,"Épée, Team, Women (Olympic)"
14621,52,24,"Foil, Individual, Women (Olympic)"
14622,52,24,"Sabre, Individual, Men (Olympic)"
14623,52,2,"Half-Middleweight, Men (Olympic)"
14624,58,119,"Combined, Men (Olympic)"
14625,58,119,"Slalom, Women (Olympic)"
14626,52,100,"Team Pursuit, Women (Olympic)"
14627,58,119,"Downhill, Women (Olympic)"
14628,58,119,"Combined, Women (Olympic)"
14629,16,12,"50 kilometres, Men (Olympic)"
14630,58,12,"10 kilometres Sprint, Men (Olympic)"
14631,58,12,"12.5 kilometres Pursuit, Men (Olympic)"
14632,58,12,"20 kilometres, Men (Olympic)"
14633,58,12,"4 × 7.5 kilometres Relay, Men (Olympic)"
14634,58,12,"7.5 kilometres Sprint, Women (Olympic)"
14635,58,12,"10 kilometres Pursuit, Women (Olympic)"
14636,58,12,"4 × 6 kilometres Relay, Women (Olympic)"
14637,58,12,"15 kilometres Mass Start, Men (Olympic)"
14638,57,12,Cross Country Skiing (Skiing)
14639,57,12,"Team Sprint, Women (Olympic)"
14640,16,12,"Sprint, Men (Olympic)"
14641,16,12,"15 kilometres, Men (Olympic)"
14642,39,12,Cross Country Skiing (Skiing)
14643,39,12,"10 kilometres, Women (Olympic)"
14644,16,12,"10 kilometres, Women (Olympic)"
14645,58,96,"Monobob, Women (Olympic)"
14646,58,113,"15 kilometres, Men (Olympic)"
14647,58,113,"50 kilometres, Men (Olympic)"
14648,58,113,"30 kilometres Skiathlon, Men (Olympic)"
14649,58,113,"Sprint, Men (Olympic)"
14650,58,113,"Team Sprint, Men (Olympic)"
14651,58,113,"4 × 10 kilometres Relay, Men (Olympic)"
14652,39,12,"4 × 10 kilometres Relay, Men (Olympic)"
14653,58,50,"Mixed Doubles, Mixed (Olympic)"
14654,57,50,"Mixed Doubles, Mixed (Olympic)"
14655,57,131,"Ski Cross, Women (Olympic)"
14656,58,131,"Ski Cross, Women (Olympic)"
14657,16,131,"Ski Cross, Men (Olympic)"
14658,58,131,"Team Aerials, Mixed (Olympic)"
14659,58,131,"Aerials, Women (Olympic)"
14660,58,131,"Moguls, Women (Olympic)"
14661,57,131,"Ski Cross, Men (Olympic)"
14662,57,129,"Singles, Men (Olympic)"
14663,58,129,"Singles, Men (Olympic)"
14664,58,129,"Team, Mixed (Olympic)"
14665,57,129,"Ice Dancing, Mixed (Olympic)"
14666,58,129,"Ice Dancing, Mixed (Olympic)"
14667,58,129,"Pairs, Mixed (Olympic)"
14668,58,19,"Singles, Women (Olympic)"
14669,39,121,Ski Jumping (Skiing)
14670,39,121,"Large Hill, Team, Men (Olympic)"
14671,58,137,"Cross, Men (Olympic)"
14672,57,137,"Slopestyle, Men (Olympic)"
14673,57,137,"Big Air, Men (Olympic)"
14674,58,137,"Slopestyle, Women (Olympic)"
14675,58,137,"Big Air, Women (Olympic)"
14676,58,137,"Slopestyle, Men (Olympic)"
14677,58,137,"Big Air, Men (Olympic)"
14678,58,110,"10,000 metres, Men (Olympic)"
14679,58,110,"1,000 metres, Men (Olympic)"
14680,58,110,"500 metres, Women (Olympic)"
14681,16,110,Short Track Speed Skating (Skating)
14682,16,110,"3,000 metres Relay, Women (Olympic)"
14683,57,110,Short Track Speed Skating (Skating)
14684,57,110,"3,000 metres Relay, Women (Olympic)"
14685,58,110,"1,500 metres, Men (Olympic)"
14686,58,130,"1,000 metres, Men (Olympic)"
14687,39,110,Short Track Speed Skating (Skating)
14688,59,7,"10,000 metres Race Walk, Boys (YOG)"
14689,59,24,"Foil, Individual, Girls (YOG)"
14690,59,24,"Mixed Weapon, Team, Mixed Youth (YOG)"
14691,59,7,"100 metres Hurdles, Girls (YOG)"
14692,59,26,"Air Rifle, 10 metres, Girls (YOG)"
14693,52,7,"5,000 metres, Women (Olympic)"
14694,52,7,"10,000 metres, Women (Olympic)"
14695,59,114,"50 metres Breaststroke, Boys (YOG)"
14696,59,114,"100 metres Breaststroke, Boys (YOG)"
14697,59,7,"Long Jump, Girls (YOG)"
14698,52,7,"Heptathlon, Women (Olympic)"
14699,52,7,"400 metres Hurdles, Men (Olympic)"
14700,52,7,"5,000 metres, Men (Olympic)"
14701,52,7,"10,000 metres, Men (Olympic)"
14702,52,7,"800 metres, Women (Olympic)"
14703,59,7,"200 metres, Boys (YOG)"
14704,59,7,"Medley Relay, Boys (YOG)"
14705,52,7,"100 metres, Men (Olympic)"
14706,59,7,"100 metres, Boys (YOG)"
14707,60,114,"50 metres Freestyle, Girls (YOG)"
14708,60,114,"4 × 100 metres Freestyle Relay, Mixed Youth (YOG)"
14709,60,114,"100 metres Freestyle, Girls (YOG)"
14710,60,114,"4 × 100 metres Medley Relay, Mixed Youth (YOG)"
14711,60,114,"50 metres Butterfly, Girls (YOG)"
14712,60,114,"100 metres Butterfly, Girls (YOG)"
14713,52,2,"Half-Lightweight, Women (Olympic)"
14714,52,2,"Lightweight, Men (Olympic)"
14715,59,97,"Kayak Singles, Head to Head, Girls (YOG)"
14716,59,97,"Kayak Singles, Obstacle Slalom, Girls (YOG)"
14717,52,114,"400 metres Freestyle, Women (Olympic)"
14718,52,28,"Featherweight, Women (Olympic)"
14719,52,118,"Group, Women (Olympic)"
14720,59,118,"Group, Girls (YOG)"
14721,59,40,"Singles, Girls (YOG)"
14722,59,40,"Team, Mixed Youth (YOG)"
14723,2,27,"Lightweight, Women (Olympic)"
14724,2,27,"Flyweight, Women (Olympic)"
14725,2,27,"Middleweight, Women (Olympic)"
14726,52,117,"Individual All-Around, Men (Olympic)"
14727,52,117,"Team All-Around, Men (Olympic)"
14728,52,117,"Rings, Men (Olympic)"
14729,52,117,"Pommelled Horse, Men (Olympic)"
14730,59,117,"Individual All-Around, Girls (YOG)"
14731,59,117,"Floor Exercise, Girls (YOG)"
14732,59,117,"Vault, Girls (YOG)"
14733,59,117,"Uneven Bars, Girls (YOG)"
14734,59,117,"Balance Beam, Girls (YOG)"
14735,59,40,"Singles, Boys (YOG)"
14736,59,114,"200 metres Breaststroke, Boys (YOG)"
14737,52,114,"200 metres Breaststroke, Men (Olympic)"
14738,52,7,"Decathlon, Men (Olympic)"
14739,52,18,"Light-Heavyweight, Freestyle, Men (Olympic)"
14740,21,27,"Middleweight, Women (Olympic)"
14741,59,7,"Pole Vault, Girls (YOG)"
14742,52,2,"Middleweight, Men (Olympic)"
14743,59,114,"200 metres Backstroke, Boys (YOG)"
14744,59,27,"Lightweight, Boys (YOG)"
14745,59,7,"400 metres Hurdles, Girls (YOG)"
14746,59,2,"Team, Mixed Youth (YOG)"
14747,59,2,"≤63 kilograms, Girls (YOG)"
14748,52,28,"Heavyweight, Men (Olympic)"
14749,59,7,"Long Jump, Boys (YOG)"
14750,52,27,"Super-Heavyweight, Men (Olympic)"
14751,52,7,"100 metres Hurdles, Women (Olympic)"
14752,52,27,"Flyweight, Men (Olympic)"
14753,52,114,"200 metres Breaststroke, Women (Olympic)"
14754,52,18,"Light-Heavyweight, Greco-Roman, Men (Olympic)"
14755,59,28,"≤55 kilograms, Girls (YOG)"
14756,52,28,"Welterweight, Women (Olympic)"
14757,59,26,"Air Rifle, 10 metres, Boys (YOG)"
14758,59,7,"100 metres, Girls (YOG)"
14759,59,105,"Platform, Boys (YOG)"
14760,52,97,"Kayak Singles, 1,000 metres, Men (Olympic)"
14761,52,100,"Omnium, Women (Olympic)"
14762,59,114,"200 metres Backstroke, Girls (YOG)"
14763,59,7,"400 metres, Boys (YOG)"
14764,59,7,"3,000 metres, Boys (YOG)"
14765,59,7,"3,000 metres, Girls (YOG)"
14766,52,7,"1,500 metres, Women (Olympic)"
14767,59,17,"Featherweight, Boys (YOG)"
14768,52,22,"Coxless Pairs, Men (Olympic)"
14769,59,17,"Bantamweight, Boys (YOG)"
14770,21,27,"Lightweight, Women (Olympic)"
14771,59,37,"Individual, Boys (YOG)"
14772,59,7,"Pole Vault, Boys (YOG)"
14773,59,21,"Hockey, Boys (YOG)"
14774,52,18,"Super-Heavyweight, Freestyle, Men (Olympic)"
14775,59,17,"Middleweight, Boys (YOG)"
14776,21,17,"Middleweight, Men (Olympic)"
14777,59,17,"Featherweight, Girls (YOG)"
14778,59,7,"400 metres, Girls (YOG)"
14779,59,7,"Medley Relay, Girls (YOG)"
14780,59,26,"Air Pistol, 10 metres, Boys (YOG)"
14781,52,114,"400 metres Individual Medley, Men (Olympic)"
14782,59,114,"50 metres Butterfly, Boys (YOG)"
14783,52,114,"800 metres Freestyle, Men (Olympic)"
14784,52,114,"1,500 metres Freestyle, Men (Olympic)"
14785,60,114,"200 metres Freestyle, Girls (YOG)"
14786,60,114,"50 metres Backstroke, Girls (YOG)"
14787,60,114,"100 metres Backstroke, Girls (YOG)"
14788,60,114,"200 metres Backstroke, Girls (YOG)"
14789,60,114,"200 metres Individual Medley, Girls (YOG)"
14790,52,2,"Half-Lightweight, Men (Olympic)"
14791,60,114,"200 metres Butterfly, Girls (YOG)"
14792,59,114,"50 metres Backstroke, Boys (YOG)"
14793,52,17,"Middleweight, Men (Olympic)"
14794,59,7,"1,000 metres, Girls (YOG)"
14795,59,27,"Light-Heavyweight, Boys (YOG)"
14796,59,17,"Lightweight, Girls (YOG)"
14797,21,22,"Coxless Pairs, Women (Olympic)"
14798,59,117,"Individual All-Around, Boys (YOG)"
14799,59,117,"Floor Exercise, Boys (YOG)"
14800,59,117,"Vault, Boys (YOG)"
14801,59,117,"Parallel Bars, Boys (YOG)"
14802,59,117,"Rings, Boys (YOG)"
14803,59,117,"Pommelled Horse, Boys (YOG)"
14804,52,114,"200 metres Butterfly, Men (Olympic)"
14805,59,114,"400 metres Freestyle, Boys (YOG)"
14806,59,114,"4 × 100 metres Freestyle Relay, Boys (YOG)"
14807,59,114,"4 × 100 metres Medley Relay, Boys (YOG)"
14808,59,33,"Individual, Girls (YOG)"
14809,59,33,"Relay, Mixed Youth (YOG)"
14810,59,94,"Combined Team, Mixed Youth (YOG)"
14811,52,134,"BMX, Men (Olympic)"
14812,60,114,"50 metres Breaststroke, Girls (YOG)"
14813,60,114,"100 metres Breaststroke, Girls (YOG)"
14814,59,27,"Middleweight, Boys (YOG)"
14815,52,100,"Madison, Women (Olympic)"
14816,52,134,"BMX, Women (Olympic)"
14817,52,17,"Super-Heavyweight, Men (Olympic)"
14818,21,27,"Flyweight, Women (Olympic)"
14819,52,28,"Heavyweight, Women (Olympic)"
14820,52,27,"Flyweight, Women (Olympic)"
14821,2,94,"Omnium, Men (Olympic)"
14822,59,27,"Bantamweight, Boys (YOG)"
14823,52,2,"Middleweight, Women (Olympic)"
14824,59,22,"Single Sculls, Boys (YOG)"
14825,52,7,"400 metres Hurdles, Women (Olympic)"
14826,52,17,"Lightweight, Men (Olympic)"
14827,52,10,"Singles, Women (Olympic)"
14828,52,2,"Extra-Lightweight, Men (Olympic)"
14829,59,117,"Horizontal Bar, Boys (YOG)"
14830,59,7,"Javelin Throw, Boys (YOG)"
14831,60,114,"400 metres Freestyle, Girls (YOG)"
14832,60,114,"800 metres Freestyle, Girls (YOG)"
14833,52,18,"Welterweight, Greco-Roman, Men (Olympic)"
14834,59,28,"≤55 kilograms, Boys (YOG)"
14835,59,17,"Heavyweight, Boys (YOG)"
14836,60,105,"Springboard, Girls (YOG)"
14837,60,105,"Team, Mixed Youth (YOG)"
14838,60,105,"Platform, Girls (YOG)"
14839,59,27,"Flyweight, Boys (YOG)"
14840,59,32,"Singles, Girls (YOG)"
14841,59,32,"Doubles, Girls (YOG)"
14842,59,17,"Middleweight, Girls (YOG)"
14843,52,17,"Heavyweight, Men (Olympic)"
14844,59,118,"Individual, Girls (YOG)"
14845,59,21,"Hockey, Girls (YOG)"
14846,52,7,"Long Jump, Men (Olympic)"
14847,59,114,"50 metres Butterfly, Girls (YOG)"
14848,59,10,"Singles, Girls (YOG)"
14849,21,111,"Football, Men (Olympic)"
14850,59,7,"1,000 metres, Boys (YOG)"
14851,52,114,Marathon Swimming (Aquatics)
14852,52,114,"10 kilometres Open Water, Men (Olympic)"
14853,59,26,"Air Pistol, 10 metres, Girls (YOG)"
14854,59,16,"Handball, Girls (YOG)"
14855,59,138,"3x3 Basketball, Girls (YOG)"
14856,52,28,"Featherweight, Men (Olympic)"
14857,52,10,"Doubles, Mixed (Olympic)"
14858,59,24,"Foil, Individual, Boys (YOG)"
14859,59,27,"Super-Heavyweight, Boys (YOG)"
14860,2,94,Cycling Mountain Bike (Cycling)
14861,2,94,"Cross-Country, Women (Olympic)"
14862,21,94,Cycling Mountain Bike (Cycling)
14863,21,94,"Cross-Country, Women (Olympic)"
14864,52,11,"Skiff, Women (Olympic)"
14865,52,100,Cycling Road (Cycling)
14866,52,100,"Road Race, Individual, Women (Olympic)"
14867,52,100,"Individual Time Trial, Women (Olympic)"
14868,2,94,"Omnium, Women (Olympic)"
14869,52,22,"Coxless Fours, Women (Olympic)"
14870,52,114,"10 kilometres Open Water, Women (Olympic)"
14871,52,7,"3,000 metres Steeplechase, Women (Olympic)"
14872,60,114,"200 metres Breaststroke, Girls (YOG)"
14873,59,11,"One Person Dinghy, Girls (YOG)"
14874,52,17,"Super-Heavyweight, Women (Olympic)"
14875,59,27,"Welterweight, Boys (YOG)"
14876,59,22,"Coxless Pairs, Girls (YOG)"
14877,59,135,"Individual, Girls (YOG)"
14878,60,40,"Singles, Girls (YOG)"
14879,60,40,"Team, Mixed Youth (YOG)"
14880,52,18,"Lightweight, Freestyle, Women (Olympic)"
14881,52,28,"Flyweight, Men (Olympic)"
14882,59,7,"High Jump, Boys (YOG)"
14883,60,114,"50 metres Freestyle, Boys (YOG)"
14884,60,114,"50 metres Butterfly, Boys (YOG)"
14885,61,119,"Super G, Boys (YOG)"
14886,61,119,"Giant Slalom, Boys (YOG)"
14887,61,119,"Slalom, Boys (YOG)"
14888,61,119,"Combined, Boys (YOG)"
14889,61,119,"Super G, Girls (YOG)"
14890,61,119,"Giant Slalom, Girls (YOG)"
14891,61,119,"Slalom, Girls (YOG)"
14892,61,119,"Combined, Girls (YOG)"
14893,61,113,"Sprint, Girls (YOG)"
14894,61,113,"5 kilometres, Girls (YOG)"
14895,16,131,"Slopestyle, Women (Olympic)"
14896,16,131,"Halfpipe, Women (Olympic)"
14897,16,131,"Slopestyle, Men (Olympic)"
14898,57,131,"Slopestyle, Men (Olympic)"
14899,61,19,"Singles, Boys (YOG)"
14900,58,12,"12.5 kilometres Mass Start, Women (Olympic)"
14901,61,96,"Two, Boys (YOG)"
14902,16,131,"Halfpipe, Men (Olympic)"
14903,57,131,"Halfpipe, Men (Olympic)"
14904,62,131,"Halfpipe, Boys (YOG)"
14905,62,131,"Slopestyle, Boys (YOG)"
14906,58,131,"Halfpipe, Men (Olympic)"
14907,61,19,"Singles, Girls (YOG)"
14908,61,19,"Team Relay, Mixed Youth (YOG)"
14909,16,133,"Normal Hill, Individual, Women (Olympic)"
14910,57,133,"Normal Hill, Individual, Women (Olympic)"
14911,58,133,"Normal Hill, Individual, Women (Olympic)"
14912,57,131,"Halfpipe, Women (Olympic)"
14913,57,131,"Slopestyle, Women (Olympic)"
14914,58,131,"Ski Cross, Men (Olympic)"
14915,61,133,"Medium Hill, Individual, Girls (YOG)"
14916,61,133,"Medium Hill, Team, Mixed Youth (YOG)"
14917,61,133,"Medium Hill, Individual, Boys (YOG)"
14918,58,110,"500 metres, Men (Olympic)"
14919,58,131,"Slopestyle, Women (Olympic)"
14920,58,131,"Big Air, Women (Olympic)"
14921,61,12,"6 kilometres Sprint, Girls (YOG)"
14922,61,12,"7.5 kilometres Pursuit, Girls (YOG)"
14923,61,129,"Singles, Girls (YOG)"
14924,61,129,"Singles, Boys (YOG)"
14925,58,130,"500 metres, Men (Olympic)"
14926,61,121,"Medium Hill / 10 km, Individual, Boys (YOG)"
14927,61,121,Ski Jumping (Skiing)
14928,61,121,"Medium Hill, Team, Mixed Youth (YOG)"
14929,57,137,Alpine Skiing (Skiing)
14930,57,137,"Super G, Women (Olympic)"
14931,57,137,"Giant Slalom, Women (Olympic)"
14932,58,119,Snowboarding (Skiing)
14933,58,119,"Parallel Giant Slalom, Women (Olympic)"
14934,61,131,"Halfpipe, Boys (YOG)"
14935,58,131,"Slopestyle, Men (Olympic)"
14936,58,131,"Big Air, Men (Olympic)"
14937,61,131,"Halfpipe, Girls (YOG)"
14938,61,12,"2 × 6 kilometres and 2 × 7.5 kilometres Relay, Mixed Youth (YOG)"
14939,61,12,Mixed Sports
14940,61,12,"Cross-Country / Biathlon Relay, Mixed Youth (YOG)"
14941,58,131,"Halfpipe, Women (Olympic)"
14942,61,137,"Slopestyle, Boys (YOG)"
14943,61,137,"Halfpipe, Boys (YOG)"
14944,62,130,"500 metres, Girls (YOG)"
14945,62,130,"3,000 metres Relay, Mixed Youth (YOG)"
14946,62,130,"1,000 metres, Girls (YOG)"
14947,52,139,"Park, Men (Olympic)"
14948,61,129,"Team, Mixed Youth (YOG)"
14949,61,130,"500 metres, Girls (YOG)"
14950,61,130,"3,000 metres Relay, Mixed Youth (YOG)"
14951,61,130,"1,000 metres, Girls (YOG)"
14952,61,96,"Two, Girls (YOG)"
14953,61,140,"Cross-Country / Biathlon Relay, Mixed Youth (YOG)"
14954,61,140,Cross Country Skiing (Skiing)
14955,61,140,"Sprint, Boys (YOG)"
14956,61,140,"10 kilometres, Boys (YOG)"
14957,61,115,"Ice Hockey, Girls (YOG)"
14958,61,12,"7.5 kilometres Sprint, Boys (YOG)"
14959,61,12,"10 kilometres Pursuit, Boys (YOG)"
14960,63,114,"50 metres Freestyle, Girls (YOG)"
14961,63,114,"100 metres Freestyle, Girls (YOG)"
14962,60,26,"Air Rifle, 10 metres, Team, Mixed Youth (YOG)"
14963,60,26,"Air Rifle, 10 metres, Girls (YOG)"
14964,60,17,"Heavyweight, Girls (YOG)"
14965,60,7,"8 × 100 metres Relay, Mixed Youth (YOG)"
14966,60,7,"400 metres, Girls (YOG)"
14967,21,35,"Individual, Women (Olympic)"
14968,52,35,"Individual, Women (Olympic)"
14969,21,141,"Rugby Sevens, Women (Olympic)"
14970,52,141,"Rugby Sevens, Women (Olympic)"
14971,60,114,"4 × 100 metres Freestyle Relay, Girls (YOG)"
14972,60,114,"4 × 100 metres Medley Relay, Girls (YOG)"
14973,59,48,"Sprint, Girls (YOG)"
14974,59,48,"Relay, Mixed Youth (YOG)"
14975,63,114,"200 metres Freestyle, Girls (YOG)"
14976,59,7,"200 metres, Girls (YOG)"
14977,60,11,"One Person Dinghy, Girls (YOG)"
14978,59,7,"Hammer Throw, Girls (YOG)"
14979,59,7,"2,000 metres Steeplechase, Girls (YOG)"
14980,52,17,"Light-Heavyweight, Women (Olympic)"
14981,60,117,"Individual All-Around, Girls (YOG)"
14982,60,117,"Floor Exercise, Girls (YOG)"
14983,60,117,"Balance Beam, Girls (YOG)"
14984,63,40,"Singles, Girls (YOG)"
14985,63,40,"Team, Mixed Youth (YOG)"
14986,52,27,"Featherweight, Women (Olympic)"
14987,59,2,"≤52 kilograms, Girls (YOG)"
14988,60,141,"Rugby Sevens, Girls (YOG)"
14989,60,22,"Coxless Pairs, Girls (YOG)"
14990,59,18,"≤70 kilograms, Freestyle, Girls (YOG)"
14991,60,7,"100 metres, Girls (YOG)"
14992,52,27,"Middleweight, Women (Olympic)"
14993,60,117,"Vault, Girls (YOG)"
14994,60,117,"Uneven Bars, Girls (YOG)"
14995,60,142,"Hockey 5s, Girls (YOG)"
14996,59,28,">63 kilograms, Girls (YOG)"
14997,59,7,"High Jump, Girls (YOG)"
14998,60,7,"High Jump, Girls (YOG)"
14999,59,22,"Single Sculls, Girls (YOG)"
15000,60,7,"2,000 metres Steeplechase, Girls (YOG)"
15001,60,7,"1,500 metres, Girls (YOG)"
15002,60,33,"Individual, Girls (YOG)"
15003,60,33,"Relay, Mixed Youth (YOG)"
15004,60,26,"Air Pistol, 10 metres, Girls (YOG)"
15005,60,26,"Air Pistol, 10 metres, Team, Mixed Youth (YOG)"
15006,52,27,"Lightweight, Women (Olympic)"
15007,59,18,"≤46 kilograms, Freestyle, Girls (YOG)"
15008,52,118,"Individual, Women (Olympic)"
15009,59,7,"Javelin Throw, Girls (YOG)"
15010,59,7,"Discus Throw, Girls (YOG)"
15011,63,105,"Springboard, Girls (YOG)"
15012,63,105,"Team, Mixed Youth (YOG)"
15013,63,105,"Platform, Girls (YOG)"
15014,60,24,"Foil, Individual, Girls (YOG)"
15015,63,114,"400 metres Freestyle, Girls (YOG)"
15016,63,114,"800 metres Freestyle, Girls (YOG)"
15017,63,114,"200 metres Individual Medley, Girls (YOG)"
15018,59,7,"5,000 metres Race Walk, Girls (YOG)"
15019,60,35,"Individual, Girls (YOG)"
15020,60,35,"Team, Mixed Youth (YOG)"
15021,60,28,"≤63 kilograms, Girls (YOG)"
15022,60,27,"Flyweight, Girls (YOG)"
15023,63,114,"50 metres Butterfly, Girls (YOG)"
15024,60,10,"Singles, Girls (YOG)"
15025,60,10,"Doubles, Mixed Youth (YOG)"
15026,60,135,"Individual, Girls (YOG)"
15027,59,17,"Heavyweight, Girls (YOG)"
15028,59,24,"Sabre, Individual, Girls (YOG)"
15029,60,16,"Handball, Girls (YOG)"
15030,59,28,"≤49 kilograms, Girls (YOG)"
15031,60,11,"Windsurfer, Girls (YOG)"
15032,60,32,"Singles, Girls (YOG)"
15033,60,32,"Doubles, Mixed Youth (YOG)"
15034,60,32,"Doubles, Girls (YOG)"
15035,60,17,"Featherweight, Girls (YOG)"
15036,60,7,"3,000 metres, Girls (YOG)"
15037,60,24,"Mixed Weapon, Team, Mixed Youth (YOG)"
15038,60,24,"Sabre, Individual, Girls (YOG)"
15039,60,7,"800 metres, Girls (YOG)"
15040,59,17,"Super-Heavyweight, Girls (YOG)"
15041,60,28,">63 kilograms, Girls (YOG)"
15042,60,118,"Individual, Girls (YOG)"
15043,59,11,"Windsurfer, Girls (YOG)"
15044,60,7,"200 metres, Girls (YOG)"
15045,60,28,"≤55 kilograms, Girls (YOG)"
15046,60,7,"Pole Vault, Girls (YOG)"
15047,59,7,"Triple Jump, Girls (YOG)"
15048,60,37,"Individual, Girls (YOG)"
15049,60,37,"Team, Mixed Youth (YOG)"
15050,60,28,"≤44 kilograms, Girls (YOG)"
15051,60,22,"Single Sculls, Girls (YOG)"
15052,60,27,"Middleweight, Girls (YOG)"
15053,52,27,"Welterweight, Women (Olympic)"
15054,60,28,"≤49 kilograms, Girls (YOG)"
15055,59,24,"Épée, Individual, Girls (YOG)"
15056,60,2,"Team, Mixed Youth (YOG)"
15057,60,2,"≤78 kilograms, Girls (YOG)"
15058,59,7,"2,000 metres Steeplechase, Boys (YOG)"
15059,52,7,"3,000 metres Steeplechase, Men (Olympic)"
15060,60,114,"400 metres Freestyle, Boys (YOG)"
15061,60,114,"800 metres Freestyle, Boys (YOG)"
15062,60,114,"100 metres Freestyle, Boys (YOG)"
15063,60,114,"200 metres Freestyle, Boys (YOG)"
15064,21,35,"Individual, Men (Olympic)"
15065,21,141,"Rugby Sevens, Men (Olympic)"
15066,52,141,"Rugby Sevens, Men (Olympic)"
15067,59,11,"Windsurfer, Boys (YOG)"
15068,60,114,"100 metres Butterfly, Boys (YOG)"
15069,60,114,"200 metres Butterfly, Boys (YOG)"
15070,59,127,"Volleyball, Boys (YOG)"
15071,60,26,"Air Rifle, 10 metres, Boys (YOG)"
15072,59,17,"Super-Heavyweight, Boys (YOG)"
15073,60,17,"Super-Heavyweight, Boys (YOG)"
15074,59,7,"Shot Put, Boys (YOG)"
15075,21,94,"Cross-Country, Men (Olympic)"
15076,60,33,"Individual, Boys (YOG)"
15077,59,22,"Coxless Pairs, Boys (YOG)"
15078,60,114,"4 × 100 metres Freestyle Relay, Boys (YOG)"
15079,60,114,"4 × 100 metres Medley Relay, Boys (YOG)"
15080,60,7,"Triple Jump, Boys (YOG)"
15081,60,27,"Light-Flyweight, Boys (YOG)"
15082,60,22,"Single Sculls, Boys (YOG)"
15083,52,28,"Welterweight, Men (Olympic)"
15084,59,7,"Triple Jump, Boys (YOG)"
15085,59,7,"400 metres Hurdles, Boys (YOG)"
15086,60,114,"50 metres Breaststroke, Boys (YOG)"
15087,60,114,"100 metres Breaststroke, Boys (YOG)"
15088,59,32,"Singles, Boys (YOG)"
15089,59,32,"Doubles, Boys (YOG)"
15090,59,104,"Individual, Open Youth (YOG)"
15091,59,104,"Team, Open Youth (YOG)"
15092,52,35,"Individual, Men (Olympic)"
15093,59,2,"≤100 kilograms, Boys (YOG)"
15094,60,114,"200 metres Breaststroke, Boys (YOG)"
15095,60,28,"≤55 kilograms, Boys (YOG)"
15096,60,7,"200 metres, Boys (YOG)"
15097,60,7,"400 metres, Boys (YOG)"
15098,60,2,"≤55 kilograms, Boys (YOG)"
15099,60,37,"Individual, Boys (YOG)"
15100,60,10,"Singles, Boys (YOG)"
15101,59,97,"Canoe Singles, Head to Head, Boys (YOG)"
15102,59,97,"Canoe Singles, Obstacle Slalom, Boys (YOG)"
15103,59,24,"Épée, Individual, Boys (YOG)"
15104,60,40,"Singles, Boys (YOG)"
15105,60,27,"Flyweight, Boys (YOG)"
15106,60,105,"Springboard, Boys (YOG)"
15107,60,105,"Platform, Boys (YOG)"
15108,60,114,"100 metres Backstroke, Boys (YOG)"
15109,60,114,"200 metres Individual Medley, Boys (YOG)"
15110,60,114,"200 metres Backstroke, Boys (YOG)"
15111,52,27,"Middleweight, Men (Olympic)"
15112,52,27,"Light-Heavyweight, Men (Olympic)"
15113,60,17,"Lightweight, Boys (YOG)"
15114,60,18,"≤76 kilograms, Freestyle, Boys (YOG)"
15115,59,7,"110 metres Hurdles, Boys (YOG)"
15116,59,27,"Heavyweight, Boys (YOG)"
15117,60,2,"≤81 kilograms, Boys (YOG)"
15118,60,117,"Individual All-Around, Boys (YOG)"
15119,59,97,"Kayak Singles, Head to Head, Boys (YOG)"
15120,59,97,"Kayak Singles, Obstacle Slalom, Boys (YOG)"
15121,60,22,"Coxless Pairs, Boys (YOG)"
15122,60,7,"1,500 metres, Boys (YOG)"
15123,60,26,"Air Pistol, 10 metres, Boys (YOG)"
15124,59,18,"≤85 kilograms, Greco Roman, Boys (YOG)"
15125,59,11,"One Person Dinghy, Boys (YOG)"
15126,59,16,"Handball, Boys (YOG)"
15127,59,33,"Individual, Boys (YOG)"
15128,60,141,"Rugby Sevens, Boys (YOG)"
15129,59,135,"Individual, Boys (YOG)"
15130,59,18,"≤100 kilograms, Freestyle, Boys (YOG)"
15131,59,28,"≤73 kilograms, Boys (YOG)"
15132,59,17,"Lightweight, Boys (YOG)"
15133,63,114,"50 metres Butterfly, Boys (YOG)"
15134,63,114,"100 metres Butterfly, Boys (YOG)"
15135,52,17,"Middle-Heavyweight, Men (Olympic)"
15136,60,114,"50 metres Backstroke, Boys (YOG)"
15137,59,2,"≤81 kilograms, Boys (YOG)"
15138,60,2,"≤66 kilograms, Boys (YOG)"
15139,59,2,"≤55 kilograms, Boys (YOG)"
15140,59,7,"Discus Throw, Boys (YOG)"
15141,60,7,"110 metres Hurdles, Boys (YOG)"
15142,60,27,"Lightweight, Boys (YOG)"
15143,60,135,"Individual, Boys (YOG)"
15144,52,18,"Featherweight, Freestyle, Men (Olympic)"
15145,63,114,"50 metres Breaststroke, Boys (YOG)"
15146,63,114,"100 metres Breaststroke, Boys (YOG)"
15147,63,114,"200 metres Breaststroke, Boys (YOG)"
15148,60,97,"Canoe Singles, Head to Head, Boys (YOG)"
15149,60,97,"Canoe Singles, Obstacle Slalom, Boys (YOG)"
15150,59,7,"Hammer Throw, Boys (YOG)"
15151,60,94,"Combined Team, Boys (YOG)"
15152,60,94,"Relay, Mixed Youth (YOG)"
15153,60,142,"Hockey 5s, Boys (YOG)"
15154,60,7,"Shot Put, Boys (YOG)"
15155,60,117,"Floor Exercise, Boys (YOG)"
15156,60,117,"Vault, Boys (YOG)"
15157,60,117,"Parallel Bars, Boys (YOG)"
15158,60,117,"Horizontal Bar, Boys (YOG)"
15159,60,117,"Rings, Boys (YOG)"
15160,60,117,"Pommelled Horse, Boys (YOG)"
15161,60,16,"Handball, Boys (YOG)"
15162,60,97,"Kayak Singles, Head to Head, Boys (YOG)"
15163,60,97,"Kayak Singles, Obstacle Slalom, Boys (YOG)"
15164,60,28,"≤48 kilograms, Boys (YOG)"
15165,60,24,"Sabre, Individual, Boys (YOG)"
15166,63,40,"Singles, Boys (YOG)"
15167,60,27,"Welterweight, Boys (YOG)"
15168,52,100,"Individual Time Trial, Men (Olympic)"
15169,62,19,"Singles, Girls (YOG)"
15170,62,113,"Sprint, Boys (YOG)"
15171,62,113,"10 kilometres, Boys (YOG)"
15172,62,113,"Cross, Boys (YOG)"
15173,61,119,Freestyle Skiing (Skiing)
15174,61,119,"Ski Cross, Boys (YOG)"
15175,58,129,"Singles, Women (Olympic)"
15176,62,137,"Slopestyle, Girls (YOG)"
15177,62,137,"Halfpipe, Girls (YOG)"
15178,61,119,"Team, Mixed Youth (YOG)"
15179,61,140,"Sprint, Girls (YOG)"
15180,61,140,"5 kilometres, Girls (YOG)"
15181,62,131,"Halfpipe, Girls (YOG)"
15182,62,131,"Slopestyle, Girls (YOG)"
15183,62,19,"Team Relay, Mixed Youth (YOG)"
15184,61,19,"Doubles, Open Youth (YOG)"
15185,62,119,"Super G, Girls (YOG)"
15186,62,119,"Team, Mixed Youth (YOG)"
15187,62,119,"Giant Slalom, Girls (YOG)"
15188,62,119,"Slalom, Girls (YOG)"
15189,62,119,"Super G, Boys (YOG)"
15190,62,119,"Giant Slalom, Boys (YOG)"
15191,62,119,"Slalom, Boys (YOG)"
15192,62,119,"Combined, Boys (YOG)"
15193,61,124,"Skeleton, Girls (YOG)"
15194,62,137,"Slopestyle, Boys (YOG)"
15195,62,137,"Halfpipe, Boys (YOG)"
15196,62,119,"Combined, Girls (YOG)"
15197,62,12,"6 kilometres Sprint, Girls (YOG)"
15198,62,12,"2 × 6 kilometres and 2 × 7.5 kilometres Relay, Mixed Youth (YOG)"
15199,62,12,"7.5 kilometres Pursuit, Girls (YOG)"
15200,62,12,"6 and 7.5 kilometres Single Relay, Mixed Youth (YOG)"
15201,61,131,"Ski Cross, Girls (YOG)"
15202,62,19,"Singles, Boys (YOG)"
15203,62,113,"Sprint, Girls (YOG)"
15204,62,113,"5 kilometres, Girls (YOG)"
15205,62,113,"Cross, Girls (YOG)"
15206,64,131,"Halfpipe, Girls (YOG)"
15207,62,129,"Singles, Girls (YOG)"
15208,62,129,"Team, Mixed Youth (YOG)"
15209,61,129,"Pairs, Mixed Youth (YOG)"
15210,62,110,"500 metres, Girls (YOG)"
15211,62,110,"Team Sprint, Mixed Youth (YOG)"
15212,62,110,"1,500 metres, Girls (YOG)"
15213,62,110,"Mass Start, Girls (YOG)"
15214,61,130,"500 metres, Boys (YOG)"
15215,61,130,"1,000 metres, Boys (YOG)"
15216,61,113,"Sprint, Boys (YOG)"
15217,61,113,"10 kilometres, Boys (YOG)"
15218,62,113,Mixed Sports
15219,62,113,"Cross-Country Skiing / Ski Jumping / Nordic Combined Team, Mixed Youth (YOG)"
15220,62,129,"Pairs, Mixed Youth (YOG)"
15221,62,140,"Cross-Country Skiing / Ski Jumping / Nordic Combined Team, Mixed Youth (YOG)"
15222,62,140,Ski Jumping (Skiing)
15223,62,140,"Normal Hill, Team, Mixed Youth (YOG)"
15224,62,140,Nordic Combined (Skiing)
15225,62,140,"Normal Hill / 5 km, Individual, Boys (YOG)"
15226,61,110,"500 metres, Girls (YOG)"
15227,62,133,"Normal Hill, Individual, Boys (YOG)"
15228,61,129,"Ice Dancing, Mixed Youth (YOG)"
15229,62,140,"Normal Hill, Individual, Boys (YOG)"
15230,61,137,"Slopestyle, Girls (YOG)"
15231,61,137,"Halfpipe, Girls (YOG)"
15232,62,137,"Cross, Boys (YOG)"
15233,62,140,"Freestyle/Snowboard Relay, Mixed Youth (YOG)"
15234,62,140,Snowboarding (Skiing)
15235,62,140,"Cross, Girls (YOG)"
15236,61,110,"3,000 metres, Girls (YOG)"
15237,61,110,"Mass Start, Girls (YOG)"
15238,62,130,"500 metres, Boys (YOG)"
15239,62,130,"1,000 metres, Boys (YOG)"
15240,61,50,"Doubles, Mixed Youth (YOG)"
15241,61,50,"Curling, Mixed Youth (YOG)"
15242,62,140,"Normal Hill, Individual, Girls (YOG)"
15243,61,110,"1,500 metres, Boys (YOG)"
15244,61,110,"3,000 metres, Boys (YOG)"
15245,61,110,"Mass Start, Boys (YOG)"
15246,61,110,"1,500 metres, Girls (YOG)"
15247,61,110,Short Track Speed Skating (Skating)
15248,61,110,"3,000 metres Relay, Mixed Youth (YOG)"
15249,61,110,"1,000 metres, Girls (YOG)"
15250,61,110,"500 metres, Boys (YOG)"
15251,62,129,"Singles, Boys (YOG)"
15252,62,115,"Skills Challenge, Girls (YOG)"
15253,61,115,"Skills Challenge, Girls (YOG)"
15254,57,121,Ski Jumping (Skiing)
15255,57,121,"Large Hill, Team, Men (Olympic)"
15256,62,110,"500 metres, Boys (YOG)"
15257,62,110,"1,500 metres, Boys (YOG)"
15258,62,110,"Mass Start, Boys (YOG)"
15259,58,12,Cross Country Skiing (Skiing)
15260,58,12,"30 kilometres, Women (Olympic)"
15261,58,12,"4 × 5 kilometres Relay, Women (Olympic)"
15262,62,96,"Monobob, Boys (YOG)"
15263,62,140,Freestyle Skiing (Skiing)
15264,62,140,"Ski Cross, Girls (YOG)"
15265,62,115,"Ice Hockey, Girls (YOG)"
15266,64,131,"Slopestyle, Girls (YOG)"
15267,64,131,"Big Air, Girls (YOG)"
15268,62,124,"Skeleton, Boys (YOG)"
15269,4,143,"Longest time travelled (#2), Handicap, Open (Olympic (non-medal))"
15270,4,143,"Longest time travelled (#3), Open (Olympic (non-medal))"
15271,4,143,"Closest landing to target (#3), Combined, Open (Olympic (non-medal))"
15272,4,143,"Closest landing to target (#3), Intermediate stop, Open (Olympic (non-medal))"
15273,4,143,"Closest landing to target (#3), Final stop, Open (Olympic (non-medal))"
15274,4,143,Equestrian Driving (Equestrian)
15275,4,143,"Four-In-Hand Competition, Open (Olympic)"
15276,64,119,"Super G, Girls (YOG)"
15277,64,119,"Giant Slalom, Girls (YOG)"
15278,64,119,"Slalom, Girls (YOG)"
15279,64,119,"Combined, Girls (YOG)"
15280,64,119,"Super G, Boys (YOG)"
15281,64,119,"Team, Mixed Youth (YOG)"
15282,64,119,"Giant Slalom, Boys (YOG)"
15283,64,119,"Slalom, Boys (YOG)"
15284,64,119,"Combined, Boys (YOG)"
15285,64,131,"Ski Cross, Girls (YOG)"
15286,64,131,Mixed Sports
15287,64,131,"Freestyle/Snowboard Relay, Mixed Youth (YOG)"
15288,64,144,"Sprint, Girls (YOG)"
15289,64,144,"Relay, Mixed Youth (YOG)"
15290,64,144,"Individual, Girls (YOG)"
15291,64,131,"Ski Cross, Boys (YOG)"
15292,64,119,Freestyle Skiing (Skiing)
15293,64,119,"Ski Cross, Girls (YOG)"
15294,64,119,Mixed Sports
15295,64,119,"Freestyle/Snowboard Relay, Mixed Youth (YOG)"
15296,64,96,"Monobob, Girls (YOG)"
15297,64,96,"Monobob, Boys (YOG)"
15298,64,12,"6 kilometres Sprint, Girls (YOG)"
15299,64,12,"10 kilometres, Girls (YOG)"
15300,64,12,"7.5 kilometres Sprint, Boys (YOG)"
15301,64,12,"12.5 kilometres, Boys (YOG)"
15302,64,12,"6 and 7.5 kilometres Single Relay, Mixed Youth (YOG)"
15303,64,12,"2 × 6 kilometres and 2 × 7.5 kilometres Relay, Mixed Youth (YOG)"
15304,64,12,Cross Country Skiing (Skiing)
15305,64,12,"Sprint, Girls (YOG)"
15306,64,12,"5 kilometres, Girls (YOG)"
15307,64,12,"Cross, Girls (YOG)"
15308,64,113,"Sprint, Boys (YOG)"
15309,64,113,"10 kilometres, Boys (YOG)"
15310,64,113,"Cross, Boys (YOG)"
15311,64,113,"Sprint, Girls (YOG)"
15312,64,113,"5 kilometres, Girls (YOG)"
15313,64,113,"Cross, Girls (YOG)"
15314,64,12,"Sprint, Boys (YOG)"
15315,64,12,"10 kilometres, Boys (YOG)"
15316,64,12,"Cross, Boys (YOG)"
15317,64,113,Mixed Sports
15318,64,113,"Cross-Country Skiing / Ski Jumping / Nordic Combined Team, Mixed Youth (YOG)"
15319,64,50,"Doubles, Mixed Youth (YOG)"
15320,64,50,"Curling, Mixed Youth (YOG)"
15321,64,131,"Slopestyle, Boys (YOG)"
15322,64,131,"Big Air, Boys (YOG)"
15323,64,131,"Halfpipe, Boys (YOG)"
15324,64,129,"Singles, Girls (YOG)"
15325,64,129,"Pairs, Mixed Youth (YOG)"
15326,64,129,"Team, Mixed Youth (YOG)"
15327,64,129,"Singles, Boys (YOG)"
15328,64,129,"Ice Dancing, Mixed Youth (YOG)"
15329,64,145,"3-on-3 Ice Hockey, Boys (YOG)"
15330,64,145,"3-on-3 Ice Hockey, Girls (YOG)"
15331,64,115,"Ice Hockey, Boys (YOG)"
15332,64,115,"Ice Hockey, Girls (YOG)"
15333,64,115,3-on-3 Ice Hockey (Ice Hockey)
15334,64,115,"3-on-3 Ice Hockey, Girls (YOG)"
15335,64,19,"Team Relay, Mixed Youth (YOG)"
15336,64,19,"Doubles, Boys (YOG)"
15337,64,19,"Singles, Boys (YOG)"
15338,64,19,"Singles, Girls (YOG)"
15339,64,19,"Doubles, Girls (YOG)"
15340,64,121,"Normal Hill / 6 km, Individual, Boys (YOG)"
15341,64,121,Ski Jumping (Skiing)
15342,64,121,"Normal Hill, Team, Mixed Youth (YOG)"
15343,64,121,"Normal Hill / 4 km, Individual, Girls (YOG)"
15344,64,133,"Normal Hill, Individual, Girls (YOG)"
15345,64,133,"Normal Hill, Team, Mixed Youth (YOG)"
15346,64,133,Nordic Combined (Skiing)
15347,64,133,"Normal Hill / 4 km, Individual, Girls (YOG)"
15348,64,133,Mixed Sports
15349,64,133,"Cross-Country Skiing / Ski Jumping / Nordic Combined Team, Mixed Youth (YOG)"
15350,64,121,Mixed Sports
15351,64,121,"Cross-Country Skiing / Ski Jumping / Nordic Combined Team, Mixed Youth (YOG)"
15352,64,133,"Normal Hill, Individual, Boys (YOG)"
15353,64,133,"Normal Hill / 6 km, Individual, Boys (YOG)"
15354,64,137,"Cross, Boys (YOG)"
15355,64,137,Mixed Sports
15356,64,137,"Freestyle/Snowboard Relay, Mixed Youth (YOG)"
15357,64,137,"Halfpipe, Boys (YOG)"
15358,64,137,"Slopestyle, Girls (YOG)"
15359,64,137,"Big Air, Girls (YOG)"
15360,64,137,"Slopestyle, Boys (YOG)"
15361,64,137,"Big Air, Boys (YOG)"
15362,64,137,"Cross, Girls (YOG)"
15363,64,137,"Halfpipe, Girls (YOG)"
15364,64,124,"Skeleton, Boys (YOG)"
15365,64,124,"Skeleton, Girls (YOG)"
15366,64,144,"Sprint, Boys (YOG)"
15367,64,144,"Individual, Boys (YOG)"
15368,64,110,"500 metres, Girls (YOG)"
15369,64,110,"Team Sprint, Mixed Youth (YOG)"
15370,64,110,"1,500 metres, Girls (YOG)"
15371,64,110,"Mass Start, Girls (YOG)"
15372,64,110,"500 metres, Boys (YOG)"
15373,64,110,"1,500 metres, Boys (YOG)"
15374,64,110,"Mass Start, Boys (YOG)"
15375,64,130,"500 metres, Girls (YOG)"
15376,64,130,"3,000 metres Relay, Mixed Youth (YOG)"
15377,64,130,"1,000 metres, Girls (YOG)"
15378,64,130,"500 metres, Boys (YOG)"
15379,64,130,"1,000 metres, Boys (YOG)"
15380,52,69,"Kumite, >61 kg, Women (Olympic)"
15381,52,74,"Shortboard, Men (Olympic)"
15382,52,146,"Park, Women (Olympic)"
15383,52,97,"Canadian Singles, 200 metres, Women (Olympic)"
15384,52,97,"Canadian Doubles, 500 metres, Women (Olympic)"
15385,52,84,"Combined, Women (Olympic)"
15386,52,139,"Street, Women (Olympic)"
15387,52,139,"Park, Women (Olympic)"
15388,52,74,"Shortboard, Women (Olympic)"
15389,52,146,"Park, Men (Olympic)"
15390,52,84,"Combined, Men (Olympic)"
15391,52,69,"Kumite, ≤75 kg, Men (Olympic)"
15392,52,139,"Street, Men (Olympic)"
15393,52,69,"Kumite, ≤55 kg, Women (Olympic)"
15394,52,69,"Kumite, ≤67 kg, Men (Olympic)"
15395,52,138,"3x3 Basketball, Men (Olympic)"
15396,52,69,"Kumite, >75 kg, Men (Olympic)"
15397,63,138,"3x3 Basketball, Girls (YOG)"
15398,52,138,"3x3 Basketball, Women (Olympic)"
15399,60,111,"Football, Girls (YOG)"
15400,52,69,"Kumite, ≤61 kg, Women (Olympic)"
15401,52,69,"Kata, Men (Olympic)"
15402,52,69,"Kata, Women (Olympic)"
15403,63,114,"4 × 100 metres Freestyle Relay, Mixed Youth (YOG)"
15404,63,114,"4 × 100 metres Medley Relay, Mixed Youth (YOG)"
15405,60,35,"Individual, Boys (YOG)"
15406,52,100,"Road Race, Individual, Men (Olympic)"
15407,63,105,"Platform, Boys (YOG)"
15408,63,114,"50 metres Freestyle, Boys (YOG)"
15409,63,114,"100 metres Freestyle, Boys (YOG)"
15410,63,114,"200 metres Freestyle, Boys (YOG)"
15411,58,121,Ski Jumping (Skiing)
15412,58,121,"Normal Hill, Team, Mixed (Olympic)"
15413,63,147,"Combined, Boys (YOG)"
15414,62,19,"Doubles, Open Youth (YOG)"
15415,63,48,"Sprint, Girls (YOG)"
15416,63,48,"Relay, Mixed Youth (YOG)"
