pais_id,anio,poblacion
AFG,1960,8622466
AFG,1961,8790140
AFG,1962,8969047
AFG,1963,9157465
AFG,1964,9355514
AFG,1965,9565147
AFG,1966,9783147
AFG,1967,10010030
AFG,1968,10247780
AFG,1969,10494489
AFG,1970,10752971
AFG,1971,11015857
AFG,1972,11286753
AFG,1973,11575305
AFG,1974,11869879
AFG,1975,12157386
AFG,1976,12425267
AFG,1977,12687301
AFG,1978,12938862
AFG,1979,12986369
AFG,1980,12486631
AFG,1981,11155195
AFG,1982,10088289
AFG,1983,9951449
AFG,1984,10243686
AFG,1985,10512221
AFG,1986,10448442
AFG,1987,10322758
AFG,1988,10383460
AFG,1989,10673168
AFG,1990,10694796
AFG,1991,10745167
AFG,1992,12057433
AFG,1993,14003760
AFG,1994,15455555
AFG,1995,16418912
AFG,1996,17106595
AFG,1997,17788819
AFG,1998,18493132
AFG,1999,19262847
AFG,2000,19542982
AFG,2001,19688632
AFG,2002,21000256
AFG,2003,22645130
AFG,2004,23553551
AFG,2005,24411191
AFG,2006,25442944
AFG,2007,25903301
AFG,2008,26427199
AFG,2009,27385307
AFG,2010,28189672
AFG,2011,29249157
AFG,2012,30466479
AFG,2013,31541209
AFG,2014,32716210
AFG,2015,33753499
AFG,2016,34636207
AFG,2017,35643418
AFG,2018,36686784
AFG,2019,37769499
AFG,2020,38972230
AFG,2021,40099462
AFG,2022,41128771
AFG,2023,42239854
ALB,1960,1608800
ALB,1961,1659800
ALB,1962,1711319
ALB,1963,1762621
ALB,1964,1814135
ALB,1965,1864791
ALB,1966,1914573
ALB,1967,1965598
ALB,1968,2022272
ALB,1969,2081695
ALB,1970,2135479
ALB,1971,2187853
ALB,1972,2243126
ALB,1973,2296752
ALB,1974,2350124
ALB,1975,2404831
ALB,1976,2458526
ALB,1977,2513546
ALB,1978,2566266
ALB,1979,2617832
ALB,1980,2671997
ALB,1981,2726056
ALB,1982,2784278
ALB,1983,2843960
ALB,1984,2904429
ALB,1985,2964762
ALB,1986,3022635
ALB,1987,3083605
ALB,1988,3142336
ALB,1989,3227943
ALB,1990,3286542
ALB,1991,3266790
ALB,1992,3247039
ALB,1993,3227287
ALB,1994,3207536
ALB,1995,3187784
ALB,1996,3168033
ALB,1997,3148281
ALB,1998,3128530
ALB,1999,3108778
ALB,2000,3089027
ALB,2001,3060173
ALB,2002,3051010
ALB,2003,3039616
ALB,2004,3026939
ALB,2005,3011487
ALB,2006,2992547
ALB,2007,2970017
ALB,2008,2947314
ALB,2009,2927519
ALB,2010,2913021
ALB,2011,2905195
ALB,2012,2900401
ALB,2013,2895092
ALB,2014,2889104
ALB,2015,2880703
ALB,2016,2876101
ALB,2017,2873457
ALB,2018,2866376
ALB,2019,2854191
ALB,2020,2837849
ALB,2021,2811666
ALB,2022,2777689
ALB,2023,2745972
AND,1960,9443
AND,1961,10216
AND,1962,11014
AND,1963,11839
AND,1964,12690
AND,1965,13563
AND,1966,14546
AND,1967,15745
AND,1968,17079
AND,1969,18449
AND,1970,19860
AND,1971,21322
AND,1972,22832
AND,1973,24393
AND,1974,26003
AND,1975,27640
AND,1976,29294
AND,1977,30949
AND,1978,32574
AND,1979,34142
AND,1980,35611
AND,1981,36987
AND,1982,38598
AND,1983,40432
AND,1984,42181
AND,1985,43809
AND,1986,45605
AND,1987,47635
AND,1988,49654
AND,1989,51639
AND,1990,53569
AND,1991,55434
AND,1992,57283
AND,1993,59156
AND,1994,61037
AND,1995,62928
AND,1996,64147
AND,1997,64682
AND,1998,65186
AND,1999,65655
AND,2000,66097
AND,2001,67820
AND,2002,70849
AND,2003,73907
AND,2004,76933
AND,2005,79826
AND,2006,80221
AND,2007,78168
AND,2008,76055
AND,2009,73852
AND,2010,71519
AND,2011,70567
AND,2012,71013
AND,2013,71367
AND,2014,71621
AND,2015,71746
AND,2016,72540
AND,2017,73837
AND,2018,75013
AND,2019,76343
AND,2020,77700
AND,2021,79034
AND,2022,79824
AND,2023,80088
ARG,1960,20349744
ARG,1961,20680653
ARG,1962,21020359
ARG,1963,21364017
ARG,1964,21708487
ARG,1965,22053661
ARG,1966,22403116
ARG,1967,22757014
ARG,1968,23112971
ARG,1969,23472028
ARG,1970,23842803
ARG,1971,24223379
ARG,1972,24612794
ARG,1973,25020588
ARG,1974,25449754
ARG,1975,25875558
ARG,1976,26290257
ARG,1977,26713780
ARG,1978,27146121
ARG,1979,27584134
ARG,1980,28024803
ARG,1981,28471285
ARG,1982,28922762
ARG,1983,29377137
ARG,1984,29832197
ARG,1985,30287112
ARG,1986,30748326
ARG,1987,31216453
ARG,1988,31690792
ARG,1989,32165766
ARG,1990,32637657
ARG,1991,33105763
ARG,1992,33568285
ARG,1993,34027240
ARG,1994,34488696
ARG,1995,34946110
ARG,1996,35389362
ARG,1997,35815971
ARG,1998,36233195
ARG,1999,36653031
ARG,2000,37070774
ARG,2001,37480493
ARG,2002,37885028
ARG,2003,38278164
ARG,2004,38668796
ARG,2005,39070501
ARG,2006,39476851
ARG,2007,39876111
ARG,2008,40273769
ARG,2009,40684338
ARG,2010,40788453
ARG,2011,41261490
ARG,2012,41733271
ARG,2013,42202935
ARG,2014,42669500
ARG,2015,43131966
ARG,2016,43590368
ARG,2017,44044811
ARG,2018,44494502
ARG,2019,44938712
ARG,2020,45376763
ARG,2021,45808747
ARG,2022,46234830
ARG,2023,46654581
ARM,1960,1904148
ARM,1961,1971530
ARM,1962,2039346
ARM,1963,2106142
ARM,1964,2171029
ARM,1965,2234051
ARM,1966,2295496
ARM,1967,2355997
ARM,1968,2416461
ARM,1969,2476359
ARM,1970,2534377
ARM,1971,2590923
ARM,1972,2648048
ARM,1973,2706852
ARM,1974,2767646
ARM,1975,2830798
ARM,1976,2896311
ARM,1977,2965523
ARM,1978,3038224
ARM,1979,3097058
ARM,1980,3135123
ARM,1981,3167876
ARM,1982,3202011
ARM,1983,3238291
ARM,1984,3272102
ARM,1985,3300896
ARM,1986,3327182
ARM,1987,3351364
ARM,1988,3366838
ARM,1989,3448186
ARM,1990,3556539
ARM,1991,3617631
ARM,1992,3574555
ARM,1993,3457349
ARM,1994,3373713
ARM,1995,3322782
ARM,1996,3298898
ARM,1997,3271418
ARM,1998,3240550
ARM,1999,3206030
ARM,2000,3168523
ARM,2001,3133133
ARM,2002,3105037
ARM,2003,3084102
ARM,2004,3065745
ARM,2005,3047246
ARM,2006,3026486
ARM,2007,3004393
ARM,2008,2983421
ARM,2009,2964296
ARM,2010,2946293
ARM,2011,2928976
ARM,2012,2914421
ARM,2013,2901385
ARM,2014,2889930
ARM,2015,2878595
ARM,2016,2865835
ARM,2017,2851923
ARM,2018,2836557
ARM,2019,2820602
ARM,2020,2805608
ARM,2021,2790974
ARM,2022,2780469
ARM,2023,2777970
AUS,1960,10276477
AUS,1961,10483000
AUS,1962,10742000
AUS,1963,10950000
AUS,1964,11167000
AUS,1965,11388000
AUS,1966,11651000
AUS,1967,11799000
AUS,1968,12009000
AUS,1969,12263000
AUS,1970,12507000
AUS,1971,12937000
AUS,1972,13177000
AUS,1973,13380000
AUS,1974,13723000
AUS,1975,13893000
AUS,1976,14033000
AUS,1977,14192000
AUS,1978,14358000
AUS,1979,14514000
AUS,1980,14692000
AUS,1981,14923260
AUS,1982,15184247
AUS,1983,15393472
AUS,1984,15579391
AUS,1985,15788312
AUS,1986,16018350
AUS,1987,16263874
AUS,1988,16532164
AUS,1989,16814416
AUS,1990,17065128
AUS,1991,17284036
AUS,1992,17478635
AUS,1993,17634808
AUS,1994,17805468
AUS,1995,18004882
AUS,1996,18224767
AUS,1997,18423037
AUS,1998,18607584
AUS,1999,18812264
AUS,2000,19028802
AUS,2001,19274701
AUS,2002,19495210
AUS,2003,19720737
AUS,2004,19932722
AUS,2005,20176844
AUS,2006,20450966
AUS,2007,20827622
AUS,2008,21249199
AUS,2009,21691653
AUS,2010,22031750
AUS,2011,22340024
AUS,2012,22733465
AUS,2013,23128129
AUS,2014,23475686
AUS,2015,23815995
AUS,2016,24190907
AUS,2017,24592588
AUS,2018,24963258
AUS,2019,25334826
AUS,2020,25649248
AUS,2021,25685412
AUS,2022,26014399
AUS,2023,26638544
AUT,1960,7047539
AUT,1961,7086299
AUT,1962,7129864
AUT,1963,7175811
AUT,1964,7223801
AUT,1965,7270889
AUT,1966,7322066
AUT,1967,7376998
AUT,1968,7415403
AUT,1969,7441055
AUT,1970,7467086
AUT,1971,7500482
AUT,1972,7544201
AUT,1973,7586115
AUT,1974,7599038
AUT,1975,7578903
AUT,1976,7565525
AUT,1977,7568430
AUT,1978,7562305
AUT,1979,7549425
AUT,1980,7549433
AUT,1981,7568710
AUT,1982,7574140
AUT,1983,7561910
AUT,1984,7561434
AUT,1985,7564985
AUT,1986,7569794
AUT,1987,7574586
AUT,1988,7585317
AUT,1989,7619567
AUT,1990,7677850
AUT,1991,7754891
AUT,1992,7840709
AUT,1993,7905633
AUT,1994,7936118
AUT,1995,7948278
AUT,1996,7959017
AUT,1997,7968041
AUT,1998,7976789
AUT,1999,7992324
AUT,2000,8011566
AUT,2001,8042293
AUT,2002,8081957
AUT,2003,8121423
AUT,2004,8171966
AUT,2005,8227829
AUT,2006,8268641
AUT,2007,8295487
AUT,2008,8321496
AUT,2009,8343323
AUT,2010,8363404
AUT,2011,8391643
AUT,2012,8429991
AUT,2013,8479823
AUT,2014,8546356
AUT,2015,8642699
AUT,2016,8736668
AUT,2017,8797566
AUT,2018,8840521
AUT,2019,8879920
AUT,2020,8916864
AUT,2021,8955797
AUT,2022,9041851
AUT,2023,9132383
AZE,1960,3894500
AZE,1961,4045750
AZE,1962,4168150
AZE,1963,4293550
AZE,1964,4439250
AZE,1965,4574650
AZE,1966,4708150
AZE,1967,4832000
AZE,1968,4948500
AZE,1969,5063300
AZE,1970,5172050
AZE,1971,5282950
AZE,1972,5391450
AZE,1973,5493900
AZE,1974,5594100
AZE,1975,5689050
AZE,1976,5781000
AZE,1977,5876150
AZE,1978,5976150
AZE,1979,6071300
AZE,1980,6160500
AZE,1981,6257750
AZE,1982,6357550
AZE,1983,6459800
AZE,1984,6567850
AZE,1985,6670150
AZE,1986,6770300
AZE,1987,6875350
AZE,1988,6974600
AZE,1989,7076550
AZE,1990,7175200
AZE,1991,7271300
AZE,1992,7382050
AZE,1993,7494800
AZE,1994,7596550
AZE,1995,7684850
AZE,1996,7763000
AZE,1997,7838250
AZE,1998,7913000
AZE,1999,7982750
AZE,2000,8048600
AZE,2001,8111200
AZE,2002,8171950
AZE,2003,8234100
AZE,2004,8306500
AZE,2005,8391850
AZE,2006,8484550
AZE,2007,8581300
AZE,2008,8763400
AZE,2009,8947243
AZE,2010,9054332
AZE,2011,9173082
AZE,2012,9295784
AZE,2013,9416801
AZE,2014,9535079
AZE,2015,9649341
AZE,2016,9757812
AZE,2017,9854033
AZE,2018,9939771
AZE,2019,10024283
AZE,2020,10093121
AZE,2021,10137750
AZE,2022,10141756
AZE,2023,10112555
BDI,1960,2746628
BDI,1961,2815972
BDI,1962,2887398
BDI,1963,2948133
BDI,1964,3033221
BDI,1965,3118134
BDI,1966,3193378
BDI,1967,3274493
BDI,1968,3352397
BDI,1969,3424429
BDI,1970,3497834
BDI,1971,3582070
BDI,1972,3579195
BDI,1973,3571450
BDI,1974,3660032
BDI,1975,3749232
BDI,1976,3830889
BDI,1977,3927428
BDI,1978,4039410
BDI,1979,4137437
BDI,1980,4312834
BDI,1981,4490743
BDI,1982,4602271
BDI,1983,4726506
BDI,1984,4842268
BDI,1985,4948024
BDI,1986,5041706
BDI,1987,5157769
BDI,1988,5271840
BDI,1989,5373697
BDI,1990,5483793
BDI,1991,5594828
BDI,1992,5743085
BDI,1993,5555220
BDI,1994,5586408
BDI,1995,5932783
BDI,1996,5930507
BDI,1997,5923862
BDI,1998,6035340
BDI,1999,6180180
BDI,2000,6307659
BDI,2001,6465729
BDI,2002,6648938
BDI,2003,6860846
BDI,2004,7120496
BDI,2005,7388874
BDI,2006,7658190
BDI,2007,7944609
BDI,2008,8278109
BDI,2009,8709366
BDI,2010,9126605
BDI,2011,9455733
BDI,2012,9795479
BDI,2013,10149577
BDI,2014,10494913
BDI,2015,10727148
BDI,2016,10903327
BDI,2017,11155593
BDI,2018,11493472
BDI,2019,11874838
BDI,2020,12220227
BDI,2021,12551213
BDI,2022,12889576
BDI,2023,13238559
BEL,1960,9153489
BEL,1961,9183948
BEL,1962,9220578
BEL,1963,9289770
BEL,1964,9378113
BEL,1965,9463667
BEL,1966,9527807
BEL,1967,9580991
BEL,1968,9618756
BEL,1969,9646032
BEL,1970,9655549
BEL,1971,9673162
BEL,1972,9711115
BEL,1973,9741720
BEL,1974,9772419
BEL,1975,9800700
BEL,1976,9818227
BEL,1977,9830358
BEL,1978,9839534
BEL,1979,9848382
BEL,1980,9859242
BEL,1981,9858982
BEL,1982,9856303
BEL,1983,9855520
BEL,1984,9855372
BEL,1985,9858308
BEL,1986,9861823
BEL,1987,9870234
BEL,1988,9901664
BEL,1989,9937697
BEL,1990,9967379
BEL,1991,10004486
BEL,1992,10045158
BEL,1993,10084475
BEL,1994,10115603
BEL,1995,10136811
BEL,1996,10156637
BEL,1997,10181245
BEL,1998,10203008
BEL,1999,10226419
BEL,2000,10251250
BEL,2001,10286570
BEL,2002,10332785
BEL,2003,10376133
BEL,2004,10421137
BEL,2005,10478617
BEL,2006,10547958
BEL,2007,10625700
BEL,2008,10709973
BEL,2009,10796493
BEL,2010,10895586
BEL,2011,11038264
BEL,2012,11106932
BEL,2013,11159407
BEL,2014,11209057
BEL,2015,11274196
BEL,2016,11331422
BEL,2017,11375158
BEL,2018,11427054
BEL,2019,11488980
BEL,2020,11538604
BEL,2021,11586195
BEL,2022,11685814
BEL,2023,11822592
BEN,1960,2512284
BEN,1961,2551216
BEN,1962,2593302
BEN,1963,2638082
BEN,1964,2685619
BEN,1965,2735843
BEN,1966,2788642
BEN,1967,2843739
BEN,1968,2901218
BEN,1969,2961166
BEN,1970,3023443
BEN,1971,3088381
BEN,1972,3156408
BEN,1973,3227380
BEN,1974,3301276
BEN,1975,3378703
BEN,1976,3460329
BEN,1977,3546454
BEN,1978,3636927
BEN,1979,3732394
BEN,1980,3833939
BEN,1981,3941569
BEN,1982,4054385
BEN,1983,4171526
BEN,1984,4293070
BEN,1985,4419552
BEN,1986,4551382
BEN,1987,4688787
BEN,1988,4831624
BEN,1989,4979680
BEN,1990,5133419
BEN,1991,5293046
BEN,1992,5457778
BEN,1993,5706181
BEN,1994,5923394
BEN,1995,6046511
BEN,1996,6203860
BEN,1997,6387026
BEN,1998,6584183
BEN,1999,6788589
BEN,2000,6998023
BEN,2001,7212041
BEN,2002,7431783
BEN,2003,7659208
BEN,2004,7894554
BEN,2005,8149419
BEN,2006,8402631
BEN,2007,8647761
BEN,2008,8906469
BEN,2009,9172514
BEN,2010,9445710
BEN,2011,9726380
BEN,2012,10014078
BEN,2013,10308730
BEN,2014,10614844
BEN,2015,10932783
BEN,2016,11260085
BEN,2017,11596779
BEN,2018,11940683
BEN,2019,12290444
BEN,2020,12643123
BEN,2021,12996895
BEN,2022,13352864
BEN,2023,13712828
BIH,1960,3262539
BIH,1961,3325333
BIH,1962,3387512
BIH,1963,3448532
BIH,1964,3507959
BIH,1965,3565517
BIH,1966,3620849
BIH,1967,3673367
BIH,1968,3723067
BIH,1969,3770376
BIH,1970,3815561
BIH,1971,3859242
BIH,1972,3901895
BIH,1973,3943152
BIH,1974,3983063
BIH,1975,4022090
BIH,1976,4060039
BIH,1977,4096516
BIH,1978,4131521
BIH,1979,4165511
BIH,1980,4199820
BIH,1981,4235970
BIH,1982,4274013
BIH,1983,4312521
BIH,1984,4349597
BIH,1985,4383306
BIH,1986,4413374
BIH,1987,4440300
BIH,1988,4463320
BIH,1989,4481230
BIH,1990,4494310
BIH,1991,4502386
BIH,1992,4275730
BIH,1993,3942981
BIH,1994,3762330
BIH,1995,3750527
BIH,1996,3907751
BIH,1997,4047748
BIH,1998,4115059
BIH,1999,4153014
BIH,2000,4179350
BIH,2001,4194932
BIH,2002,4198410
BIH,2003,4183757
BIH,2004,4142860
BIH,2005,4094297
BIH,2006,4058086
BIH,2007,4007876
BIH,2008,3943392
BIH,2009,3877750
BIH,2010,3811088
BIH,2011,3743142
BIH,2012,3674374
BIH,2013,3617559
BIH,2014,3571068
BIH,2015,3524324
BIH,2016,3480986
BIH,2017,3440027
BIH,2018,3400129
BIH,2019,3360711
BIH,2020,3318407
BIH,2021,3270943
BIH,2022,3233526
BIH,2023,3210847
BLR,1960,8198000
BLR,1961,8271216
BLR,1962,8351928
BLR,1963,8437232
BLR,1964,8524224
BLR,1965,8610000
BLR,1966,8696496
BLR,1967,8785648
BLR,1968,8874552
BLR,1969,8960304
BLR,1970,9040000
BLR,1971,9115576
BLR,1972,9188968
BLR,1973,9257272
BLR,1974,9317584
BLR,1975,9367000
BLR,1976,9411000
BLR,1977,9463000
BLR,1978,9525000
BLR,1979,9584000
BLR,1980,9643000
BLR,1981,9710000
BLR,1982,9776000
BLR,1983,9843000
BLR,1984,9910000
BLR,1985,9975000
BLR,1986,10043000
BLR,1987,10111000
BLR,1988,10140000
BLR,1989,10170000
BLR,1990,10189348
BLR,1991,10194050
BLR,1992,10216470
BLR,1993,10239050
BLR,1994,10226955
BLR,1995,10193831
BLR,1996,10159569
BLR,1997,10117433
BLR,1998,10071963
BLR,1999,10026738
BLR,2000,9979610
BLR,2001,9928549
BLR,2002,9865548
BLR,2003,9796749
BLR,2004,9730146
BLR,2005,9663915
BLR,2006,9604924
BLR,2007,9560953
BLR,2008,9527985
BLR,2009,9504583
BLR,2010,9483836
BLR,2011,9461643
BLR,2012,9446836
BLR,2013,9443211
BLR,2014,9448515
BLR,2015,9461076
BLR,2016,9469379
BLR,2017,9458989
BLR,2018,9438785
BLR,2019,9419758
BLR,2020,9379952
BLR,2021,9302585
BLR,2022,9228071
BLR,2023,9178298
BOL,1960,3707515
BOL,1961,3784744
BOL,1962,3864140
BOL,1963,3945729
BOL,1964,4029472
BOL,1965,4115511
BOL,1966,4204065
BOL,1967,4295269
BOL,1968,4389249
BOL,1969,4486098
BOL,1970,4585693
BOL,1971,4688267
BOL,1972,4793804
BOL,1973,4902248
BOL,1974,5013765
BOL,1975,5127776
BOL,1976,5244355
BOL,1977,5363917
BOL,1978,5486132
BOL,1979,5610380
BOL,1980,5736088
BOL,1981,5862990
BOL,1982,5991118
BOL,1983,6120620
BOL,1984,6251926
BOL,1985,6385630
BOL,1986,6521983
BOL,1987,6661434
BOL,1988,6804072
BOL,1989,6949139
BOL,1990,7096194
BOL,1991,7244891
BOL,1992,7394419
BOL,1993,7544489
BOL,1994,7693722
BOL,1995,7841471
BOL,1996,7989367
BOL,1997,8137619
BOL,1998,8286928
BOL,1999,8439052
BOL,2000,8592656
BOL,2001,8746084
BOL,2002,8900583
BOL,2003,9057378
BOL,2004,9216279
BOL,2005,9377388
BOL,2006,9542663
BOL,2007,9711152
BOL,2008,9880593
BOL,2009,10051317
BOL,2010,10223270
BOL,2011,10396246
BOL,2012,10569697
BOL,2013,10743349
BOL,2014,10916987
BOL,2015,11090085
BOL,2016,11263015
BOL,2017,11435533
BOL,2018,11606905
BOL,2019,11777315
BOL,2020,11936162
BOL,2021,12079472
BOL,2022,12224110
BOL,2023,12388571
BRA,1960,73092515
BRA,1961,75330008
BRA,1962,77599218
BRA,1963,79915555
BRA,1964,82262794
BRA,1965,84623747
BRA,1966,86979283
BRA,1967,89323288
BRA,1968,91659246
BRA,1969,94000381
BRA,1970,96369875
BRA,1971,98766288
BRA,1972,101194394
BRA,1973,103666904
BRA,1974,106167372
BRA,1975,108700515
BRA,1976,111286504
BRA,1977,113939886
BRA,1978,116664382
BRA,1979,119447303
BRA,1980,122288383
BRA,1981,125168060
BRA,1982,128065095
BRA,1983,130977370
BRA,1984,133888775
BRA,1985,136783180
BRA,1986,139643355
BRA,1987,142466264
BRA,1988,145253973
BRA,1989,148003411
BRA,1990,150706446
BRA,1991,153336445
BRA,1992,155900790
BRA,1993,158440875
BRA,1994,160980472
BRA,1995,163515328
BRA,1996,166037122
BRA,1997,168546707
BRA,1998,171039804
BRA,1999,173486281
BRA,2000,175873720
BRA,2001,178211881
BRA,2002,180476685
BRA,2003,182629278
BRA,2004,184722043
BRA,2005,186797334
BRA,2006,188820682
BRA,2007,190779453
BRA,2008,192672317
BRA,2009,194517549
BRA,2010,196353492
BRA,2011,198185302
BRA,2012,199977707
BRA,2013,201721767
BRA,2014,203459650
BRA,2015,205188205
BRA,2016,206859578
BRA,2017,208504960
BRA,2018,210166592
BRA,2019,211782878
BRA,2020,213196304
BRA,2021,214326223
BRA,2022,215313498
BRA,2023,216422446
BRU,1960,85346
BRU,1961,89561
BRU,1962,93837
BRU,1963,98277
BRU,1964,102904
BRU,1965,107686
BRU,1966,112597
BRU,1967,117628
BRU,1968,122764
BRU,1969,128012
BRU,1970,133343
BRU,1971,138666
BRU,1972,143886
BRU,1973,149065
BRU,1974,154314
BRU,1975,159653
BRU,1976,165064
BRU,1977,170560
BRU,1978,176176
BRU,1979,181951
BRU,1980,187921
BRU,1981,194099
BRU,1982,200630
BRU,1983,207523
BRU,1984,214682
BRU,1985,222119
BRU,1986,229815
BRU,1987,237712
BRU,1988,245729
BRU,1989,253821
BRU,1990,261928
BRU,1991,269860
BRU,1992,277416
BRU,1993,284713
BRU,1994,291935
BRU,1995,299097
BRU,1996,306196
BRU,1997,313215
BRU,1998,320152
BRU,1999,327045
BRU,2000,333926
BRU,2001,340748
BRU,2002,347463
BRU,2003,354045
BRU,2004,360461
BRU,2005,366717
BRU,2006,372808
BRU,2007,378748
BRU,2008,384568
BRU,2009,390311
BRU,2010,396053
BRU,2011,401506
BRU,2012,406634
BRU,2013,411702
BRU,2014,416656
BRU,2015,421437
BRU,2016,425994
BRU,2017,430276
BRU,2018,434274
BRU,2019,438048
BRU,2020,441725
BRU,2021,445373
BRU,2022,449002
BRU,2023,452524
CAF,1960,1679728
CAF,1961,1710364
CAF,1962,1742502
CAF,1963,1776214
CAF,1964,1811694
CAF,1965,1849171
CAF,1966,1888853
CAF,1967,1930861
CAF,1968,1975257
CAF,1969,2021519
CAF,1970,2067356
CAF,1971,2111224
CAF,1972,2153613
CAF,1973,2195905
CAF,1974,2239305
CAF,1975,2283927
CAF,1976,2318349
CAF,1977,2342048
CAF,1978,2365957
CAF,1979,2390329
CAF,1980,2415276
CAF,1981,2441010
CAF,1982,2467635
CAF,1983,2495097
CAF,1984,2523538
CAF,1985,2553075
CAF,1986,2583631
CAF,1987,2615594
CAF,1988,2657235
CAF,1989,2724109
CAF,1990,2809221
CAF,1991,2898052
CAF,1992,2991727
CAF,1993,3089146
CAF,1994,3187844
CAF,1995,3276706
CAF,1996,3363570
CAF,1997,3458472
CAF,1998,3555064
CAF,1999,3655360
CAF,2000,3759170
CAF,2001,3844773
CAF,2002,3930648
CAF,2003,4026841
CAF,2004,4115138
CAF,2005,4208834
CAF,2006,4294352
CAF,2007,4375569
CAF,2008,4467233
CAF,2009,4564540
CAF,2010,4660067
CAF,2011,4732022
CAF,2012,4773306
CAF,2013,4802428
CAF,2014,4798734
CAF,2015,4819333
CAF,2016,4904177
CAF,2017,4996741
CAF,2018,5094780
CAF,2019,5209324
CAF,2020,5343020
CAF,2021,5457154
CAF,2022,5579144
CAF,2023,5742315
CAN,1960,17909356
CAN,1961,18271000
CAN,1962,18614000
CAN,1963,18964000
CAN,1964,19325000
CAN,1965,19678000
CAN,1966,20048000
CAN,1967,20412000
CAN,1968,20744000
CAN,1969,21028000
CAN,1970,21324000
CAN,1971,21962032
CAN,1972,22218463
CAN,1973,22491777
CAN,1974,22807969
CAN,1975,23143275
CAN,1976,23449808
CAN,1977,23725843
CAN,1978,23963203
CAN,1979,24201544
CAN,1980,24515667
CAN,1981,24819915
CAN,1982,25116942
CAN,1983,25366451
CAN,1984,25607053
CAN,1985,25842116
CAN,1986,26100278
CAN,1987,26446601
CAN,1988,26791747
CAN,1989,27276781
CAN,1990,27691138
CAN,1991,28037420
CAN,1992,28371264
CAN,1993,28684764
CAN,1994,29000663
CAN,1995,29302311
CAN,1996,29610218
CAN,1997,29905948
CAN,1998,30155173
CAN,1999,30401286
CAN,2000,30685730
CAN,2001,31020855
CAN,2002,31359199
CAN,2003,31642461
CAN,2004,31938807
CAN,2005,32242732
CAN,2006,32571193
CAN,2007,32888886
CAN,2008,33247298
CAN,2009,33630069
CAN,2010,34005902
CAN,2011,34339221
CAN,2012,34713395
CAN,2013,35080992
CAN,2014,35434066
CAN,2015,35704498
CAN,2016,36110803
CAN,2017,36545075
CAN,2018,37072620
CAN,2019,37618495
CAN,2020,38028638
CAN,2021,38239864
CAN,2022,38939056
CAN,2023,40097761
CGO,1960,1055693
CGO,1961,1083431
CGO,1962,1112348
CGO,1963,1142600
CGO,1964,1174269
CGO,1965,1207412
CGO,1966,1242116
CGO,1967,1278312
CGO,1968,1316130
CGO,1969,1355699
CGO,1970,1396989
CGO,1971,1440159
CGO,1972,1485274
CGO,1973,1532069
CGO,1974,1580280
CGO,1975,1624935
CGO,1976,1665418
CGO,1977,1706181
CGO,1978,1747207
CGO,1979,1788218
CGO,1980,1829256
CGO,1981,1870540
CGO,1982,1911634
CGO,1983,1951851
CGO,1984,2001739
CGO,1985,2062555
CGO,1986,2124863
CGO,1987,2188654
CGO,1988,2253336
CGO,1989,2319177
CGO,1990,2385435
CGO,1991,2452675
CGO,1992,2520958
CGO,1993,2594168
CGO,1994,2669220
CGO,1995,2742309
CGO,1996,2816595
CGO,1997,2875037
CGO,1998,2937166
CGO,1999,3016659
CGO,2000,3134030
CGO,2001,3254101
CGO,2002,3331158
CGO,2003,3424653
CGO,2004,3543012
CGO,2005,3672839
CGO,2006,3813323
CGO,2007,3956329
CGO,2008,4089602
CGO,2009,4257230
CGO,2010,4437884
CGO,2011,4584216
CGO,2012,4713257
CGO,2013,4828066
CGO,2014,4944861
CGO,2015,5064386
CGO,2016,5186824
CGO,2017,5312340
CGO,2018,5441062
CGO,2019,5570733
CGO,2020,5702174
CGO,2021,5835806
CGO,2022,5970424
CGO,2023,6106869
CHA,1960,3028688
CHA,1961,3087657
CHA,1962,3148242
CHA,1963,3210296
CHA,1964,3273419
CHA,1965,3336338
CHA,1966,3398664
CHA,1967,3461664
CHA,1968,3526770
CHA,1969,3595152
CHA,1970,3667394
CHA,1971,3742534
CHA,1972,3824399
CHA,1973,3912905
CHA,1974,4000559
CHA,1975,4084110
CHA,1976,4163051
CHA,1977,4238551
CHA,1978,4313479
CHA,1979,4402942
CHA,1980,4408230
CHA,1981,4409225
CHA,1982,4622828
CHA,1983,4859173
CHA,1984,4920556
CHA,1985,4967590
CHA,1986,5118160
CHA,1987,5300852
CHA,1988,5483038
CHA,1989,5670619
CHA,1990,5827069
CHA,1991,6042428
CHA,1992,6302926
CHA,1993,6448280
CHA,1994,6592998
CHA,1995,6888856
CHA,1996,7200291
CHA,1997,7450874
CHA,1998,7709115
CHA,1999,7981889
CHA,2000,8259137
CHA,2001,8538804
CHA,2002,8838369
CHA,2003,9196366
CHA,2004,9613503
CHA,2005,10005012
CHA,2006,10365614
CHA,2007,10722731
CHA,2008,11098664
CHA,2009,11496128
CHA,2010,11894727
CHA,2011,12317730
CHA,2012,12754906
CHA,2013,13216766
CHA,2014,13697126
CHA,2015,14140274
CHA,2016,14592585
CHA,2017,15085884
CHA,2018,15604210
CHA,2019,16126866
CHA,2020,16644701
CHA,2021,17179740
CHA,2022,17723315
CHA,2023,18278568
CHI,1960,109186
CHI,1961,110225
CHI,1962,111281
CHI,1963,112410
CHI,1964,113596
CHI,1965,114832
CHI,1966,116116
CHI,1967,117430
CHI,1968,118707
CHI,1969,119884
CHI,1970,121003
CHI,1971,122162
CHI,1972,123348
CHI,1973,124465
CHI,1974,125486
CHI,1975,126393
CHI,1976,127052
CHI,1977,127425
CHI,1978,127667
CHI,1979,127850
CHI,1980,127984
CHI,1981,128510
CHI,1982,129614
CHI,1983,130881
CHI,1984,132154
CHI,1985,133450
CHI,1986,134808
CHI,1987,136264
CHI,1988,137765
CHI,1989,139228
CHI,1990,140601
CHI,1991,141557
CHI,1992,142011
CHI,1993,142291
CHI,1994,142466
CHI,1995,142559
CHI,1996,142898
CHI,1997,143549
CHI,1998,144211
CHI,1999,144811
CHI,2000,145306
CHI,2001,146044
CHI,2002,147167
CHI,2003,148341
CHI,2004,149538
CHI,2005,150763
CHI,2006,151985
CHI,2007,153225
CHI,2008,154475
CHI,2009,155721
CHI,2010,156933
CHI,2011,157819
CHI,2012,158621
CHI,2013,159794
CHI,2014,160912
CHI,2015,162190
CHI,2016,163721
CHI,2017,165215
CHI,2018,167259
CHI,2019,169410
CHI,2020,171113
CHI,2021,172683
CHI,2022,174079
CHI,2023,175346
CHN,1960,667070000
CHN,1961,660330000
CHN,1962,665770000
CHN,1963,682335000
CHN,1964,698355000
CHN,1965,715185000
CHN,1966,735400000
CHN,1967,754550000
CHN,1968,774510000
CHN,1969,796025000
CHN,1970,818315000
CHN,1971,841105000
CHN,1972,862030000
CHN,1973,881940000
CHN,1974,900350000
CHN,1975,916395000
CHN,1976,930685000
CHN,1977,943455000
CHN,1978,956165000
CHN,1979,969005000
CHN,1980,981235000
CHN,1981,993885000
CHN,1982,1008630000
CHN,1983,1023310000
CHN,1984,1036825000
CHN,1985,1051040000
CHN,1986,1066790000
CHN,1987,1084035000
CHN,1988,1101630000
CHN,1989,1118650000
CHN,1990,1135185000
CHN,1991,1150780000
CHN,1992,1164970000
CHN,1993,1178440000
CHN,1994,1191835000
CHN,1995,1204855000
CHN,1996,1217550000
CHN,1997,1230075000
CHN,1998,1241935000
CHN,1999,1252735000
CHN,2000,1262645000
CHN,2001,1271850000
CHN,2002,1280400000
CHN,2003,1288400000
CHN,2004,1296075000
CHN,2005,1303720000
CHN,2006,1311020000
CHN,2007,1317885000
CHN,2008,1324655000
CHN,2009,1331260000
CHN,2010,1337705000
CHN,2011,1345035000
CHN,2012,1354190000
CHN,2013,1363240000
CHN,2014,1371860000
CHN,2015,1379860000
CHN,2016,1387790000
CHN,2017,1396215000
CHN,2018,1402760000
CHN,2019,1407745000
CHN,2020,1411100000
CHN,2021,1412360000
CHN,2022,1412175000
CHN,2023,1410710000
CIV,1960,3708661
CIV,1961,3848336
CIV,1962,3998287
CIV,1963,4156453
CIV,1964,4321368
CIV,1965,4492890
CIV,1966,4671196
CIV,1967,4856689
CIV,1968,5050106
CIV,1969,5255149
CIV,1970,5477086
CIV,1971,5718867
CIV,1972,5979984
CIV,1973,6257373
CIV,1974,6548923
CIV,1975,6853981
CIV,1976,7142690
CIV,1977,7415900
CIV,1978,7700816
CIV,1979,7996368
CIV,1980,8303810
CIV,1981,8621621
CIV,1982,8948119
CIV,1983,9282050
CIV,1984,9621405
CIV,1985,9964075
CIV,1986,10309440
CIV,1987,10663498
CIV,1988,11043193
CIV,1989,11462943
CIV,1990,11910540
CIV,1991,12369269
CIV,1992,12838314
CIV,1993,13316448
CIV,1994,13802285
CIV,1995,14299727
CIV,1996,14810946
CIV,1997,15335453
CIV,1998,15858990
CIV,1999,16345894
CIV,2000,16799670
CIV,2001,17245468
CIV,2002,17683897
CIV,2003,18116451
CIV,2004,18544903
CIV,2005,18970215
CIV,2006,19394057
CIV,2007,19817700
CIV,2008,20244449
CIV,2009,20677762
CIV,2010,21120042
CIV,2011,21562914
CIV,2012,22010712
CIV,2013,22469268
CIV,2014,22995555
CIV,2015,23596741
CIV,2016,24213622
CIV,2017,24848016
CIV,2018,25493988
CIV,2019,26147551
CIV,2020,26811790
CIV,2021,27478249
CIV,2022,28160542
CIV,2023,28873034
CMR,1960,5117608
CMR,1961,5200355
CMR,1962,5303841
CMR,1963,5427511
CMR,1964,5556209
CMR,1965,5690086
CMR,1966,5829580
CMR,1967,5975087
CMR,1968,6127193
CMR,1969,6286232
CMR,1970,6452787
CMR,1971,6627350
CMR,1972,6809468
CMR,1973,6998688
CMR,1974,7194697
CMR,1975,7397417
CMR,1976,7598028
CMR,1977,7796825
CMR,1978,8013279
CMR,1979,8243377
CMR,1980,8519891
CMR,1981,8829048
CMR,1982,9046986
CMR,1983,9240672
CMR,1984,9508570
CMR,1985,9804254
CMR,1986,10112712
CMR,1987,10433905
CMR,1988,10759573
CMR,1989,11089222
CMR,1990,11430520
CMR,1991,11777719
CMR,1992,12128604
CMR,1993,12486773
CMR,1994,12848862
CMR,1995,13211647
CMR,1996,13575324
CMR,1997,13941181
CMR,1998,14314599
CMR,1999,14698973
CMR,2000,15091594
CMR,2001,15493253
CMR,2002,15914033
CMR,2003,16354326
CMR,2004,16809407
CMR,2005,17275171
CMR,2006,17751333
CMR,2007,18251866
CMR,2008,18777081
CMR,2009,19319274
CMR,2010,19878036
CMR,2011,20448873
CMR,2012,21032684
CMR,2013,21632850
CMR,2014,22299585
CMR,2015,23012646
CMR,2016,23711630
CMR,2017,24393181
CMR,2018,25076747
CMR,2019,25782341
CMR,2020,26491087
CMR,2021,27198628
CMR,2022,27914536
CMR,2023,28647293
COD,1960,15276558
COD,1961,15673284
COD,1962,16086084
COD,1963,16517995
COD,1964,16965855
COD,1965,17438254
COD,1966,17941738
COD,1967,18472105
COD,1968,19022799
COD,1969,19583123
COD,1970,20151733
COD,1971,20712952
COD,1972,21273409
COD,1973,21853906
COD,1974,22448415
COD,1975,23052715
COD,1976,23655016
COD,1977,24256464
COD,1978,25015244
COD,1979,25902760
COD,1980,26708686
COD,1981,27457783
COD,1982,28219219
COD,1983,29005175
COD,1984,29879852
COD,1985,30800051
COD,1986,31725132
COD,1987,32712574
COD,1988,33750052
COD,1989,34825891
COD,1990,35987541
COD,1991,37194812
COD,1992,38332302
COD,1993,39580844
COD,1994,41511985
COD,1995,43285791
COD,1996,44118709
COD,1997,44822198
COD,1998,45895524
COD,1999,47227238
COD,2000,48616317
COD,2001,50106657
COD,2002,51662071
COD,2003,53205639
COD,2004,54815607
COD,2005,56550247
COD,2006,58381630
COD,2007,60289422
COD,2008,62249724
COD,2009,64270232
COD,2010,66391257
COD,2011,68654269
COD,2012,70997870
COD,2013,73460021
COD,2014,76035588
COD,2015,78656904
COD,2016,81430977
COD,2017,84283273
COD,2018,87087355
COD,2019,89906890
COD,2020,92853164
COD,2021,95894118
COD,2022,99010212
COD,2023,102262808
COL,1960,15687688
COL,1961,16182414
COL,1962,16691282
COL,1963,17210956
COL,1964,17739754
COL,1965,18275814
COL,1966,18811407
COL,1967,19343961
COL,1968,19872503
COL,1969,20392264
COL,1970,20905254
COL,1971,21405413
COL,1972,21898055
COL,1973,22396318
COL,1974,22897871
COL,1975,23403731
COL,1976,23913002
COL,1977,24443926
COL,1978,25003608
COL,1979,25579323
COL,1980,26176195
COL,1981,26785982
COL,1982,27405194
COL,1983,28042329
COL,1984,28689032
COL,1985,29326260
COL,1986,29960101
COL,1987,30603048
COL,1988,31256727
COL,1989,31923117
COL,1990,32601393
COL,1991,33272628
COL,1992,33939039
COL,1993,34614735
COL,1994,35295461
COL,1995,35970101
COL,1996,36632573
COL,1997,37291946
COL,1998,37944414
COL,1999,38585033
COL,2000,39215135
COL,2001,39837875
COL,2002,40454050
COL,2003,41057687
COL,2004,41648268
COL,2005,42220940
COL,2006,42772910
COL,2007,43306582
COL,2008,43815313
COL,2009,44313917
COL,2010,44816108
COL,2011,45308899
COL,2012,45782417
COL,2013,46237930
COL,2014,46677947
COL,2015,47119728
COL,2016,47625955
COL,2017,48351671
COL,2018,49276961
COL,2019,50187406
COL,2020,50930662
COL,2021,51516562
COL,2022,51874024
COL,2023,52085168
COM,1960,194852
COM,1961,198617
COM,1962,202527
COM,1963,206546
COM,1964,210665
COM,1965,214939
COM,1966,219369
COM,1967,224321
COM,1968,229971
COM,1969,236002
COM,1970,242351
COM,1971,249066
COM,1972,256187
COM,1973,263728
COM,1974,271719
COM,1975,280036
COM,1976,288810
COM,1977,298152
COM,1978,307938
COM,1979,318123
COM,1980,328328
COM,1981,337986
COM,1982,347053
COM,1983,356137
COM,1984,365664
COM,1985,375650
COM,1986,386068
COM,1987,396887
COM,1988,408070
COM,1989,419584
COM,1990,431119
COM,1991,442277
COM,1992,452990
COM,1993,463318
COM,1994,473478
COM,1995,483760
COM,1996,494288
COM,1997,505033
COM,1998,515959
COM,1999,526443
COM,2000,536758
COM,2001,547741
COM,2002,559047
COM,2003,570130
COM,2004,581154
COM,2005,592683
COM,2006,604658
COM,2007,616899
COM,2008,629470
COM,2009,642493
COM,2010,656024
COM,2011,670071
COM,2012,684553
COM,2013,699393
COM,2014,714612
COM,2015,730216
COM,2016,746232
COM,2017,761664
COM,2018,776313
COM,2019,790986
COM,2020,806166
COM,2021,821625
COM,2022,836774
COM,2023,852075
CPV,1960,209849
CPV,1961,214788
CPV,1962,221484
CPV,1963,228814
CPV,1964,236362
CPV,1965,244156
CPV,1966,252238
CPV,1967,260648
CPV,1968,269408
CPV,1969,278524
CPV,1970,287262
CPV,1971,293505
CPV,1972,296818
CPV,1973,299191
CPV,1974,301682
CPV,1975,304375
CPV,1976,307015
CPV,1977,309389
CPV,1978,311685
CPV,1979,313995
CPV,1980,317234
CPV,1981,321634
CPV,1982,326319
CPV,1983,330971
CPV,1984,335473
CPV,1985,339874
CPV,1986,344271
CPV,1987,348718
CPV,1988,353233
CPV,1989,358150
CPV,1990,364563
CPV,1991,372721
CPV,1992,381947
CPV,1993,391749
CPV,1994,401655
CPV,1995,411382
CPV,1996,421007
CPV,1997,430654
CPV,1998,440214
CPV,1999,449627
CPV,2000,458251
CPV,2001,465958
CPV,2002,473231
CPV,2003,480089
CPV,2004,486583
CPV,2005,492827
CPV,2006,498884
CPV,2007,504733
CPV,2008,510336
CPV,2009,515638
CPV,2010,521212
CPV,2011,527521
CPV,2012,533864
CPV,2013,539940
CPV,2014,546076
CPV,2015,552166
CPV,2016,558394
CPV,2017,564954
CPV,2018,571202
CPV,2019,577030
CPV,2020,582640
CPV,2021,587925
CPV,2022,593149
CPV,2023,598682
CRO,1960,4140181
CRO,1961,4167292
CRO,1962,4196712
CRO,1963,4225675
CRO,1964,4252876
CRO,1965,4280923
CRO,1966,4310701
CRO,1967,4338683
CRO,1968,4365628
CRO,1969,4391490
CRO,1970,4412252
CRO,1971,4431275
CRO,1972,4450564
CRO,1973,4470161
CRO,1974,4490660
CRO,1975,4512082
CRO,1976,4535934
CRO,1977,4559571
CRO,1978,4581085
CRO,1979,4594778
CRO,1980,4599782
CRO,1981,4611509
CRO,1982,4634234
CRO,1983,4658254
CRO,1984,4680285
CRO,1985,4701417
CRO,1986,4721446
CRO,1987,4739745
CRO,1988,4755207
CRO,1989,4767260
CRO,1990,4777368
CRO,1991,4689022
CRO,1992,4575818
CRO,1993,4600463
CRO,1994,4652024
CRO,1995,4620030
CRO,1996,4557097
CRO,1997,4534920
CRO,1998,4532135
CRO,1999,4512597
CRO,2000,4468302
CRO,2001,4299642
CRO,2002,4302174
CRO,2003,4303399
CRO,2004,4304600
CRO,2005,4310145
CRO,2006,4311159
CRO,2007,4310217
CRO,2008,4309705
CRO,2009,4305181
CRO,2010,4295427
CRO,2011,4280622
CRO,2012,4267558
CRO,2013,4255689
CRO,2014,4238389
CRO,2015,4203604
CRO,2016,4174349
CRO,2017,4124531
CRO,2018,4087843
CRO,2019,4065253
CRO,2020,4047680
CRO,2021,3878981
CRO,2022,3855641
CRO,2023,3853200
CUB,1960,7267395
CUB,1961,7418518
CUB,1962,7574265
CUB,1963,7736352
CUB,1964,7902286
CUB,1965,8067651
CUB,1966,8230450
CUB,1967,8390962
CUB,1968,8550286
CUB,1969,8709654
CUB,1970,8869636
CUB,1971,9025709
CUB,1972,9169289
CUB,1973,9297924
CUB,1974,9413105
CUB,1975,9514305
CUB,1976,9600862
CUB,1977,9672546
CUB,1978,9729986
CUB,1979,9774711
CUB,1980,9809107
CUB,1981,9848560
CUB,1982,9908874
CUB,1983,9984591
CUB,1984,10065539
CUB,1985,10149044
CUB,1986,10235480
CUB,1987,10326910
CUB,1988,10425433
CUB,1989,10527187
CUB,1990,10626680
CUB,1991,10713812
CUB,1992,10783748
CUB,1993,10840934
CUB,1994,10887207
CUB,1995,10926703
CUB,1996,10963031
CUB,1997,10998129
CUB,1998,11033758
CUB,1999,11070094
CUB,2000,11105791
CUB,2001,11139127
CUB,2002,11170051
CUB,2003,11199217
CUB,2004,11225294
CUB,2005,11246114
CUB,2006,11260630
CUB,2007,11269887
CUB,2008,11276609
CUB,2009,11283185
CUB,2010,11290417
CUB,2011,11298710
CUB,2012,11309290
CUB,2013,11321579
CUB,2014,11332026
CUB,2015,11339894
CUB,2016,11342012
CUB,2017,11336405
CUB,2018,11328244
CUB,2019,11316697
CUB,2020,11300698
CUB,2021,11256372
CUB,2022,11212191
CUB,2023,11194449
CYP,1960,585725
CYP,1961,594771
CYP,1962,601095
CYP,1963,607072
CYP,1964,612338
CYP,1965,617345
CYP,1966,622566
CYP,1967,627695
CYP,1968,632452
CYP,1969,636821
CYP,1970,640804
CYP,1971,644413
CYP,1972,647620
CYP,1973,650705
CYP,1974,648585
CYP,1975,644982
CYP,1976,648868
CYP,1977,656414
CYP,1978,663975
CYP,1979,671611
CYP,1980,679327
CYP,1981,687170
CYP,1982,696227
CYP,1983,707477
CYP,1984,719678
CYP,1985,731664
CYP,1986,743446
CYP,1987,755021
CYP,1988,766412
CYP,1989,777592
CYP,1990,788500
CYP,1991,799061
CYP,1992,810431
CYP,1993,825986
CYP,1994,844444
CYP,1995,862418
CYP,1996,880058
CYP,1997,897471
CYP,1998,914660
CYP,1999,931600
CYP,2000,948237
CYP,2001,964830
CYP,2002,982194
CYP,2003,1000350
CYP,2004,1018684
CYP,2005,1037062
CYP,2006,1055438
CYP,2007,1073873
CYP,2008,1092390
CYP,2009,1110974
CYP,2010,1129686
CYP,2011,1145086
CYP,2012,1156556
CYP,2013,1166968
CYP,2014,1176995
CYP,2015,1187280
CYP,2016,1197881
CYP,2017,1208523
CYP,2018,1218831
CYP,2019,1228836
CYP,2020,1237537
CYP,2021,1244188
CYP,2022,1251488
CYP,2023,1260138
CZE,1960,9602006
CZE,1961,9586651
CZE,1962,9624660
CZE,1963,9670685
CZE,1964,9727804
CZE,1965,9779358
CZE,1966,9821040
CZE,1967,9852899
CZE,1968,9876346
CZE,1969,9896580
CZE,1970,9858071
CZE,1971,9826815
CZE,1972,9867632
CZE,1973,9922266
CZE,1974,9988459
CZE,1975,10058620
CZE,1976,10125939
CZE,1977,10186755
CZE,1978,10242098
CZE,1979,10292341
CZE,1980,10304193
CZE,1981,10300591
CZE,1982,10314826
CZE,1983,10323856
CZE,1984,10330213
CZE,1985,10337118
CZE,1986,10342227
CZE,1987,10347318
CZE,1988,10355276
CZE,1989,10361068
CZE,1990,10333355
CZE,1991,10308578
CZE,1992,10319123
CZE,1993,10329855
CZE,1994,10333587
CZE,1995,10327253
CZE,1996,10315241
CZE,1997,10304131
CZE,1998,10294373
CZE,1999,10283860
CZE,2000,10255063
CZE,2001,10216605
CZE,2002,10196916
CZE,2003,10193998
CZE,2004,10197101
CZE,2005,10211216
CZE,2006,10238905
CZE,2007,10298828
CZE,2008,10384603
CZE,2009,10443936
CZE,2010,10474410
CZE,2011,10496088
CZE,2012,10510785
CZE,2013,10514272
CZE,2014,10525347
CZE,2015,10546059
CZE,2016,10566332
CZE,2017,10594438
CZE,2018,10629928
CZE,2019,10671870
CZE,2020,10697858
CZE,2021,10505772
CZE,2022,10672118
CZE,2023,10873689
DEN,1960,4579603
DEN,1961,4611687
DEN,1962,4647727
DEN,1963,4684483
DEN,1964,4722072
DEN,1965,4759012
DEN,1966,4797381
DEN,1967,4835354
DEN,1968,4864883
DEN,1969,4891860
DEN,1970,4928757
DEN,1971,4963126
DEN,1972,4991596
DEN,1973,5021861
DEN,1974,5045297
DEN,1975,5059862
DEN,1976,5072596
DEN,1977,5088419
DEN,1978,5104248
DEN,1979,5116801
DEN,1980,5123027
DEN,1981,5121572
DEN,1982,5117810
DEN,1983,5114297
DEN,1984,5111619
DEN,1985,5113691
DEN,1986,5120534
DEN,1987,5127024
DEN,1988,5129516
DEN,1989,5132594
DEN,1990,5140939
DEN,1991,5154298
DEN,1992,5171370
DEN,1993,5188628
DEN,1994,5206180
DEN,1995,5233373
DEN,1996,5263074
DEN,1997,5284991
DEN,1998,5304219
DEN,1999,5321799
DEN,2000,5339616
DEN,2001,5358783
DEN,2002,5375931
DEN,2003,5390574
DEN,2004,5404523
DEN,2005,5419432
DEN,2006,5437272
DEN,2007,5461438
DEN,2008,5493621
DEN,2009,5523095
DEN,2010,5547683
DEN,2011,5570572
DEN,2012,5591572
DEN,2013,5614932
DEN,2014,5643475
DEN,2015,5683483
DEN,2016,5728010
DEN,2017,5764980
DEN,2018,5793636
DEN,2019,5814422
DEN,2020,5831404
DEN,2021,5856733
DEN,2022,5903037
DEN,2023,5946952
DJI,1960,85940
DJI,1961,89270
DJI,1962,93122
DJI,1963,97670
DJI,1964,102945
DJI,1965,108772
DJI,1966,114874
DJI,1967,121168
DJI,1968,127668
DJI,1969,135390
DJI,1970,144379
DJI,1971,154225
DJI,1972,165234
DJI,1973,177327
DJI,1974,191389
DJI,1975,208582
DJI,1976,229304
DJI,1977,253083
DJI,1978,278425
DJI,1979,302856
DJI,1980,324121
DJI,1981,341316
DJI,1982,355110
DJI,1983,367726
DJI,1984,382156
DJI,1985,400709
DJI,1986,424286
DJI,1987,452272
DJI,1988,482337
DJI,1989,521104
DJI,1990,577173
DJI,1991,628521
DJI,1992,623197
DJI,1993,611231
DJI,1994,623477
DJI,1995,629619
DJI,1996,644649
DJI,1997,667786
DJI,1998,694920
DJI,1999,719371
DJI,2000,742033
DJI,2001,765490
DJI,2002,789129
DJI,2003,806411
DJI,2004,818373
DJI,2005,830861
DJI,2006,846947
DJI,2007,865196
DJI,2008,882886
DJI,2009,901103
DJI,2010,919199
DJI,2011,936811
DJI,2012,954297
DJI,2013,971753
DJI,2014,989087
DJI,2015,1006259
DJI,2016,1023261
DJI,2017,1040233
DJI,2018,1057198
DJI,2019,1073994
DJI,2020,1090156
DJI,2021,1105557
DJI,2022,1120849
DJI,2023,1136455
DMA,1960,59379
DMA,1961,60395
DMA,1962,61224
DMA,1963,62031
DMA,1964,62843
DMA,1965,63744
DMA,1966,64728
DMA,1967,65760
DMA,1968,66865
DMA,1969,68007
DMA,1970,68895
DMA,1971,69430
DMA,1972,69870
DMA,1973,70334
DMA,1974,70822
DMA,1975,71300
DMA,1976,71748
DMA,1977,72142
DMA,1978,72478
DMA,1979,72768
DMA,1980,72978
DMA,1981,72932
DMA,1982,72626
DMA,1983,72269
DMA,1984,71936
DMA,1985,71596
DMA,1986,71215
DMA,1987,70808
DMA,1988,70397
DMA,1989,69975
DMA,1990,69481
DMA,1991,69141
DMA,1992,69112
DMA,1993,69169
DMA,1994,69198
DMA,1995,69201
DMA,1996,69166
DMA,1997,69081
DMA,1998,68938
DMA,1999,68698
DMA,2000,68346
DMA,2001,68153
DMA,2002,68262
DMA,2003,68442
DMA,2004,68574
DMA,2005,68674
DMA,2006,68742
DMA,2007,68775
DMA,2008,68782
DMA,2009,68787
DMA,2010,68755
DMA,2011,68742
DMA,2012,68888
DMA,2013,68819
DMA,2014,69371
DMA,2015,70007
DMA,2016,70075
DMA,2017,70403
DMA,2018,70823
DMA,2019,71428
DMA,2020,71995
DMA,2021,72412
DMA,2022,72737
DMA,2023,73040
DOM,1960,3298021
DOM,1961,3408415
DOM,1962,3521164
DOM,1963,3635798
DOM,1964,3752313
DOM,1965,3868712
DOM,1966,3987090
DOM,1967,4108916
DOM,1968,4230877
DOM,1969,4352954
DOM,1970,4475871
DOM,1971,4599841
DOM,1972,4724801
DOM,1973,4851183
DOM,1974,4978582
DOM,1975,5106453
DOM,1976,5235318
DOM,1977,5365074
DOM,1978,5495443
DOM,1979,5625864
DOM,1980,5755800
DOM,1981,5885244
DOM,1982,6014979
DOM,1983,6147213
DOM,1984,6282104
DOM,1985,6417798
DOM,1986,6554325
DOM,1987,6692720
DOM,1988,6834207
DOM,1989,6980033
DOM,1990,7129004
DOM,1991,7278402
DOM,1992,7427340
DOM,1993,7576074
DOM,1994,7723934
DOM,1995,7869753
DOM,1996,8012314
DOM,1997,8150076
DOM,1998,8282126
DOM,1999,8411374
DOM,2000,8540791
DOM,2001,8669040
DOM,2002,8795101
DOM,2003,8919852
DOM,2004,9043127
DOM,2005,9164768
DOM,2006,9284168
DOM,2007,9402206
DOM,2008,9522948
DOM,2009,9648061
DOM,2010,9775755
DOM,2011,9903737
DOM,2012,10030882
DOM,2013,10157051
DOM,2014,10282115
DOM,2015,10405832
DOM,2016,10527592
DOM,2017,10647244
DOM,2018,10765531
DOM,2019,10881882
DOM,2020,10999664
DOM,2021,11117873
DOM,2022,11228821
DOM,2023,11332972
ECU,1960,4618158
ECU,1961,4751507
ECU,1962,4890425
ECU,1963,5034334
ECU,1964,5183283
ECU,1965,5337351
ECU,1966,5495761
ECU,1967,5658446
ECU,1968,5825663
ECU,1969,5997037
ECU,1970,6172215
ECU,1971,6350944
ECU,1972,6533630
ECU,1973,6720443
ECU,1974,6911123
ECU,1975,7105786
ECU,1976,7304349
ECU,1977,7506665
ECU,1978,7712718
ECU,1979,7922490
ECU,1980,8135845
ECU,1981,8352602
ECU,1982,8572607
ECU,1983,8795873
ECU,1984,9022979
ECU,1985,9254311
ECU,1986,9490096
ECU,1987,9729376
ECU,1988,9969788
ECU,1989,10210185
ECU,1990,10449837
ECU,1991,10686279
ECU,1992,10914222
ECU,1993,11132829
ECU,1994,11347652
ECU,1995,11561683
ECU,1996,11775221
ECU,1997,11987838
ECU,1998,12199693
ECU,1999,12412046
ECU,2000,12626507
ECU,2001,12845521
ECU,2002,13070609
ECU,2003,13301184
ECU,2004,13534593
ECU,2005,13770012
ECU,2006,14009061
ECU,2007,14251835
ECU,2008,14496797
ECU,2009,14742766
ECU,2010,14989585
ECU,2011,15237728
ECU,2012,15483883
ECU,2013,15722989
ECU,2014,15957994
ECU,2015,16195902
ECU,2016,16439585
ECU,2017,16696944
ECU,2018,17015672
ECU,2019,17343740
ECU,2020,17588595
ECU,2021,17797737
ECU,2022,18001000
ECU,2023,18190484
EGY,1960,27034499
EGY,1961,27747867
EGY,1962,28485022
EGY,1963,29245936
EGY,1964,30026648
EGY,1965,30818469
EGY,1966,31613132
EGY,1967,32408414
EGY,1968,33204629
EGY,1969,33995955
EGY,1970,34781986
EGY,1971,35555969
EGY,1972,36330768
EGY,1973,37120776
EGY,1974,37930374
EGY,1975,38775584
EGY,1976,39649050
EGY,1977,40577356
EGY,1978,41576636
EGY,1979,42632458
EGY,1980,43748556
EGY,1981,44899573
EGY,1982,46088647
EGY,1983,47353665
EGY,1984,48676443
EGY,1985,50035843
EGY,1986,51424313
EGY,1987,52841319
EGY,1988,54298446
EGY,1989,55765843
EGY,1990,57214630
EGY,1991,58611032
EGY,1992,59989142
EGY,1993,61382200
EGY,1994,62775847
EGY,1995,64166908
EGY,1996,65565195
EGY,1997,66993728
EGY,1998,68446011
EGY,1999,69907887
EGY,2000,71371371
EGY,2001,72854261
EGY,2002,74393759
EGY,2003,75963322
EGY,2004,77522427
EGY,2005,79075310
EGY,2006,80629670
EGY,2007,82218755
EGY,2008,83844783
EGY,2009,85501064
EGY,2010,87252413
EGY,2011,89200054
EGY,2012,91240376
EGY,2013,93377890
EGY,2014,95592324
EGY,2015,97723799
EGY,2016,99784030
EGY,2017,101789386
EGY,2018,103740765
EGY,2019,105618671
EGY,2020,107465134
EGY,2021,109262178
EGY,2022,110990103
EGY,2023,112716598
ERI,1960,993568
ERI,1961,1016932
ERI,1962,1041552
ERI,1963,1067295
ERI,1964,1094042
ERI,1965,1121739
ERI,1966,1150264
ERI,1967,1179554
ERI,1968,1209602
ERI,1969,1240562
ERI,1970,1272748
ERI,1971,1306234
ERI,1972,1340838
ERI,1973,1376516
ERI,1974,1413220
ERI,1975,1450867
ERI,1976,1489656
ERI,1977,1529802
ERI,1978,1571193
ERI,1979,1613829
ERI,1980,1657982
ERI,1981,1703789
ERI,1982,1751045
ERI,1983,1799814
ERI,1984,1849594
ERI,1985,1899243
ERI,1986,1949611
ERI,1987,2000355
ERI,1988,2051546
ERI,1989,2102131
ERI,1990,2149960
ERI,1991,2039220
ERI,1992,1921153
ERI,1993,1981419
ERI,1994,2042500
ERI,1995,2157220
ERI,1996,2264073
ERI,1997,2291561
ERI,1998,2322753
ERI,1999,2356477
ERI,2000,2392880
ERI,2001,2461927
ERI,2002,2547424
ERI,2003,2653390
ERI,2004,2763140
ERI,2005,2831732
ERI,2006,2880093
ERI,2007,2926168
ERI,2008,3005779
ERI,2009,3083888
ERI,2010,3147727
ERI,2011,3207570
ERI,2012,3252596
ERI,2013,3296367
ERI,2014,3323425
ERI,2015,3340006
ERI,2016,3365287
ERI,2017,3396933
ERI,2018,3445374
ERI,2019,3498818
ERI,2020,3555868
ERI,2021,3620312
ERI,2022,3684032
ERI,2023,3748901
ESP,1960,30455000
ESP,1961,30739250
ESP,1962,31023366
ESP,1963,31296651
ESP,1964,31609195
ESP,1965,31954292
ESP,1966,32283194
ESP,1967,32682947
ESP,1968,33113134
ESP,1969,33441054
ESP,1970,33814531
ESP,1971,34224490
ESP,1972,34604469
ESP,1973,34988947
ESP,1974,35373335
ESP,1975,35757900
ESP,1976,36137812
ESP,1977,36511638
ESP,1978,36864898
ESP,1979,37191330
ESP,1980,37491165
ESP,1981,37758631
ESP,1982,37986012
ESP,1983,38171525
ESP,1984,38330364
ESP,1985,38469512
ESP,1986,38584624
ESP,1987,38684815
ESP,1988,38766939
ESP,1989,38827764
ESP,1990,38867322
ESP,1991,38966376
ESP,1992,39157685
ESP,1993,39361262
ESP,1994,39549108
ESP,1995,39724050
ESP,1996,39889852
ESP,1997,40057389
ESP,1998,40223509
ESP,1999,40386875
ESP,2000,40567864
ESP,2001,40850412
ESP,2002,41431558
ESP,2003,42187645
ESP,2004,42921895
ESP,2005,43653155
ESP,2006,44397319
ESP,2007,45226803
ESP,2008,45954106
ESP,2009,46362946
ESP,2010,46576897
ESP,2011,46742697
ESP,2012,46773055
ESP,2013,46620045
ESP,2014,46480882
ESP,2015,46444832
ESP,2016,46484062
ESP,2017,46593236
ESP,2018,46797754
ESP,2019,47134837
ESP,2020,47365655
ESP,2021,47415794
ESP,2022,47778340
ESP,2023,48373336
EST,1960,1211537
EST,1961,1225077
EST,1962,1241623
EST,1963,1258857
EST,1964,1277086
EST,1965,1294566
EST,1966,1308597
EST,1967,1318946
EST,1968,1331214
EST,1969,1345249
EST,1970,1360076
EST,1971,1376955
EST,1972,1392518
EST,1973,1405951
EST,1974,1418169
EST,1975,1429352
EST,1976,1439576
EST,1977,1450211
EST,1978,1460188
EST,1979,1468333
EST,1980,1477219
EST,1981,1487666
EST,1982,1498414
EST,1983,1508745
EST,1984,1518617
EST,1985,1528781
EST,1986,1540190
EST,1987,1552221
EST,1988,1561900
EST,1989,1568131
EST,1990,1569174
EST,1991,1561314
EST,1992,1533091
EST,1993,1494128
EST,1994,1462514
EST,1995,1436634
EST,1996,1415594
EST,1997,1399535
EST,1998,1386156
EST,1999,1390244
EST,2000,1396985
EST,2001,1388115
EST,2002,1379350
EST,2003,1370720
EST,2004,1362550
EST,2005,1354775
EST,2006,1346810
EST,2007,1340680
EST,2008,1337090
EST,2009,1334515
EST,2010,1331475
EST,2011,1327439
EST,2012,1322696
EST,2013,1317997
EST,2014,1314545
EST,2015,1315407
EST,2016,1315790
EST,2017,1317384
EST,2018,1321977
EST,2019,1326898
EST,2020,1329522
EST,2021,1330932
EST,2022,1348840
EST,2023,1366188
ETH,1960,21739710
ETH,1961,22281675
ETH,1962,22852158
ETH,1963,23448979
ETH,1964,24073696
ETH,1965,24727506
ETH,1966,25377645
ETH,1967,26051596
ETH,1968,26778653
ETH,1969,27530388
ETH,1970,28308246
ETH,1971,29099594
ETH,1972,29891328
ETH,1973,30694316
ETH,1974,31488613
ETH,1975,32252783
ETH,1976,33062216
ETH,1977,33695018
ETH,1978,34259065
ETH,1979,34758823
ETH,1980,34945469
ETH,1981,35818844
ETH,1982,37213393
ETH,1983,38235187
ETH,1984,39202890
ETH,1985,40285965
ETH,1986,41455309
ETH,1987,42851957
ETH,1988,44511537
ETH,1989,46195954
ETH,1990,47878073
ETH,1991,49937430
ETH,1992,52011554
ETH,1993,53791672
ETH,1994,55620211
ETH,1995,57476536
ETH,1996,59347649
ETH,1997,61233480
ETH,1998,63136493
ETH,1999,65077579
ETH,2000,67031867
ETH,2001,69018932
ETH,2002,71073215
ETH,2003,73168838
ETH,2004,75301026
ETH,2005,77469940
ETH,2006,79691050
ETH,2007,81996185
ETH,2008,84357105
ETH,2009,86755585
ETH,2010,89237791
ETH,2011,91817929
ETH,2012,94451280
ETH,2013,97084366
ETH,2014,99746766
ETH,2015,102471895
ETH,2016,105293228
ETH,2017,108197950
ETH,2018,111129438
ETH,2019,114120594
ETH,2020,117190911
ETH,2021,120283026
ETH,2022,123379924
ETH,2023,126527060
FIN,1960,4429634
FIN,1961,4461005
FIN,1962,4491443
FIN,1963,4523309
FIN,1964,4548543
FIN,1965,4563732
FIN,1966,4580869
FIN,1967,4605744
FIN,1968,4626469
FIN,1969,4623785
FIN,1970,4606307
FIN,1971,4612124
FIN,1972,4639657
FIN,1973,4666081
FIN,1974,4690574
FIN,1975,4711440
FIN,1976,4725664
FIN,1977,4738902
FIN,1978,4752528
FIN,1979,4764690
FIN,1980,4779535
FIN,1981,4799964
FIN,1982,4826933
FIN,1983,4855787
FIN,1984,4881803
FIN,1985,4902206
FIN,1986,4918154
FIN,1987,4932123
FIN,1988,4946481
FIN,1989,4964371
FIN,1990,4986431
FIN,1991,5013740
FIN,1992,5041992
FIN,1993,5066447
FIN,1994,5088333
FIN,1995,5107790
FIN,1996,5124573
FIN,1997,5139835
FIN,1998,5153498
FIN,1999,5165474
FIN,2000,5176209
FIN,2001,5188008
FIN,2002,5200598
FIN,2003,5213014
FIN,2004,5228172
FIN,2005,5246096
FIN,2006,5266268
FIN,2007,5288720
FIN,2008,5313399
FIN,2009,5338871
FIN,2010,5363352
FIN,2011,5388272
FIN,2012,5413971
FIN,2013,5438972
FIN,2014,5461512
FIN,2015,5479531
FIN,2016,5495303
FIN,2017,5508214
FIN,2018,5515525
FIN,2019,5521606
FIN,2020,5529543
FIN,2021,5541017
FIN,2022,5556106
FIN,2023,5584264
FRA,1960,46649927
FRA,1961,47161641
FRA,1962,47679792
FRA,1963,48189939
FRA,1964,48733997
FRA,1965,49282756
FRA,1966,49817041
FRA,1967,50334012
FRA,1968,50817020
FRA,1969,51272683
FRA,1970,51724116
FRA,1971,52185222
FRA,1972,52637888
FRA,1973,53053660
FRA,1974,53415250
FRA,1975,53715733
FRA,1976,53966558
FRA,1977,54221988
FRA,1978,54486195
FRA,1979,54753575
FRA,1980,55052582
FRA,1981,55371044
FRA,1982,55694106
FRA,1983,55992656
FRA,1984,56275701
FRA,1985,56569195
FRA,1986,56865193
FRA,1987,57168409
FRA,1988,57472651
FRA,1989,57766282
FRA,1990,58044701
FRA,1991,58557577
FRA,1992,58849943
FRA,1993,59106166
FRA,1994,59327585
FRA,1995,59543659
FRA,1996,59756533
FRA,1997,59969944
FRA,1998,60192790
FRA,1999,60504420
FRA,2000,60921384
FRA,2001,61367388
FRA,2002,61816234
FRA,2003,62256970
FRA,2004,62716306
FRA,2005,63188395
FRA,2006,63628261
FRA,2007,64021737
FRA,2008,64379696
FRA,2009,64710879
FRA,2010,65030575
FRA,2011,65345233
FRA,2012,65662240
FRA,2013,66002289
FRA,2014,66312067
FRA,2015,66548272
FRA,2016,66724104
FRA,2017,66918020
FRA,2018,67158348
FRA,2019,67388001
FRA,2020,67571107
FRA,2021,67764304
FRA,2022,67971311
FRA,2023,68170228
FSM,1960,42986
FSM,1961,44563
FSM,1962,46200
FSM,1963,47758
FSM,1964,49231
FSM,1965,50759
FSM,1966,52346
FSM,1967,53940
FSM,1968,55553
FSM,1969,57236
FSM,1970,58989
FSM,1971,60673
FSM,1972,62265
FSM,1973,63889
FSM,1974,65552
FSM,1975,67121
FSM,1976,68602
FSM,1977,70144
FSM,1978,71983
FSM,1979,74114
FSM,1980,76299
FSM,1981,78531
FSM,1982,80816
FSM,1983,83153
FSM,1984,85543
FSM,1985,87966
FSM,1986,90397
FSM,1987,92845
FSM,1988,94987
FSM,1989,96796
FSM,1990,98603
FSM,1991,100427
FSM,1992,102893
FSM,1993,106030
FSM,1994,108844
FSM,1995,110328
FSM,1996,110785
FSM,1997,111133
FSM,1998,111406
FSM,1999,111539
FSM,2000,111709
FSM,2001,111948
FSM,2002,111992
FSM,2003,111805
FSM,2004,111438
FSM,2005,110940
FSM,2006,110301
FSM,2007,109532
FSM,2008,108704
FSM,2009,107868
FSM,2010,107588
FSM,2011,107887
FSM,2012,108232
FSM,2013,108609
FSM,2014,109024
FSM,2015,109462
FSM,2016,109925
FSM,2017,110430
FSM,2018,110929
FSM,2019,111379
FSM,2020,112106
FSM,2021,113131
FSM,2022,114164
FSM,2023,115224
GAB,1960,513340
GAB,1961,519329
GAB,1962,525754
GAB,1963,532592
GAB,1964,539830
GAB,1965,547535
GAB,1966,555748
GAB,1967,564436
GAB,1968,573611
GAB,1969,584628
GAB,1970,597192
GAB,1971,609693
GAB,1972,622289
GAB,1973,635288
GAB,1974,648922
GAB,1975,663340
GAB,1976,678660
GAB,1977,694931
GAB,1978,712135
GAB,1979,730188
GAB,1980,749078
GAB,1981,768904
GAB,1982,789585
GAB,1983,811098
GAB,1984,833417
GAB,1985,856482
GAB,1986,880340
GAB,1987,905016
GAB,1988,930464
GAB,1989,956509
GAB,1990,983028
GAB,1991,1009995
GAB,1992,1037446
GAB,1993,1065390
GAB,1994,1093611
GAB,1995,1121964
GAB,1996,1150601
GAB,1997,1179806
GAB,1998,1209832
GAB,1999,1240764
GAB,2000,1272935
GAB,2001,1306590
GAB,2002,1341696
GAB,2003,1378398
GAB,2004,1417110
GAB,2005,1458353
GAB,2006,1502534
GAB,2007,1549774
GAB,2008,1599978
GAB,2009,1653542
GAB,2010,1711105
GAB,2011,1772500
GAB,2012,1836705
GAB,2013,1902226
GAB,2014,1966855
GAB,2015,2028517
GAB,2016,2086206
GAB,2017,2140215
GAB,2018,2192012
GAB,2019,2242785
GAB,2020,2292573
GAB,2021,2341179
GAB,2022,2388992
GAB,2023,2436566
GBR,1960,52400000
GBR,1961,52800000
GBR,1962,53250000
GBR,1963,53650000
GBR,1964,54000000
GBR,1965,54348050
GBR,1966,54648500
GBR,1967,54943600
GBR,1968,55211700
GBR,1969,55441750
GBR,1970,55663250
GBR,1971,55896223
GBR,1972,56086065
GBR,1973,56194527
GBR,1974,56229974
GBR,1975,56225800
GBR,1976,56211968
GBR,1977,56193492
GBR,1978,56196504
GBR,1979,56246951
GBR,1980,56314216
GBR,1981,56333829
GBR,1982,56313641
GBR,1983,56332848
GBR,1984,56422072
GBR,1985,56550268
GBR,1986,56681396
GBR,1987,56802050
GBR,1988,56928327
GBR,1989,57076711
GBR,1990,57247586
GBR,1991,57424897
GBR,1992,57580402
GBR,1993,57718614
GBR,1994,57865745
GBR,1995,58019030
GBR,1996,58166950
GBR,1997,58316954
GBR,1998,58487141
GBR,1999,58682466
GBR,2000,58892514
GBR,2001,59119673
GBR,2002,59370479
GBR,2003,59647577
GBR,2004,59987905
GBR,2005,60401206
GBR,2006,60846820
GBR,2007,61322463
GBR,2008,61806995
GBR,2009,62276270
GBR,2010,62766365
GBR,2011,63258810
GBR,2012,63700215
GBR,2013,64128273
GBR,2014,64602298
GBR,2015,65116219
GBR,2016,65611593
GBR,2017,66058859
GBR,2018,66460344
GBR,2019,66836327
GBR,2020,67081234
GBR,2021,67026292
GBR,2022,67791000
GBR,2023,68350000
GEO,1960,3645600
GEO,1961,3703600
GEO,1962,3760300
GEO,1963,3816100
GEO,1964,3870300
GEO,1965,3921600
GEO,1966,3966700
GEO,1967,4005800
GEO,1968,4042300
GEO,1969,4080300
GEO,1970,4119900
GEO,1971,4163000
GEO,1972,4205300
GEO,1973,4242500
GEO,1974,4279500
GEO,1975,4311200
GEO,1976,4342400
GEO,1977,4372100
GEO,1978,4397700
GEO,1979,4430200
GEO,1980,4467700
GEO,1981,4504500
GEO,1982,4542800
GEO,1983,4582900
GEO,1984,4622200
GEO,1985,4662900
GEO,1986,4704500
GEO,1987,4743500
GEO,1988,4790700
GEO,1989,4803300
GEO,1990,4802000
GEO,1991,4835900
GEO,1992,4873500
GEO,1993,4911100
GEO,1994,4836076
GEO,1995,4657722
GEO,1996,4491699
GEO,1997,4349913
GEO,1998,4243607
GEO,1999,4157192
GEO,2000,4077131
GEO,2001,4014373
GEO,2002,3978515
GEO,2003,3951736
GEO,2004,3927340
GEO,2005,3902469
GEO,2006,3880347
GEO,2007,3860158
GEO,2008,3848449
GEO,2009,3814419
GEO,2010,3786695
GEO,2011,3756441
GEO,2012,3728874
GEO,2013,3717668
GEO,2014,3719414
GEO,2015,3725276
GEO,2016,3727505
GEO,2017,3728004
GEO,2018,3726549
GEO,2019,3720161
GEO,2020,3722716
GEO,2021,3708610
GEO,2022,3712502
GEO,2023,3760365
GER,1960,72814900
GER,1961,73377632
GER,1962,74025784
GER,1963,74714353
GER,1964,75318337
GER,1965,75963695
GER,1966,76600311
GER,1967,76951336
GER,1968,77294314
GER,1969,77909682
GER,1970,78169289
GER,1971,78312842
GER,1972,78688452
GER,1973,78936666
GER,1974,78967433
GER,1975,78673554
GER,1976,78336950
GER,1977,78159814
GER,1978,78091820
GER,1979,78126350
GER,1980,78288576
GER,1981,78407907
GER,1982,78333366
GER,1983,78128282
GER,1984,77858685
GER,1985,77684873
GER,1986,77720436
GER,1987,77839920
GER,1988,78144619
GER,1989,78751283
GER,1990,79433029
GER,1991,80013896
GER,1992,80624598
GER,1993,81156363
GER,1994,81438348
GER,1995,81678051
GER,1996,81914831
GER,1997,82034771
GER,1998,82047195
GER,1999,82100243
GER,2000,82211508
GER,2001,82349925
GER,2002,82488495
GER,2003,82534176
GER,2004,82516260
GER,2005,82469422
GER,2006,82376451
GER,2007,82266372
GER,2008,82110097
GER,2009,81902307
GER,2010,81776930
GER,2011,80274983
GER,2012,80425823
GER,2013,80645605
GER,2014,80982500
GER,2015,81686611
GER,2016,82348669
GER,2017,82657002
GER,2018,82905782
GER,2019,83092962
GER,2020,83160871
GER,2021,83196078
GER,2022,83797985
GER,2023,84482267
GHA,1960,6911510
GHA,1961,7109029
GHA,1962,7281192
GHA,1963,7458243
GHA,1964,7640196
GHA,1965,7827726
GHA,1966,8019658
GHA,1967,8216086
GHA,1968,8418152
GHA,1969,8629855
GHA,1970,8861895
GHA,1971,9108878
GHA,1972,9365952
GHA,1973,9637197
GHA,1974,9918979
GHA,1975,10209848
GHA,1976,10509006
GHA,1977,10825496
GHA,1978,11163230
GHA,1979,11515675
GHA,1980,11865246
GHA,1981,12212960
GHA,1982,12584976
GHA,1983,12984131
GHA,1984,13342487
GHA,1985,13651443
GHA,1986,13971682
GHA,1987,14310790
GHA,1988,14671677
GHA,1989,15052447
GHA,1990,15446982
GHA,1991,15843471
GHA,1992,16241548
GHA,1993,16643633
GHA,1994,17040854
GHA,1995,17438874
GHA,1996,17844010
GHA,1997,18268040
GHA,1998,18714708
GHA,1999,19176791
GHA,2000,19665502
GHA,2001,20195577
GHA,2002,20758326
GHA,2003,21329514
GHA,2004,21906444
GHA,2005,22496951
GHA,2006,23098586
GHA,2007,23708320
GHA,2008,24326087
GHA,2009,24950762
GHA,2010,25574719
GHA,2011,26205941
GHA,2012,26858762
GHA,2013,27525597
GHA,2014,28196358
GHA,2015,28870939
GHA,2016,29554303
GHA,2017,30222262
GHA,2018,30870641
GHA,2019,31522290
GHA,2020,32180401
GHA,2021,32833031
GHA,2022,33475870
GHA,2023,34121985
GRE,1960,8331725
GRE,1961,8398050
GRE,1962,8448233
GRE,1963,8479625
GRE,1964,8510429
GRE,1965,8550333
GRE,1966,8613651
GRE,1967,8684088
GRE,1968,8740765
GRE,1969,8772764
GRE,1970,8792806
GRE,1971,8831036
GRE,1972,8888628
GRE,1973,8929086
GRE,1974,8962022
GRE,1975,9046541
GRE,1976,9188150
GRE,1977,9308479
GRE,1978,9429959
GRE,1979,9548258
GRE,1980,9642505
GRE,1981,9729350
GRE,1982,9789513
GRE,1983,9846627
GRE,1984,9895801
GRE,1985,9934300
GRE,1986,9967213
GRE,1987,10000595
GRE,1988,10036983
GRE,1989,10089498
GRE,1990,10196792
GRE,1991,10319927
GRE,1992,10399061
GRE,1993,10460415
GRE,1994,10512922
GRE,1995,10562153
GRE,1996,10608800
GRE,1997,10661259
GRE,1998,10720509
GRE,1999,10761698
GRE,2000,10805808
GRE,2001,10862132
GRE,2002,10902022
GRE,2003,10928070
GRE,2004,10955141
GRE,2005,10987314
GRE,2006,11020362
GRE,2007,11048473
GRE,2008,11077841
GRE,2009,11107017
GRE,2010,11121341
GRE,2011,11104899
GRE,2012,11045011
GRE,2013,10965211
GRE,2014,10892413
GRE,2015,10820883
GRE,2016,10775971
GRE,2017,10754679
GRE,2018,10732882
GRE,2019,10721582
GRE,2020,10698599
GRE,2021,10569207
GRE,2022,10426919
GRE,2023,10361295
GUM,1960,72374
GUM,1961,73873
GUM,1962,75412
GUM,1963,76996
GUM,1964,78621
GUM,1965,80255
GUM,1966,81879
GUM,1967,83480
GUM,1968,85046
GUM,1969,86534
GUM,1970,88300
GUM,1971,90505
GUM,1972,92815
GUM,1973,95100
GUM,1974,97329
GUM,1975,99478
GUM,1976,101590
GUM,1977,103676
GUM,1978,105710
GUM,1979,107790
GUM,1980,110286
GUM,1981,113221
GUM,1982,116189
GUM,1983,119067
GUM,1984,121885
GUM,1985,124675
GUM,1986,127462
GUM,1987,130259
GUM,1988,133079
GUM,1989,135759
GUM,1990,138263
GUM,1991,140739
GUM,1992,143173
GUM,1993,145541
GUM,1994,147843
GUM,1995,150094
GUM,1996,152261
GUM,1997,154330
GUM,1998,156357
GUM,1999,158395
GUM,2000,160188
GUM,2001,161524
GUM,2002,162563
GUM,2003,163385
GUM,2004,164004
GUM,2005,164430
GUM,2006,164675
GUM,2007,164763
GUM,2008,164725
GUM,2009,164580
GUM,2010,164905
GUM,2011,165649
GUM,2012,166392
GUM,2013,167054
GUM,2014,167543
GUM,2015,167978
GUM,2016,168346
GUM,2017,168606
GUM,2018,168678
GUM,2019,168624
GUM,2020,169231
GUM,2021,170534
GUM,2022,171774
GUM,2023,172952
GUY,1960,571990
GUY,1961,588597
GUY,1962,604833
GUY,1963,620703
GUY,1964,635957
GUY,1965,650207
GUY,1966,663241
GUY,1967,675064
GUY,1968,685887
GUY,1969,695919
GUY,1970,705261
GUY,1971,713904
GUY,1972,721994
GUY,1973,729865
GUY,1974,737701
GUY,1975,745590
GUY,1976,753553
GUY,1977,761378
GUY,1978,768609
GUY,1979,774482
GUY,1980,778176
GUY,1981,779686
GUY,1982,779639
GUY,1983,778372
GUY,1984,776007
GUY,1985,772671
GUY,1986,768508
GUY,1987,763706
GUY,1988,758450
GUY,1989,752897
GUY,1990,747116
GUY,1991,744096
GUY,1992,744998
GUY,1993,747189
GUY,1994,749546
GUY,1995,751689
GUY,1996,753571
GUY,1997,755211
GUY,1998,756697
GUY,1999,758014
GUY,2000,759051
GUY,2001,759809
GUY,2002,760323
GUY,2003,760562
GUY,2004,760424
GUY,2005,759709
GUY,2006,758367
GUY,2007,756521
GUY,2008,754150
GUY,2009,751258
GUY,2010,747932
GUY,2011,744230
GUY,2012,743966
GUY,2013,747420
GUY,2014,751115
GUY,2015,755031
GUY,2016,759087
GUY,2017,763252
GUY,2018,785514
GUY,2019,798753
GUY,2020,797202
GUY,2021,804567
GUY,2022,808726
GUY,2023,813834
HKG,1960,3114671
HKG,1961,3168100
HKG,1962,3305200
HKG,1963,3420900
HKG,1964,3504600
HKG,1965,3597900
HKG,1966,3629900
HKG,1967,3722800
HKG,1968,3802700
HKG,1969,3863900
HKG,1970,3959000
HKG,1971,4045300
HKG,1972,4123600
HKG,1973,4241600
HKG,1974,4377800
HKG,1975,4461600
HKG,1976,4518000
HKG,1977,4583700
HKG,1978,4667500
HKG,1979,4929700
HKG,1980,5063100
HKG,1981,5183400
HKG,1982,5264500
HKG,1983,5345100
HKG,1984,5397900
HKG,1985,5456200
HKG,1986,5524600
HKG,1987,5580500
HKG,1988,5627600
HKG,1989,5686200
HKG,1990,5704500
HKG,1991,5752000
HKG,1992,5800500
HKG,1993,5901000
HKG,1994,6035400
HKG,1995,6156100
HKG,1996,6435500
HKG,1997,6489300
HKG,1998,6543700
HKG,1999,6606500
HKG,2000,6665000
HKG,2001,6714300
HKG,2002,6744100
HKG,2003,6730800
HKG,2004,6783500
HKG,2005,6813200
HKG,2006,6857100
HKG,2007,6916300
HKG,2008,6957800
HKG,2009,6972800
HKG,2010,7024200
HKG,2011,7071600
HKG,2012,7150100
HKG,2013,7178900
HKG,2014,7229500
HKG,2015,7291300
HKG,2016,7336600
HKG,2017,7393200
HKG,2018,7452600
HKG,2019,7507900
HKG,2020,7481000
HKG,2021,7413100
HKG,2022,7346100
HKG,2023,7536100
HUN,1960,9983967
HUN,1961,10029321
HUN,1962,10061734
HUN,1963,10087947
HUN,1964,10119835
HUN,1965,10147935
HUN,1966,10178653
HUN,1967,10216604
HUN,1968,10255815
HUN,1969,10298723
HUN,1970,10337910
HUN,1971,10367537
HUN,1972,10398489
HUN,1973,10432055
HUN,1974,10478720
HUN,1975,10540525
HUN,1976,10598677
HUN,1977,10648031
HUN,1978,10684822
HUN,1979,10704152
HUN,1980,10711122
HUN,1981,10711848
HUN,1982,10705535
HUN,1983,10689463
HUN,1984,10668095
HUN,1985,10648713
HUN,1986,10630564
HUN,1987,10612741
HUN,1988,10596487
HUN,1989,10481719
HUN,1990,10373988
HUN,1991,10373400
HUN,1992,10369341
HUN,1993,10357523
HUN,1994,10343355
HUN,1995,10328965
HUN,1996,10311238
HUN,1997,10290486
HUN,1998,10266570
HUN,1999,10237530
HUN,2000,10210971
HUN,2001,10187576
HUN,2002,10158608
HUN,2003,10129552
HUN,2004,10107146
HUN,2005,10087065
HUN,2006,10071370
HUN,2007,10055780
HUN,2008,10038188
HUN,2009,10022650
HUN,2010,10000023
HUN,2011,9971727
HUN,2012,9920362
HUN,2013,9893082
HUN,2014,9866468
HUN,2015,9843028
HUN,2016,9814023
HUN,2017,9787966
HUN,2018,9775564
HUN,2019,9771141
HUN,2020,9750149
HUN,2021,9709891
HUN,2022,9643048
HUN,2023,9589872
INA,1960,88382881
INA,1961,90816938
INA,1962,93345489
INA,1963,95962527
INA,1964,98675061
INA,1965,101157868
INA,1966,103561105
INA,1967,106260749
INA,1968,109138723
INA,1969,112149246
INA,1970,115228394
INA,1971,118347135
INA,1972,121504145
INA,1973,124709058
INA,1974,127945196
INA,1975,131213215
INA,1976,134521025
INA,1977,137861540
INA,1978,141250964
INA,1979,144693087
INA,1980,148177096
INA,1981,151686337
INA,1982,155228658
INA,1983,158790611
INA,1984,162331962
INA,1985,165791694
INA,1986,169135273
INA,1987,172421390
INA,1988,175694647
INA,1989,178949174
INA,1990,182159874
INA,1991,185361228
INA,1992,188558416
INA,1993,191737287
INA,1994,194928533
INA,1995,198140162
INA,1996,201373791
INA,1997,204628007
INA,1998,207855486
INA,1999,210996910
INA,2000,214072421
INA,2001,217112437
INA,2002,220115092
INA,2003,223080121
INA,2004,225938595
INA,2005,228805144
INA,2006,231797427
INA,2007,234858289
INA,2008,237936543
INA,2009,240981299
INA,2010,244016173
INA,2011,247099697
INA,2012,250222695
INA,2013,253275918
INA,2014,256229761
INA,2015,259091970
INA,2016,261850182
INA,2017,264498852
INA,2018,267066843
INA,2019,269582878
INA,2020,271857970
INA,2021,273753191
INA,2022,275501339
INA,2023,277534122
IND,1960,445954579
IND,1961,456351876
IND,1962,467024193
IND,1963,477933619
IND,1964,489059309
IND,1965,500114346
IND,1966,510992617
IND,1967,521987069
IND,1968,533431909
IND,1969,545314670
IND,1970,557501301
IND,1971,569999178
IND,1972,582837973
IND,1973,596107483
IND,1974,609721951
IND,1975,623524219
IND,1976,637451448
IND,1977,651685628
IND,1978,666267760
IND,1979,681248383
IND,1980,696828385
IND,1981,712869298
IND,1982,729169466
IND,1983,745826546
IND,1984,762895156
IND,1985,780242084
IND,1986,797878993
IND,1987,815716125
IND,1988,833729681
IND,1989,852012673
IND,1990,870452165
IND,1991,888941756
IND,1992,907574049
IND,1993,926351297
IND,1994,945261958
IND,1995,964279129
IND,1996,983281218
IND,1997,1002335230
IND,1998,1021434576
IND,1999,1040500054
IND,2000,1059633675
IND,2001,1078970907
IND,2002,1098313039
IND,2003,1117415123
IND,2004,1136264583
IND,2005,1154638713
IND,2006,1172373788
IND,2007,1189691809
IND,2008,1206734806
IND,2009,1223640160
IND,2010,1240613620
IND,2011,1257621191
IND,2012,1274487215
IND,2013,1291132063
IND,2014,1307246509
IND,2015,1322866505
IND,2016,1338636340
IND,2017,1354195680
IND,2018,1369003306
IND,2019,1383112050
IND,2020,1396387127
IND,2021,1407563842
IND,2022,1417173173
IND,2023,1428627663
IRL,1960,2828600
IRL,1961,2824400
IRL,1962,2836050
IRL,1963,2852650
IRL,1964,2866550
IRL,1965,2877300
IRL,1966,2888800
IRL,1967,2902450
IRL,1968,2915550
IRL,1969,2932650
IRL,1970,2957250
IRL,1971,2992050
IRL,1972,3036850
IRL,1973,3085950
IRL,1974,3137500
IRL,1975,3189550
IRL,1976,3238050
IRL,1977,3282200
IRL,1978,3329100
IRL,1979,3373750
IRL,1980,3412800
IRL,1981,3453000
IRL,1982,3485800
IRL,1983,3510600
IRL,1984,3532423
IRL,1985,3538082
IRL,1986,3539690
IRL,1987,3540057
IRL,1988,3524949
IRL,1989,3511009
IRL,1990,3513974
IRL,1991,3534235
IRL,1992,3558430
IRL,1993,3576261
IRL,1994,3590386
IRL,1995,3608841
IRL,1996,3637510
IRL,1997,3674171
IRL,1998,3712696
IRL,1999,3754786
IRL,2000,3805174
IRL,2001,3866243
IRL,2002,3931947
IRL,2003,3996521
IRL,2004,4070262
IRL,2005,4159914
IRL,2006,4273591
IRL,2007,4398942
IRL,2008,4489544
IRL,2009,4535375
IRL,2010,4560155
IRL,2011,4580084
IRL,2012,4599533
IRL,2013,4623816
IRL,2014,4657740
IRL,2015,4701957
IRL,2016,4755335
IRL,2017,4807388
IRL,2018,4867316
IRL,2019,4934340
IRL,2020,4985382
IRL,2021,5033164
IRL,2022,5127170
IRL,2023,5262382
IRQ,1960,7084678
IRQ,1961,7260714
IRQ,1962,7481832
IRQ,1963,7735824
IRQ,1964,7997655
IRQ,1965,8270544
IRQ,1966,8553883
IRQ,1967,8848502
IRQ,1968,9156132
IRQ,1969,9476737
IRQ,1970,9811347
IRQ,1971,10154928
IRQ,1972,10507315
IRQ,1973,10872139
IRQ,1974,11243146
IRQ,1975,11617622
IRQ,1976,11999342
IRQ,1977,12400190
IRQ,1978,12819707
IRQ,1979,13233830
IRQ,1980,13653369
IRQ,1981,14067260
IRQ,1982,14467682
IRQ,1983,14903737
IRQ,1984,15377032
IRQ,1985,15753856
IRQ,1986,16148221
IRQ,1987,16598019
IRQ,1988,16987346
IRQ,1989,17442590
IRQ,1990,17658381
IRQ,1991,17846378
IRQ,1992,18385673
IRQ,1993,19295818
IRQ,1994,20248073
IRQ,1995,20948858
IRQ,1996,21639332
IRQ,1997,22330770
IRQ,1998,23053488
IRQ,1999,23820734
IRQ,2000,24628858
IRQ,2001,25425663
IRQ,2002,26255343
IRQ,2003,27068823
IRQ,2004,27858948
IRQ,2005,28698684
IRQ,2006,28905607
IRQ,2007,28660887
IRQ,2008,29218381
IRQ,2009,30289040
IRQ,2010,31264875
IRQ,2011,32378061
IRQ,2012,33864447
IRQ,2013,35481800
IRQ,2014,36746488
IRQ,2015,37757813
IRQ,2016,38697943
IRQ,2017,39621162
IRQ,2018,40590700
IRQ,2019,41563520
IRQ,2020,42556984
IRQ,2021,43533592
IRQ,2022,44496122
IRQ,2023,45504560
ISL,1960,175574
ISL,1961,179029
ISL,1962,182378
ISL,1963,185653
ISL,1964,188983
ISL,1965,192286
ISL,1966,195570
ISL,1967,198751
ISL,1968,201488
ISL,1969,203369
ISL,1970,204438
ISL,1971,206098
ISL,1972,209137
ISL,1973,212317
ISL,1974,215209
ISL,1975,217979
ISL,1976,220154
ISL,1977,221799
ISL,1978,223537
ISL,1979,225735
ISL,1980,228138
ISL,1981,230755
ISL,1982,233860
ISL,1983,236977
ISL,1984,239511
ISL,1985,241405
ISL,1986,243180
ISL,1987,245859
ISL,1988,249740
ISL,1989,252852
ISL,1990,254826
ISL,1991,257797
ISL,1992,261057
ISL,1993,263725
ISL,1994,266021
ISL,1995,267468
ISL,1996,268916
ISL,1997,271128
ISL,1998,274047
ISL,1999,277381
ISL,2000,281205
ISL,2001,284968
ISL,2002,287523
ISL,2003,289521
ISL,2004,292074
ISL,2005,296734
ISL,2006,303782
ISL,2007,311566
ISL,2008,317414
ISL,2009,318499
ISL,2010,318041
ISL,2011,319014
ISL,2012,320716
ISL,2013,323764
ISL,2014,327386
ISL,2015,330815
ISL,2016,335439
ISL,2017,343400
ISL,2018,352721
ISL,2019,360563
ISL,2020,366463
ISL,2021,372520
ISL,2022,382003
ISL,2023,393600
ISR,1960,2114020
ISR,1961,2185000
ISR,1962,2293000
ISR,1963,2379000
ISR,1964,2475000
ISR,1965,2563000
ISR,1966,2629000
ISR,1967,2745000
ISR,1968,2803000
ISR,1969,2877000
ISR,1970,2974000
ISR,1971,3069000
ISR,1972,3148000
ISR,1973,3278000
ISR,1974,3377000
ISR,1975,3455000
ISR,1976,3533000
ISR,1977,3613000
ISR,1978,3690000
ISR,1979,3786000
ISR,1980,3878000
ISR,1981,3956000
ISR,1982,4031000
ISR,1983,4105000
ISR,1984,4159000
ISR,1985,4233000
ISR,1986,4299000
ISR,1987,4369000
ISR,1988,4442000
ISR,1989,4518000
ISR,1990,4660000
ISR,1991,4949000
ISR,1992,5123000
ISR,1993,5261000
ISR,1994,5399000
ISR,1995,5545000
ISR,1996,5692000
ISR,1997,5836000
ISR,1998,5971000
ISR,1999,6125000
ISR,2000,6289000
ISR,2001,6439000
ISR,2002,6570000
ISR,2003,6689700
ISR,2004,6809000
ISR,2005,6930100
ISR,2006,7053700
ISR,2007,7180100
ISR,2008,7308800
ISR,2009,7485600
ISR,2010,7623600
ISR,2011,7765800
ISR,2012,7910500
ISR,2013,8059500
ISR,2014,8215700
ISR,2015,8380100
ISR,2016,8546000
ISR,2017,8713300
ISR,2018,8882800
ISR,2019,9054000
ISR,2020,9215100
ISR,2021,9371400
ISR,2022,9557500
ISR,2023,9756700
ITA,1960,50199700
ITA,1961,50536350
ITA,1962,50879450
ITA,1963,51252000
ITA,1964,51675350
ITA,1965,52112350
ITA,1966,52519000
ITA,1967,52900500
ITA,1968,53235750
ITA,1969,53537950
ITA,1970,53821850
ITA,1971,54073490
ITA,1972,54381345
ITA,1973,54751406
ITA,1974,55110868
ITA,1975,55441001
ITA,1976,55718260
ITA,1977,55955411
ITA,1978,56155143
ITA,1979,56317749
ITA,1980,56433883
ITA,1981,56501675
ITA,1982,56543548
ITA,1983,56564074
ITA,1984,56576718
ITA,1985,56593071
ITA,1986,56596155
ITA,1987,56601931
ITA,1988,56629288
ITA,1989,56671781
ITA,1990,56719240
ITA,1991,56758521
ITA,1992,56797087
ITA,1993,56831821
ITA,1994,56843400
ITA,1995,56844303
ITA,1996,56860281
ITA,1997,56890372
ITA,1998,56906744
ITA,1999,56916317
ITA,2000,56942108
ITA,2001,56974100
ITA,2002,57059007
ITA,2003,57313203
ITA,2004,57685327
ITA,2005,57969484
ITA,2006,58143979
ITA,2007,58438310
ITA,2008,58826731
ITA,2009,59095365
ITA,2010,59277417
ITA,2011,59379449
ITA,2012,59539717
ITA,2013,60233948
ITA,2014,60789140
ITA,2015,60730582
ITA,2016,60627498
ITA,2017,60536709
ITA,2018,60421760
ITA,2019,59729081
ITA,2020,59438851
ITA,2021,59133173
ITA,2022,58940425
ITA,2023,58761146
JAM,1960,1642331
JAM,1961,1663754
JAM,1962,1683761
JAM,1963,1703868
JAM,1964,1725181
JAM,1965,1746977
JAM,1966,1768803
JAM,1967,1790580
JAM,1968,1812209
JAM,1969,1834615
JAM,1970,1859091
JAM,1971,1886143
JAM,1972,1915299
JAM,1973,1945320
JAM,1974,1974880
JAM,1975,2003094
JAM,1976,2029486
JAM,1977,2054927
JAM,1978,2080485
JAM,1979,2106937
JAM,1980,2135546
JAM,1981,2166657
JAM,1982,2199606
JAM,1983,2232782
JAM,1984,2264095
JAM,1985,2292030
JAM,1986,2315871
JAM,1987,2336245
JAM,1988,2354805
JAM,1989,2373365
JAM,1990,2392030
JAM,1991,2411867
JAM,1992,2434574
JAM,1993,2459062
JAM,1994,2484182
JAM,1995,2509372
JAM,1996,2532894
JAM,1997,2554954
JAM,1998,2576567
JAM,1999,2596271
JAM,2000,2612205
JAM,2001,2625405
JAM,2002,2638244
JAM,2003,2651027
JAM,2004,2664024
JAM,2005,2676863
JAM,2006,2689660
JAM,2007,2701221
JAM,2008,2711373
JAM,2009,2722401
JAM,2010,2733896
JAM,2011,2746169
JAM,2012,2759817
JAM,2013,2773129
JAM,2014,2784543
JAM,2015,2794445
JAM,2016,2802695
JAM,2017,2808376
JAM,2018,2811835
JAM,2019,2813773
JAM,2020,2820436
JAM,2021,2827695
JAM,2022,2827377
JAM,2023,2825544
JOR,1960,847936
JOR,1961,891848
JOR,1962,934615
JOR,1963,978607
JOR,1964,1029447
JOR,1965,1093474
JOR,1966,1172770
JOR,1967,1265680
JOR,1968,1366644
JOR,1969,1466428
JOR,1970,1557374
JOR,1971,1636320
JOR,1972,1704787
JOR,1973,1767414
JOR,1974,1827584
JOR,1975,1886636
JOR,1976,1945141
JOR,1977,2005418
JOR,1978,2069104
JOR,1979,2138078
JOR,1980,2216903
JOR,1981,2306655
JOR,1982,2406349
JOR,1983,2514785
JOR,1984,2629939
JOR,1985,2751492
JOR,1986,2879799
JOR,1987,3014694
JOR,1988,3157177
JOR,1989,3310954
JOR,1990,3480587
JOR,1991,3666379
JOR,1992,3866887
JOR,1993,4075759
JOR,1994,4278166
JOR,1995,4458195
JOR,1996,4608676
JOR,1997,4733665
JOR,1998,4844403
JOR,1999,4950775
JOR,2000,5056174
JOR,2001,5163310
JOR,2002,5275532
JOR,2003,5396117
JOR,2004,5532423
JOR,2005,5678534
JOR,2006,6075548
JOR,2007,6473457
JOR,2008,6632873
JOR,2009,6780493
JOR,2010,6931258
JOR,2011,7109980
JOR,2012,7211863
JOR,2013,7694814
JOR,2014,8658026
JOR,2015,9494246
JOR,2016,9964656
JOR,2017,10215381
JOR,2018,10459865
JOR,2019,10698683
JOR,2020,10928721
JOR,2021,11148278
JOR,2022,11285869
JOR,2023,11337052
JPN,1960,93216000
JPN,1961,94055000
JPN,1962,94933000
JPN,1963,95900000
JPN,1964,96903000
JPN,1965,97952000
JPN,1966,98851000
JPN,1967,99879000
JPN,1968,101011000
JPN,1969,102219000
JPN,1970,103403000
JPN,1971,105697000
JPN,1972,107188000
JPN,1973,108707000
JPN,1974,110162000
JPN,1975,111573000
JPN,1976,112775000
JPN,1977,113872000
JPN,1978,114913000
JPN,1979,115890000
JPN,1980,116807000
JPN,1981,117661000
JPN,1982,118480000
JPN,1983,119307000
JPN,1984,120083000
JPN,1985,120837000
JPN,1986,121482000
JPN,1987,122069000
JPN,1988,122578000
JPN,1989,123069000
JPN,1990,123478000
JPN,1991,123964000
JPN,1992,124425000
JPN,1993,124829000
JPN,1994,125178000
JPN,1995,125472000
JPN,1996,125757000
JPN,1997,126057000
JPN,1998,126400000
JPN,1999,126631000
JPN,2000,126843000
JPN,2001,127149000
JPN,2002,127445000
JPN,2003,127718000
JPN,2004,127761000
JPN,2005,127773000
JPN,2006,127854000
JPN,2007,128001000
JPN,2008,128063000
JPN,2009,128047000
JPN,2010,128070000
JPN,2011,127833000
JPN,2012,127629000
JPN,2013,127445000
JPN,2014,127276000
JPN,2015,127141000
JPN,2016,127076000
JPN,2017,126972000
JPN,2018,126811000
JPN,2019,126633000
JPN,2020,126261000
JPN,2021,125681593
JPN,2022,125124989
JPN,2023,124516650
KAZ,1960,9319283
KAZ,1961,9639302
KAZ,1962,9959414
KAZ,1963,10277790
KAZ,1964,10590934
KAZ,1965,10897644
KAZ,1966,11197568
KAZ,1967,11491228
KAZ,1968,11777849
KAZ,1969,12042478
KAZ,1970,12265305
KAZ,1971,12444338
KAZ,1972,12611997
KAZ,1973,12789985
KAZ,1974,12972497
KAZ,1975,13158942
KAZ,1976,13346173
KAZ,1977,13543521
KAZ,1978,13750291
KAZ,1979,13957795
KAZ,1980,14172710
KAZ,1981,14397391
KAZ,1982,14634179
KAZ,1983,14885966
KAZ,1984,15147590
KAZ,1985,15413315
KAZ,1986,15721289
KAZ,1987,16072478
KAZ,1988,16430590
KAZ,1989,16249500
KAZ,1990,16348000
KAZ,1991,16451711
KAZ,1992,16439095
KAZ,1993,16380672
KAZ,1994,16145766
KAZ,1995,15816243
KAZ,1996,15578227
KAZ,1997,15334405
KAZ,1998,15071640
KAZ,1999,14928374
KAZ,2000,14883626
KAZ,2001,14858335
KAZ,2002,14858948
KAZ,2003,14909019
KAZ,2004,15012984
KAZ,2005,15147029
KAZ,2006,15308085
KAZ,2007,15484192
KAZ,2008,15776938
KAZ,2009,16092822
KAZ,2010,16321872
KAZ,2011,16557202
KAZ,2012,16792090
KAZ,2013,17035551
KAZ,2014,17288285
KAZ,2015,17542806
KAZ,2016,17794055
KAZ,2017,18037776
KAZ,2018,18276452
KAZ,2019,18513673
KAZ,2020,18755666
KAZ,2021,19191356
KAZ,2022,19634983
KAZ,2023,19900177
KEN,1960,7751435
KEN,1961,8047470
KEN,1962,8363578
KEN,1963,8697200
KEN,1964,9047387
KEN,1965,9417207
KEN,1966,9802605
KEN,1967,10201068
KEN,1968,10613877
KEN,1969,11039551
KEN,1970,11473087
KEN,1971,11898457
KEN,1972,12322903
KEN,1973,12760405
KEN,1974,13203949
KEN,1975,13651908
KEN,1976,14102268
KEN,1977,14577346
KEN,1978,15087423
KEN,1979,15620613
KEN,1980,16187124
KEN,1981,16785962
KEN,1982,17411491
KEN,1983,18069461
KEN,1984,18753176
KEN,1985,19452161
KEN,1986,20160879
KEN,1987,20882094
KEN,1988,21626122
KEN,1989,22387803
KEN,1990,23162269
KEN,1991,23918235
KEN,1992,24655723
KEN,1993,25391830
KEN,1994,26133744
KEN,1995,26878347
KEN,1996,27615736
KEN,1997,28364264
KEN,1998,29137373
KEN,1999,29965129
KEN,2000,30851606
KEN,2001,31800343
KEN,2002,32779823
KEN,2003,33767122
KEN,2004,34791836
KEN,2005,35843010
KEN,2006,36925253
KEN,2007,38036793
KEN,2008,39186895
KEN,2009,40364444
KEN,2010,41517895
KEN,2011,42635144
KEN,2012,43725806
KEN,2013,44792368
KEN,2014,45831863
KEN,2015,46851488
KEN,2016,47894670
KEN,2017,48948137
KEN,2018,49953304
KEN,2019,50951450
KEN,2020,51985780
KEN,2021,53005614
KEN,2022,54027487
KEN,2023,55100586
KGZ,1960,2172300
KGZ,1961,2255900
KGZ,1962,2333400
KGZ,1963,2413700
KGZ,1964,2495300
KGZ,1965,2573300
KGZ,1966,2655300
KGZ,1967,2736500
KGZ,1968,2818300
KGZ,1969,2894800
KGZ,1970,2959900
KGZ,1971,3022300
KGZ,1972,3088200
KGZ,1973,3153800
KGZ,1974,3223900
KGZ,1975,3292400
KGZ,1976,3358700
KGZ,1977,3423900
KGZ,1978,3487100
KGZ,1979,3552000
KGZ,1980,3617400
KGZ,1981,3685800
KGZ,1982,3759300
KGZ,1983,3838300
KGZ,1984,3916400
KGZ,1985,3990300
KGZ,1986,4066500
KGZ,1987,4144600
KGZ,1988,4218400
KGZ,1989,4307500
KGZ,1990,4391200
KGZ,1991,4463600
KGZ,1992,4515400
KGZ,1993,4516700
KGZ,1994,4515100
KGZ,1995,4560400
KGZ,1996,4628400
KGZ,1997,4696400
KGZ,1998,4769000
KGZ,1999,4840400
KGZ,2000,4898400
KGZ,2001,4945100
KGZ,2002,4990700
KGZ,2003,5043300
KGZ,2004,5104700
KGZ,2005,5162600
KGZ,2006,5218400
KGZ,2007,5268400
KGZ,2008,5318700
KGZ,2009,5383300
KGZ,2010,5447900
KGZ,2011,5514600
KGZ,2012,5607200
KGZ,2013,5719600
KGZ,2014,5835500
KGZ,2015,5956900
KGZ,2016,6079500
KGZ,2017,6198200
KGZ,2018,6322800
KGZ,2019,6456200
KGZ,2020,6579900
KGZ,2021,6773400
KGZ,2022,6974900
KGZ,2023,7100800
KIR,1960,47093
KIR,1961,48275
KIR,1962,49508
KIR,1963,50780
KIR,1964,52092
KIR,1965,53444
KIR,1966,54428
KIR,1967,54990
KIR,1968,55511
KIR,1969,56324
KIR,1970,57437
KIR,1971,58535
KIR,1972,59606
KIR,1973,60598
KIR,1974,60953
KIR,1975,60675
KIR,1976,60310
KIR,1977,59894
KIR,1978,59465
KIR,1979,59775
KIR,1980,60813
KIR,1981,61875
KIR,1982,62977
KIR,1983,64121
KIR,1984,65338
KIR,1985,66708
KIR,1986,68266
KIR,1987,69946
KIR,1988,71680
KIR,1989,73436
KIR,1990,75124
KIR,1991,76612
KIR,1992,77901
KIR,1993,79093
KIR,1994,80264
KIR,1995,81481
KIR,1996,82832
KIR,1997,84308
KIR,1998,85805
KIR,1999,87289
KIR,2000,88826
KIR,2001,90531
KIR,2002,92400
KIR,2003,94302
KIR,2004,96224
KIR,2005,98164
KIR,2006,100083
KIR,2007,101998
KIR,2008,103966
KIR,2009,105996
KIR,2010,107995
KIR,2011,109871
KIR,2012,111618
KIR,2013,113311
KIR,2014,114985
KIR,2015,116707
KIR,2016,118513
KIR,2017,120362
KIR,2018,122261
KIR,2019,124241
KIR,2020,126463
KIR,2021,128874
KIR,2022,131232
KIR,2023,133515
KOR,1960,25012374
KOR,1961,25765673
KOR,1962,26513030
KOR,1963,27261747
KOR,1964,27984155
KOR,1965,28704674
KOR,1966,29435571
KOR,1967,30130983
KOR,1968,30838302
KOR,1969,31544266
KOR,1970,32240827
KOR,1971,32882704
KOR,1972,33505406
KOR,1973,34103149
KOR,1974,34692266
KOR,1975,35280725
KOR,1976,35848523
KOR,1977,36411795
KOR,1978,36969185
KOR,1979,37534236
KOR,1980,38123775
KOR,1981,38723248
KOR,1982,39326352
KOR,1983,39910403
KOR,1984,40405956
KOR,1985,40805744
KOR,1986,41213674
KOR,1987,41621690
KOR,1988,42031247
KOR,1989,42449038
KOR,1990,42869283
KOR,1991,43295704
KOR,1992,43747962
KOR,1993,44194628
KOR,1994,44641540
KOR,1995,45092991
KOR,1996,45524681
KOR,1997,45953580
KOR,1998,46286503
KOR,1999,46616677
KOR,2000,47008111
KOR,2001,47370164
KOR,2002,47644736
KOR,2003,47892330
KOR,2004,48082519
KOR,2005,48184561
KOR,2006,48438292
KOR,2007,48683638
KOR,2008,49054708
KOR,2009,49307835
KOR,2010,49554112
KOR,2011,49936638
KOR,2012,50199853
KOR,2013,50428893
KOR,2014,50746659
KOR,2015,51014947
KOR,2016,51217803
KOR,2017,51361911
KOR,2018,51585058
KOR,2019,51764822
KOR,2020,51836239
KOR,2021,51769539
KOR,2022,51672569
KOR,2023,51712619
KSA,1960,4165563
KSA,1961,4306048
KSA,1962,4458516
KSA,1963,4621655
KSA,1964,4795130
KSA,1965,4978922
KSA,1966,5173237
KSA,1967,5381026
KSA,1968,5604582
KSA,1969,5844843
KSA,1970,6106191
KSA,1971,6396658
KSA,1972,6724260
KSA,1973,7088758
KSA,1974,7483506
KSA,1975,7897544
KSA,1976,8319556
KSA,1977,8755219
KSA,1978,9210564
KSA,1979,9682002
KSA,1980,10171710
KSA,1981,10678211
KSA,1982,11201154
KSA,1983,11746020
KSA,1984,12310361
KSA,1985,12890245
KSA,1986,13483349
KSA,1987,14089798
KSA,1988,14713715
KSA,1989,15353227
KSA,1990,16004763
KSA,1991,16654276
KSA,1992,17281350
KSA,1993,17846461
KSA,1994,18367528
KSA,1995,18888857
KSA,1996,19410280
KSA,1997,19938377
KSA,1998,20472580
KSA,1999,21009660
KSA,2000,21547390
KSA,2001,22085929
KSA,2002,22623415
KSA,2003,23150847
KSA,2004,23661808
KSA,2005,24397644
KSA,2006,25382870
KSA,2007,26400068
KSA,2008,27437353
KSA,2009,28483797
KSA,2010,29411929
KSA,2011,30150945
KSA,2012,30821543
KSA,2013,31482498
KSA,2014,32125564
KSA,2015,32749848
KSA,2016,33416270
KSA,2017,34193122
KSA,2018,35018133
KSA,2019,35827362
KSA,2020,35997107
KSA,2021,35950396
KSA,2022,36408820
KSA,2023,36947025
LAO,1960,2122532
LAO,1961,2171141
LAO,1962,2221615
LAO,1963,2273219
LAO,1964,2325513
LAO,1965,2379456
LAO,1966,2434861
LAO,1967,2491927
LAO,1968,2551070
LAO,1969,2612111
LAO,1970,2675283
LAO,1971,2740732
LAO,1972,2808290
LAO,1973,2877561
LAO,1974,2946882
LAO,1975,3012720
LAO,1976,3072017
LAO,1977,3125742
LAO,1978,3177945
LAO,1979,3233700
LAO,1980,3297519
LAO,1981,3370993
LAO,1982,3453691
LAO,1983,3543861
LAO,1984,3639956
LAO,1985,3741604
LAO,1986,3848390
LAO,1987,3959697
LAO,1988,4074961
LAO,1989,4193532
LAO,1990,4314443
LAO,1991,4437225
LAO,1992,4561106
LAO,1993,4685296
LAO,1994,4807950
LAO,1995,4927432
LAO,1996,5043914
LAO,1997,5150538
LAO,1998,5246922
LAO,1999,5340056
LAO,2000,5430853
LAO,2001,5519707
LAO,2002,5606101
LAO,2003,5689065
LAO,2004,5768167
LAO,2005,5852970
LAO,2006,5946593
LAO,2007,6041348
LAO,2008,6135861
LAO,2009,6229930
LAO,2010,6323418
LAO,2011,6416327
LAO,2012,6508803
LAO,2013,6600742
LAO,2014,6691454
LAO,2015,6787419
LAO,2016,6891363
LAO,2017,6997917
LAO,2018,7105006
LAO,2019,7212053
LAO,2020,7319399
LAO,2021,7425057
LAO,2022,7529475
LAO,2023,7633779
LBR,1960,1137026
LBR,1961,1165005
LBR,1962,1194085
LBR,1963,1224169
LBR,1964,1255197
LBR,1965,1287315
LBR,1966,1320315
LBR,1967,1354287
LBR,1968,1389453
LBR,1969,1425879
LBR,1970,1463563
LBR,1971,1501658
LBR,1972,1540995
LBR,1973,1582697
LBR,1974,1626283
LBR,1975,1671632
LBR,1976,1718482
LBR,1977,1768092
LBR,1978,1820861
LBR,1979,1875566
LBR,1980,1932169
LBR,1981,1989690
LBR,1982,2047602
LBR,1983,2109151
LBR,1984,2174194
LBR,1985,2239724
LBR,1986,2305860
LBR,1987,2372449
LBR,1988,2439639
LBR,1989,2507600
LBR,1990,2209731
LBR,1991,1939236
LBR,1992,2052626
LBR,1993,2132771
LBR,1994,2125198
LBR,1995,2142422
LBR,1996,2203966
LBR,1997,2383300
LBR,1998,2639224
LBR,1999,2789743
LBR,2000,2895224
LBR,2001,2981648
LBR,2002,3060599
LBR,2003,3085173
LBR,2004,3122447
LBR,2005,3266318
LBR,2006,3455397
LBR,2007,3632740
LBR,2008,3783887
LBR,2009,3905066
LBR,2010,4019956
LBR,2011,4181150
LBR,2012,4331740
LBR,2013,4427313
LBR,2014,4519398
LBR,2015,4612329
LBR,2016,4706097
LBR,2017,4796631
LBR,2018,4889391
LBR,2019,4985289
LBR,2020,5087584
LBR,2021,5193416
LBR,2022,5302681
LBR,2023,5418377
LCA,1960,91614
LCA,1961,92761
LCA,1962,93823
LCA,1963,94887
LCA,1964,95948
LCA,1965,97024
LCA,1966,98126
LCA,1967,99257
LCA,1968,100400
LCA,1969,101605
LCA,1970,103090
LCA,1971,104781
LCA,1972,106457
LCA,1973,108114
LCA,1974,109740
LCA,1975,111497
LCA,1976,113421
LCA,1977,115385
LCA,1978,117397
LCA,1979,119463
LCA,1980,121633
LCA,1981,123909
LCA,1982,126194
LCA,1983,128440
LCA,1984,130625
LCA,1985,132751
LCA,1986,134810
LCA,1987,136780
LCA,1988,138660
LCA,1989,140457
LCA,1990,142301
LCA,1991,144268
LCA,1992,146420
LCA,1993,148595
LCA,1994,150561
LCA,1995,152348
LCA,1996,153969
LCA,1997,155454
LCA,1998,156855
LCA,1999,158256
LCA,2000,159500
LCA,2001,160594
LCA,2002,161799
LCA,2003,163047
LCA,2004,164239
LCA,2005,165386
LCA,2006,166470
LCA,2007,167518
LCA,2008,168576
LCA,2009,169688
LCA,2010,170935
LCA,2011,172145
LCA,2012,173124
LCA,2013,173978
LCA,2014,174804
LCA,2015,175623
LCA,2016,176413
LCA,2017,177163
LCA,2018,177888
LCA,2019,178583
LCA,2020,179237
LCA,2021,179651
LCA,2022,179857
LCA,2023,180251
LIB,1960,1798092
LIB,1961,1853295
LIB,1962,1911959
LIB,1963,1971511
LIB,1964,2030440
LIB,1965,2087445
LIB,1966,2145646
LIB,1967,2203202
LIB,1968,2262291
LIB,1969,2323823
LIB,1970,2381791
LIB,1971,2442137
LIB,1972,2505965
LIB,1973,2569841
LIB,1974,2632880
LIB,1975,2691586
LIB,1976,3070419
LIB,1977,3457617
LIB,1978,3183405
LIB,1979,2902164
LIB,1980,2963702
LIB,1981,3027222
LIB,1982,3070133
LIB,1983,3106990
LIB,1984,3163558
LIB,1985,3226750
LIB,1986,3308010
LIB,1987,3390870
LIB,1988,3457148
LIB,1989,3525502
LIB,1990,3593700
LIB,1991,3666734
LIB,1992,3745407
LIB,1993,3818796
LIB,1994,3888144
LIB,1995,3959640
LIB,1996,4034243
LIB,1997,4107551
LIB,1998,4178784
LIB,1999,4250020
LIB,2000,4320642
LIB,2001,4389200
LIB,2002,4446666
LIB,2003,4504807
LIB,2004,4574797
LIB,2005,4643044
LIB,2006,4719864
LIB,2007,4809608
LIB,2008,4887613
LIB,2009,4951135
LIB,2010,4995800
LIB,2011,5045056
LIB,2012,5178337
LIB,2013,5678851
LIB,2014,6274342
LIB,2015,6398940
LIB,2016,6258619
LIB,2017,6109252
LIB,2018,5950839
LIB,2019,5781907
LIB,2020,5662923
LIB,2021,5592631
LIB,2022,5489739
LIB,2023,5353930
LIE,1960,16472
LIE,1961,16834
LIE,1962,17221
LIE,1963,17625
LIE,1964,18058
LIE,1965,18500
LIE,1966,18957
LIE,1967,19467
LIE,1968,20011
LIE,1969,20558
LIE,1970,21089
LIE,1971,21517
LIE,1972,21873
LIE,1973,22251
LIE,1974,22638
LIE,1975,23030
LIE,1976,23416
LIE,1977,23803
LIE,1978,24205
LIE,1979,24616
LIE,1980,25003
LIE,1981,25346
LIE,1982,25689
LIE,1983,26055
LIE,1984,26420
LIE,1985,26785
LIE,1986,27159
LIE,1987,27542
LIE,1988,27944
LIE,1989,28357
LIE,1990,28765
LIE,1991,29168
LIE,1992,29581
LIE,1993,30012
LIE,1994,30447
LIE,1995,30890
LIE,1996,31337
LIE,1997,31770
LIE,1998,32190
LIE,1999,32615
LIE,2000,33026
LIE,2001,33376
LIE,2002,33693
LIE,2003,34000
LIE,2004,34300
LIE,2005,34603
LIE,2006,34889
LIE,2007,35150
LIE,2008,35401
LIE,2009,35675
LIE,2010,35926
LIE,2011,36189
LIE,2012,36505
LIE,2013,36806
LIE,2014,37096
LIE,2015,37355
LIE,2016,37609
LIE,2017,37889
LIE,2018,38181
LIE,2019,38482
LIE,2020,38756
LIE,2021,39039
LIE,2022,39327
LIE,2023,39584
LTU,1960,2778550
LTU,1961,2823550
LTU,1962,2863350
LTU,1963,2898950
LTU,1964,2935200
LTU,1965,2971450
LTU,1966,3008050
LTU,1967,3044400
LTU,1968,3078850
LTU,1969,3107321
LTU,1970,3139689
LTU,1971,3179041
LTU,1972,3213622
LTU,1973,3244438
LTU,1974,3273894
LTU,1975,3301652
LTU,1976,3328664
LTU,1977,3355036
LTU,1978,3379514
LTU,1979,3397842
LTU,1980,3413202
LTU,1981,3432947
LTU,1982,3457179
LTU,1983,3485192
LTU,1984,3514205
LTU,1985,3544543
LTU,1986,3578914
LTU,1987,3616367
LTU,1988,3655049
LTU,1989,3684255
LTU,1990,3697838
LTU,1991,3704134
LTU,1992,3700114
LTU,1993,3682613
LTU,1994,3657144
LTU,1995,3629102
LTU,1996,3601613
LTU,1997,3575137
LTU,1998,3549331
LTU,1999,3524238
LTU,2000,3499536
LTU,2001,3470818
LTU,2002,3443067
LTU,2003,3415213
LTU,2004,3377075
LTU,2005,3322528
LTU,2006,3269909
LTU,2007,3231294
LTU,2008,3198231
LTU,2009,3162916
LTU,2010,3097282
LTU,2011,3028115
LTU,2012,2987773
LTU,2013,2957689
LTU,2014,2932367
LTU,2015,2904910
LTU,2016,2868231
LTU,2017,2828403
LTU,2018,2801543
LTU,2019,2794137
LTU,2020,2794885
LTU,2021,2800839
LTU,2022,2831639
LTU,2023,2871897
LUX,1960,313970
LUX,1961,316845
LUX,1962,320750
LUX,1963,324100
LUX,1964,327750
LUX,1965,331500
LUX,1966,333895
LUX,1967,334995
LUX,1968,335850
LUX,1969,337500
LUX,1970,339171
LUX,1971,342421
LUX,1972,346600
LUX,1973,350450
LUX,1974,355050
LUX,1975,358950
LUX,1976,360731
LUX,1977,361358
LUX,1978,362007
LUX,1979,362856
LUX,1980,364150
LUX,1981,365225
LUX,1982,365525
LUX,1983,365622
LUX,1984,365998
LUX,1985,366706
LUX,1986,368355
LUX,1987,370750
LUX,1988,373450
LUX,1989,377100
LUX,1990,381850
LUX,1991,387000
LUX,1992,392175
LUX,1993,397475
LUX,1994,402925
LUX,1995,408625
LUX,1996,414225
LUX,1997,419450
LUX,1998,424700
LUX,1999,430475
LUX,2000,436300
LUX,2001,441525
LUX,2002,446175
LUX,2003,451630
LUX,2004,458095
LUX,2005,465158
LUX,2006,472637
LUX,2007,479993
LUX,2008,488650
LUX,2009,497783
LUX,2010,506953
LUX,2011,518347
LUX,2012,530946
LUX,2013,543360
LUX,2014,556319
LUX,2015,569604
LUX,2016,582014
LUX,2017,596336
LUX,2018,607950
LUX,2019,620001
LUX,2020,630419
LUX,2021,640064
LUX,2022,653103
LUX,2023,668606
MAR,1960,11769774
MAR,1961,12081713
MAR,1962,12404757
MAR,1963,12726686
MAR,1964,13044254
MAR,1965,13381880
MAR,1966,13738502
MAR,1967,14109755
MAR,1968,14490077
MAR,1969,14876982
MAR,1970,15274351
MAR,1971,15677300
MAR,1972,16081438
MAR,1973,16489452
MAR,1974,16902383
MAR,1975,17325325
MAR,1976,17756516
MAR,1977,18206472
MAR,1978,18679859
MAR,1979,19167661
MAR,1980,19678444
MAR,1981,20208260
MAR,1982,20746765
MAR,1983,21287381
MAR,1984,21817271
MAR,1985,22335077
MAR,1986,22824446
MAR,1987,23279935
MAR,1988,23720590
MAR,1989,24148104
MAR,1990,24570814
MAR,1991,24988083
MAR,1992,25400676
MAR,1993,25806777
MAR,1994,26201551
MAR,1995,26599048
MAR,1996,26999093
MAR,1997,27397118
MAR,1998,27791825
MAR,1999,28176997
MAR,2000,28554415
MAR,2001,28930097
MAR,2002,29301817
MAR,2003,29661270
MAR,2004,30033125
MAR,2005,30431902
MAR,2006,30833022
MAR,2007,31232633
MAR,2008,31634992
MAR,2009,32042877
MAR,2010,32464865
MAR,2011,32903699
MAR,2012,33352169
MAR,2013,33803527
MAR,2014,34248603
MAR,2015,34680458
MAR,2016,35107264
MAR,2017,35528115
MAR,2018,35927511
MAR,2019,36304408
MAR,2020,36688772
MAR,2021,37076584
MAR,2022,37457971
MAR,2023,37840044
MDA,1960,2074015
MDA,1961,2127854
MDA,1962,2177676
MDA,1963,2222675
MDA,1964,2264461
MDA,1965,2301425
MDA,1966,2336782
MDA,1967,2369729
MDA,1968,2400264
MDA,1969,2429193
MDA,1970,2456514
MDA,1971,2483032
MDA,1972,2509550
MDA,1973,2536068
MDA,1974,2563389
MDA,1975,2590711
MDA,1976,2618032
MDA,1977,2643746
MDA,1978,2668657
MDA,1979,2692764
MDA,1980,2716068
MDA,1981,2740175
MDA,1982,2765889
MDA,1983,2792407
MDA,1984,2819728
MDA,1985,2847050
MDA,1986,2875175
MDA,1987,2904907
MDA,1988,2931424
MDA,1989,2952317
MDA,1990,2965978
MDA,1991,2973210
MDA,1992,2975621
MDA,1993,2974817
MDA,1994,2967585
MDA,1995,2953200
MDA,1996,2947293
MDA,1997,2936413
MDA,1998,2935227
MDA,1999,2930622
MDA,2000,2924668
MDA,2001,2918135
MDA,2002,2911385
MDA,2003,2903198
MDA,2004,2896023
MDA,2005,2888985
MDA,2006,2880967
MDA,2007,2874299
MDA,2008,2868833
MDA,2009,2865213
MDA,2010,2862354
MDA,2011,2860699
MDA,2012,2860324
MDA,2013,2859558
MDA,2014,2857815
MDA,2015,2835978
MDA,2016,2803186
MDA,2017,2755189
MDA,2018,2707203
MDA,2019,2664224
MDA,2020,2635130
MDA,2021,2595809
MDA,2022,2538894
MDA,2023,2486891
MDV,1960,91650
MDV,1961,93952
MDV,1962,96332
MDV,1963,98775
MDV,1964,101241
MDV,1965,104566
MDV,1966,108713
MDV,1967,112547
MDV,1968,116049
MDV,1969,119569
MDV,1970,123243
MDV,1971,127066
MDV,1972,130990
MDV,1973,134940
MDV,1974,138944
MDV,1975,143126
MDV,1976,147468
MDV,1977,151792
MDV,1978,156025
MDV,1979,160326
MDV,1980,164887
MDV,1981,169663
MDV,1982,174523
MDV,1983,179339
MDV,1984,184388
MDV,1985,190383
MDV,1986,197225
MDV,1987,204256
MDV,1988,211160
MDV,1989,217937
MDV,1990,224957
MDV,1991,232150
MDV,1992,239136
MDV,1993,245845
MDV,1994,252201
MDV,1995,258208
MDV,1996,263841
MDV,1997,269040
MDV,1998,273796
MDV,1999,278111
MDV,2000,282507
MDV,2001,287324
MDV,2002,292284
MDV,2003,297226
MDV,2004,302135
MDV,2005,307018
MDV,2006,314401
MDV,2007,325126
MDV,2008,336883
MDV,2009,349037
MDV,2010,361575
MDV,2011,374440
MDV,2012,387539
MDV,2013,400728
MDV,2014,416738
MDV,2015,435582
MDV,2016,454252
MDV,2017,472442
MDV,2018,489758
MDV,2019,504508
MDV,2020,514438
MDV,2021,521457
MDV,2022,523787
MDV,2023,521021
MEX,1960,36268055
MEX,1961,37439317
MEX,1962,38683283
MEX,1963,39982118
MEX,1964,41333878
MEX,1965,42737991
MEX,1966,44180437
MEX,1967,45656963
MEX,1968,47170337
MEX,1969,48714394
MEX,1970,50289306
MEX,1971,51897675
MEX,1972,53543436
MEX,1973,55228203
MEX,1974,56945880
MEX,1975,58691882
MEX,1976,60452543
MEX,1977,62262505
MEX,1978,64123997
MEX,1979,65972912
MEX,1980,67705186
MEX,1981,69233769
MEX,1982,70656783
MEX,1983,72080310
MEX,1984,73489654
MEX,1985,74872006
MEX,1986,76224365
MEX,1987,77553504
MEX,1988,78892015
MEX,1989,80233749
MEX,1990,81720428
MEX,1991,83351595
MEX,1992,84993164
MEX,1993,86648447
MEX,1994,88314424
MEX,1995,89969572
MEX,1996,91586555
MEX,1997,93183094
MEX,1998,94767284
MEX,1999,96334810
MEX,2000,97873442
MEX,2001,99394288
MEX,2002,100917081
MEX,2003,102429341
MEX,2004,103945813
MEX,2005,105442402
MEX,2006,106886790
MEX,2007,108302973
MEX,2008,109684489
MEX,2009,111049428
MEX,2010,112532401
MEX,2011,114150481
MEX,2012,115755909
MEX,2013,117290686
MEX,2014,118755887
MEX,2015,120149897
MEX,2016,121519221
MEX,2017,122839258
MEX,2018,124013861
MEX,2019,125085311
MEX,2020,125998302
MEX,2021,126705138
MEX,2022,127504125
MEX,2023,128455567
MHL,1960,15374
MHL,1961,15867
MHL,1962,16387
MHL,1963,16947
MHL,1964,17537
MHL,1965,18154
MHL,1966,18794
MHL,1967,19665
MHL,1968,21001
MHL,1969,22623
MHL,1970,23969
MHL,1971,24680
MHL,1972,25084
MHL,1973,25522
MHL,1974,26174
MHL,1975,27047
MHL,1976,27964
MHL,1977,28912
MHL,1978,29892
MHL,1979,30902
MHL,1980,31988
MHL,1981,33219
MHL,1982,34569
MHL,1983,35975
MHL,1984,37437
MHL,1985,38962
MHL,1986,40527
MHL,1987,42122
MHL,1988,43687
MHL,1989,44988
MHL,1990,46047
MHL,1991,47053
MHL,1992,48015
MHL,1993,48944
MHL,1994,49840
MHL,1995,50702
MHL,1996,51538
MHL,1997,52358
MHL,1998,53164
MHL,1999,53834
MHL,2000,54224
MHL,2001,54413
MHL,2002,54496
MHL,2003,54493
MHL,2004,54435
MHL,2005,54337
MHL,2006,54208
MHL,2007,54038
MHL,2008,53816
MHL,2009,53593
MHL,2010,53416
MHL,2011,52971
MHL,2012,52203
MHL,2013,51352
MHL,2014,50419
MHL,2015,49410
MHL,2016,48329
MHL,2017,47187
MHL,2018,45989
MHL,2019,44728
MHL,2020,43413
MHL,2021,42050
MHL,2022,41569
MHL,2023,41996
MKD,1960,1462368
MKD,1961,1481112
MKD,1962,1497338
MKD,1963,1511854
MKD,1964,1529507
MKD,1965,1547982
MKD,1966,1567707
MKD,1967,1588649
MKD,1968,1610537
MKD,1969,1633502
MKD,1970,1656783
MKD,1971,1679012
MKD,1972,1701498
MKD,1973,1725228
MKD,1974,1749329
MKD,1975,1774013
MKD,1976,1799332
MKD,1977,1825299
MKD,1978,1851978
MKD,1979,1879354
MKD,1980,1907023
MKD,1981,1935200
MKD,1982,1958275
MKD,1983,1974441
MKD,1984,1988682
MKD,1985,2001504
MKD,1986,2012926
MKD,1987,2023097
MKD,1988,2031932
MKD,1989,2039426
MKD,1990,2044174
MKD,1991,2036686
MKD,1992,2018023
MKD,1993,1996893
MKD,1994,1982458
MKD,1995,1983964
MKD,1996,1994226
MKD,1997,1996869
MKD,1998,2007523
MKD,1999,2017142
MKD,2000,2026350
MKD,2001,2034882
MKD,2002,2020157
MKD,2003,2022725
MKD,2004,2016186
MKD,2005,2005330
MKD,2006,1994287
MKD,2007,1982933
MKD,2008,1971493
MKD,2009,1958782
MKD,2010,1946298
MKD,2011,1937398
MKD,2012,1929821
MKD,2013,1922716
MKD,2014,1917557
MKD,2015,1912430
MKD,2016,1906313
MKD,2017,1898657
MKD,2018,1889051
MKD,2019,1876262
MKD,2020,1856124
MKD,2021,1837114
MKD,2022,1831712
MKD,2023,1811980
MLI,1960,5346792
MLI,1961,5420247
MLI,1962,5494845
MLI,1963,5570462
MLI,1964,5647380
MLI,1965,5726382
MLI,1966,5806572
MLI,1967,5888497
MLI,1968,5973762
MLI,1969,6061764
MLI,1970,6153587
MLI,1971,6247878
MLI,1972,6347158
MLI,1973,6455257
MLI,1974,6569273
MLI,1975,6687293
MLI,1976,6807648
MLI,1977,6935336
MLI,1978,7072938
MLI,1979,7218079
MLI,1980,7372581
MLI,1981,7532864
MLI,1982,7696349
MLI,1983,7863944
MLI,1984,8030099
MLI,1985,8187651
MLI,1986,8334588
MLI,1987,8474329
MLI,1988,8617474
MLI,1989,8774122
MLI,1990,8945026
MLI,1991,9123969
MLI,1992,9310572
MLI,1993,9506510
MLI,1994,9711797
MLI,1995,9921094
MLI,1996,10131906
MLI,1997,10359301
MLI,1998,10620475
MLI,1999,10916993
MLI,2000,11239101
MLI,2001,11583824
MLI,2002,11952660
MLI,2003,12342165
MLI,2004,12751995
MLI,2005,13180551
MLI,2006,13623541
MLI,2007,14080912
MLI,2008,14551117
MLI,2009,15032635
MLI,2010,15529181
MLI,2011,16039734
MLI,2012,16514687
MLI,2013,17004033
MLI,2014,17551814
MLI,2015,18112907
MLI,2016,18700106
MLI,2017,19311355
MLI,2018,19934298
MLI,2019,20567424
MLI,2020,21224040
MLI,2021,21904983
MLI,2022,22593590
MLI,2023,23293698
MLT,1960,326550
MLT,1961,325250
MLT,1962,323900
MLT,1963,322550
MLT,1964,321250
MLT,1965,318800
MLT,1966,315200
MLT,1967,311550
MLT,1968,307900
MLT,1969,304300
MLT,1970,302650
MLT,1971,302700
MLT,1972,302450
MLT,1973,302200
MLT,1974,301996
MLT,1975,304222
MLT,1976,305774
MLT,1977,306970
MLT,1978,310182
MLT,1979,313342
MLT,1980,316645
MLT,1981,318982
MLT,1982,325898
MLT,1983,330524
MLT,1984,330593
MLT,1985,336452
MLT,1986,342121
MLT,1987,344485
MLT,1988,347325
MLT,1989,350722
MLT,1990,354170
MLT,1991,363845
MLT,1992,367618
MLT,1993,371308
MLT,1994,374797
MLT,1995,377419
MLT,1996,379905
MLT,1997,382791
MLT,1998,385287
MLT,1999,387578
MLT,2000,390087
MLT,2001,393028
MLT,2002,395969
MLT,2003,398582
MLT,2004,401268
MLT,2005,403834
MLT,2006,405308
MLT,2007,406724
MLT,2008,409379
MLT,2009,412477
MLT,2010,414508
MLT,2011,416268
MLT,2012,420028
MLT,2013,425967
MLT,2014,434558
MLT,2015,445053
MLT,2016,455356
MLT,2017,467999
MLT,2018,484630
MLT,2019,504062
MLT,2020,515332
MLT,2021,518536
MLT,2022,531113
MLT,2023,553214
MNE,1960,480579
MNE,1961,491140
MNE,1962,502558
MNE,1963,513409
MNE,1964,521753
MNE,1965,526327
MNE,1966,526419
MNE,1967,522796
MNE,1968,517481
MNE,1969,513340
MNE,1970,512407
MNE,1971,515449
MNE,1972,521785
MNE,1973,530220
MNE,1974,538902
MNE,1975,546487
MNE,1976,552562
MNE,1977,557576
MNE,1978,562065
MNE,1979,566888
MNE,1980,572608
MNE,1981,579445
MNE,1982,587001
MNE,1983,594506
MNE,1984,600884
MNE,1985,605398
MNE,1986,607711
MNE,1987,608144
MNE,1988,607413
MNE,1989,606571
MNE,1990,606372
MNE,1991,607105
MNE,1992,608516
MNE,1993,610170
MNE,1994,611389
MNE,1995,611712
MNE,1996,611003
MNE,1997,609520
MNE,1998,607662
MNE,1999,606001
MNE,2000,604950
MNE,2001,607389
MNE,2002,609828
MNE,2003,612267
MNE,2004,613353
MNE,2005,614261
MNE,2006,615025
MNE,2007,615875
MNE,2008,616969
MNE,2009,618294
MNE,2010,619428
MNE,2011,620079
MNE,2012,620601
MNE,2013,621207
MNE,2014,621810
MNE,2015,622159
MNE,2016,622303
MNE,2017,622373
MNE,2018,622227
MNE,2019,622028
MNE,2020,621306
MNE,2021,619211
MNE,2022,617213
MNE,2023,616177
MOZ,1960,6788375
MOZ,1961,6917521
MOZ,1962,7060376
MOZ,1963,7209807
MOZ,1964,7363639
MOZ,1965,7524154
MOZ,1966,7689643
MOZ,1967,7859471
MOZ,1968,8035529
MOZ,1969,8217930
MOZ,1970,8411676
MOZ,1971,8622890
MOZ,1972,8860585
MOZ,1973,9123668
MOZ,1974,9404221
MOZ,1975,9703732
MOZ,1976,10019210
MOZ,1977,10363575
MOZ,1978,10741128
MOZ,1979,11127844
MOZ,1980,11413587
MOZ,1981,11640015
MOZ,1982,11901827
MOZ,1983,12163328
MOZ,1984,12426223
MOZ,1985,12680065
MOZ,1986,12909797
MOZ,1987,12964793
MOZ,1988,12956772
MOZ,1989,13087604
MOZ,1990,13303459
MOZ,1991,13561175
MOZ,1992,13816881
MOZ,1993,14206254
MOZ,1994,14912873
MOZ,1995,15594830
MOZ,1996,16079553
MOZ,1997,16521724
MOZ,1998,16923195
MOZ,1999,17337893
MOZ,2000,17768505
MOZ,2001,18220716
MOZ,2002,18694946
MOZ,2003,19186754
MOZ,2004,19694411
MOZ,2005,20211114
MOZ,2006,20735982
MOZ,2007,21280513
MOZ,2008,21845571
MOZ,2009,22436660
MOZ,2010,23073723
MOZ,2011,23760421
MOZ,2012,24487611
MOZ,2013,25251731
MOZ,2014,26038704
MOZ,2015,26843246
MOZ,2016,27696493
MOZ,2017,28569441
MOZ,2018,29423878
MOZ,2019,30285595
MOZ,2020,31178239
MOZ,2021,32077072
MOZ,2022,32969518
MOZ,2023,33897354
MYA,1960,21720697
MYA,1961,22203109
MYA,1962,22699703
MYA,1963,23210687
MYA,1964,23737818
MYA,1965,24286878
MYA,1966,24854704
MYA,1967,25440029
MYA,1968,26044111
MYA,1969,26659479
MYA,1970,27284112
MYA,1971,27914953
MYA,1972,28551949
MYA,1973,29165356
MYA,1974,29751936
MYA,1975,30344276
MYA,1976,30941375
MYA,1977,31554598
MYA,1978,32185601
MYA,1979,32821779
MYA,1980,33465781
MYA,1981,34110098
MYA,1982,34742586
MYA,1983,35424262
MYA,1984,36159838
MYA,1985,36881020
MYA,1986,37572340
MYA,1987,38233171
MYA,1988,38868270
MYA,1989,39489419
MYA,1990,40099553
MYA,1991,40680533
MYA,1992,41237813
MYA,1993,41788302
MYA,1994,42337109
MYA,1995,42880186
MYA,1996,43423369
MYA,1997,43972046
MYA,1998,44516185
MYA,1999,45041636
MYA,2000,45538332
MYA,2001,46014826
MYA,2002,46480230
MYA,2003,46924293
MYA,2004,47338446
MYA,2005,47724471
MYA,2006,48088274
MYA,2007,48445647
MYA,2008,48729486
MYA,2009,49015836
MYA,2010,49390988
MYA,2011,49794522
MYA,2012,50218185
MYA,2013,50648334
MYA,2014,51072436
MYA,2015,51483949
MYA,2016,51892349
MYA,2017,52288341
MYA,2018,52666014
MYA,2019,53040212
MYA,2020,53423198
MYA,2021,53798084
MYA,2022,54179306
MYA,2023,54577997
NAM,1960,590181
NAM,1961,601424
NAM,1962,613808
NAM,1963,627358
NAM,1964,642054
NAM,1965,657887
NAM,1966,674818
NAM,1967,693063
NAM,1968,712427
NAM,1969,732881
NAM,1970,754467
NAM,1971,776995
NAM,1972,800610
NAM,1973,824918
NAM,1974,850091
NAM,1975,876572
NAM,1976,901840
NAM,1977,926109
NAM,1978,942023
NAM,1979,957334
NAM,1980,975994
NAM,1981,987394
NAM,1982,1005520
NAM,1983,1033085
NAM,1984,1061995
NAM,1985,1093311
NAM,1986,1127989
NAM,1987,1165430
NAM,1988,1207949
NAM,1989,1288070
NAM,1990,1369011
NAM,1991,1415617
NAM,1992,1461687
NAM,1993,1509834
NAM,1994,1558449
NAM,1995,1605370
NAM,1996,1650066
NAM,1997,1693242
NAM,1998,1735953
NAM,1999,1778277
NAM,2000,1819141
NAM,2001,1856402
NAM,2002,1888525
NAM,2003,1915425
NAM,2004,1939406
NAM,2005,1962865
NAM,2006,1986558
NAM,2007,2011492
NAM,2008,2038552
NAM,2009,2067919
NAM,2010,2099271
NAM,2011,2132340
NAM,2012,2167470
NAM,2013,2204510
NAM,2014,2243001
NAM,2015,2282704
NAM,2016,2323352
NAM,2017,2364534
NAM,2018,2405680
NAM,2019,2446644
NAM,2020,2489098
NAM,2021,2530151
NAM,2022,2567012
NAM,2023,2604172
NED,1960,11486631
NED,1961,11638712
NED,1962,11805689
NED,1963,11965966
NED,1964,12127120
NED,1965,12294732
NED,1966,12456251
NED,1967,12598201
NED,1968,12729721
NED,1969,12877984
NED,1970,13038526
NED,1971,13194497
NED,1972,13328593
NED,1973,13439322
NED,1974,13545056
NED,1975,13666335
NED,1976,13774037
NED,1977,13856185
NED,1978,13941700
NED,1979,14038270
NED,1980,14149800
NED,1981,14247208
NED,1982,14312690
NED,1983,14367070
NED,1984,14424211
NED,1985,14491632
NED,1986,14572278
NED,1987,14665037
NED,1988,14760094
NED,1989,14848907
NED,1990,14951510
NED,1991,15069798
NED,1992,15184166
NED,1993,15290368
NED,1994,15382838
NED,1995,15459006
NED,1996,15530498
NED,1997,15610650
NED,1998,15707209
NED,1999,15812088
NED,2000,15925513
NED,2001,16046180
NED,2002,16148929
NED,2003,16225302
NED,2004,16281779
NED,2005,16319868
NED,2006,16346101
NED,2007,16381696
NED,2008,16445593
NED,2009,16530388
NED,2010,16615394
NED,2011,16693074
NED,2012,16754962
NED,2013,16804432
NED,2014,16865008
NED,2015,16939923
NED,2016,17030314
NED,2017,17131296
NED,2018,17231624
NED,2019,17344874
NED,2020,17441500
NED,2021,17533044
NED,2022,17700982
NED,2023,17879488
NIG,1960,3497431
NIG,1961,3602530
NIG,1962,3711068
NIG,1963,3822697
NIG,1964,3937008
NIG,1965,4053524
NIG,1966,4172501
NIG,1967,4294283
NIG,1968,4417954
NIG,1969,4542993
NIG,1970,4669708
NIG,1971,4797068
NIG,1972,4926318
NIG,1973,5059382
NIG,1974,5196579
NIG,1975,5339497
NIG,1976,5488658
NIG,1977,5644703
NIG,1978,5810351
NIG,1979,5987151
NIG,1980,6173177
NIG,1981,6366262
NIG,1982,6564445
NIG,1983,6766606
NIG,1984,6973849
NIG,1985,7187618
NIG,1986,7408364
NIG,1987,7636591
NIG,1988,7872252
NIG,1989,8116075
NIG,1990,8370648
NIG,1991,8634640
NIG,1992,8907644
NIG,1993,9193078
NIG,1994,9493324
NIG,1995,9813918
NIG,1996,10149937
NIG,1997,10494201
NIG,1998,10854920
NIG,1999,11231469
NIG,2000,11622665
NIG,2001,12031430
NIG,2002,12456517
NIG,2003,12900790
NIG,2004,13366885
NIG,2005,13855221
NIG,2006,14365168
NIG,2007,14897873
NIG,2008,15455175
NIG,2009,16037915
NIG,2010,16647543
NIG,2011,17283112
NIG,2012,17954407
NIG,2013,18653199
NIG,2014,19372014
NIG,2015,20128124
NIG,2016,20921743
NIG,2017,21737922
NIG,2018,22577058
NIG,2019,23443393
NIG,2020,24333639
NIG,2021,25252722
NIG,2022,26207977
NIG,2023,27202843
NOR,1960,3581239
NOR,1961,3609800
NOR,1962,3638918
NOR,1963,3666537
NOR,1964,3694339
NOR,1965,3723168
NOR,1966,3753012
NOR,1967,3784539
NOR,1968,3816486
NOR,1969,3847707
NOR,1970,3875763
NOR,1971,3903039
NOR,1972,3933004
NOR,1973,3960612
NOR,1974,3985258
NOR,1975,4007313
NOR,1976,4026152
NOR,1977,4043205
NOR,1978,4058671
NOR,1979,4072517
NOR,1980,4085620
NOR,1981,4099702
NOR,1982,4114787
NOR,1983,4128432
NOR,1984,4140099
NOR,1985,4152516
NOR,1986,4167354
NOR,1987,4186905
NOR,1988,4209488
NOR,1989,4226901
NOR,1990,4241473
NOR,1991,4261732
NOR,1992,4286401
NOR,1993,4311991
NOR,1994,4336613
NOR,1995,4359184
NOR,1996,4381336
NOR,1997,4405157
NOR,1998,4431464
NOR,1999,4461913
NOR,2000,4490967
NOR,2001,4513751
NOR,2002,4538159
NOR,2003,4564855
NOR,2004,4591910
NOR,2005,4623291
NOR,2006,4660677
NOR,2007,4709153
NOR,2008,4768212
NOR,2009,4828726
NOR,2010,4889252
NOR,2011,4953088
NOR,2012,5018573
NOR,2013,5079623
NOR,2014,5137232
NOR,2015,5188607
NOR,2016,5234519
NOR,2017,5276968
NOR,2018,5311916
NOR,2019,5347896
NOR,2020,5379475
NOR,2021,5408320
NOR,2022,5457127
NOR,2023,5519594
NRU,1960,4582
NRU,1961,4753
NRU,1962,4950
NRU,1963,5198
NRU,1964,5484
NRU,1965,5804
NRU,1966,6021
NRU,1967,6114
NRU,1968,6288
NRU,1969,6508
NRU,1970,6663
NRU,1971,6778
NRU,1972,6883
NRU,1973,6990
NRU,1974,7096
NRU,1975,7199
NRU,1976,7306
NRU,1977,7441
NRU,1978,7541
NRU,1979,7586
NRU,1980,7635
NRU,1981,7691
NRU,1982,7672
NRU,1983,7832
NRU,1984,8125
NRU,1985,8313
NRU,1986,8527
NRU,1987,8759
NRU,1988,9022
NRU,1989,9306
NRU,1990,9598
NRU,1991,9902
NRU,1992,10129
NRU,1993,10226
NRU,1994,10274
NRU,1995,10316
NRU,1996,10345
NRU,1997,10363
NRU,1998,10377
NRU,1999,10383
NRU,2000,10377
NRU,2001,10363
NRU,2002,10351
NRU,2003,10344
NRU,2004,10335
NRU,2005,10318
NRU,2006,10294
NRU,2007,10267
NRU,2008,10243
NRU,2009,10233
NRU,2010,10241
NRU,2011,10283
NRU,2012,10444
NRU,2013,10694
NRU,2014,10940
NRU,2015,11185
NRU,2016,11437
NRU,2017,11682
NRU,2018,11924
NRU,2019,12132
NRU,2020,12315
NRU,2021,12511
NRU,2022,12668
NRU,2023,12780
NZL,1960,2371800
NZL,1961,2419700
NZL,1962,2482000
NZL,1963,2531800
NZL,1964,2585400
NZL,1965,2628400
NZL,1966,2675900
NZL,1967,2724100
NZL,1968,2748100
NZL,1969,2772800
NZL,1970,2810700
NZL,1971,2853000
NZL,1972,2903900
NZL,1973,2961300
NZL,1974,3023700
NZL,1975,3083100
NZL,1976,3110500
NZL,1977,3120200
NZL,1978,3121200
NZL,1979,3109000
NZL,1980,3112900
NZL,1981,3124900
NZL,1982,3156100
NZL,1983,3199300
NZL,1984,3227100
NZL,1985,3247100
NZL,1986,3246300
NZL,1987,3274400
NZL,1988,3283400
NZL,1989,3299200
NZL,1990,3329800
NZL,1991,3495100
NZL,1992,3531700
NZL,1993,3572200
NZL,1994,3620000
NZL,1995,3673400
NZL,1996,3732000
NZL,1997,3781300
NZL,1998,3815000
NZL,1999,3835100
NZL,2000,3857700
NZL,2001,3880500
NZL,2002,3948500
NZL,2003,4027200
NZL,2004,4087500
NZL,2005,4133900
NZL,2006,4184600
NZL,2007,4223800
NZL,2008,4259800
NZL,2009,4302600
NZL,2010,4350700
NZL,2011,4384000
NZL,2012,4408100
NZL,2013,4442100
NZL,2014,4516500
NZL,2015,4609400
NZL,2016,4714100
NZL,2017,4813600
NZL,2018,4900600
NZL,2019,4979200
NZL,2020,5090200
NZL,2021,5111300
NZL,2022,5117200
NZL,2023,5223100
PAK,1960,45954226
PAK,1961,47060915
PAK,1962,48161841
PAK,1963,49325050
PAK,1964,50552592
PAK,1965,51841626
PAK,1966,53199414
PAK,1967,54629793
PAK,1968,56124743
PAK,1969,57676805
PAK,1970,59290872
PAK,1971,60878781
PAK,1972,62509565
PAK,1973,64285624
PAK,1974,66149169
PAK,1975,68126999
PAK,1976,70230923
PAK,1977,72451105
PAK,1978,74789330
PAK,1979,77407341
PAK,1980,80624057
PAK,1981,84270202
PAK,1982,87828198
PAK,1983,91080372
PAK,1984,94003867
PAK,1985,97121552
PAK,1986,100618523
PAK,1987,104251093
PAK,1988,107967838
PAK,1989,111670386
PAK,1990,115414069
PAK,1991,119203569
PAK,1992,122375179
PAK,1993,125546615
PAK,1994,129245139
PAK,1995,133117476
PAK,1996,137234810
PAK,1997,141330267
PAK,1998,145476106
PAK,1999,149694462
PAK,2000,154369924
PAK,2001,159217727
PAK,2002,163262807
PAK,2003,166876680
PAK,2004,170648620
PAK,2005,174372098
PAK,2006,178069984
PAK,2007,181924521
PAK,2008,185931955
PAK,2009,190123222
PAK,2010,194454498
PAK,2011,198602738
PAK,2012,202205861
PAK,2013,205337562
PAK,2014,208251628
PAK,2015,210969298
PAK,2016,213524840
PAK,2017,216379655
PAK,2018,219731479
PAK,2019,223293280
PAK,2020,227196741
PAK,2021,231402117
PAK,2022,235824862
PAK,2023,240485658
PAN,1960,1126989
PAN,1961,1160832
PAN,1962,1196289
PAN,1963,1233267
PAN,1964,1271461
PAN,1965,1310556
PAN,1966,1350462
PAN,1967,1391072
PAN,1968,1432255
PAN,1969,1473965
PAN,1970,1516188
PAN,1971,1559072
PAN,1972,1602646
PAN,1973,1646580
PAN,1974,1690676
PAN,1975,1734876
PAN,1976,1779037
PAN,1977,1823146
PAN,1978,1867313
PAN,1979,1911814
PAN,1980,1956987
PAN,1981,2003092
PAN,1982,2050247
PAN,1983,2098499
PAN,1984,2147577
PAN,1985,2197065
PAN,1986,2246960
PAN,1987,2297231
PAN,1988,2347821
PAN,1989,2398535
PAN,1990,2449968
PAN,1991,2502044
PAN,1992,2554382
PAN,1993,2607499
PAN,1994,2661385
PAN,1995,2716067
PAN,1996,2771606
PAN,1997,2827992
PAN,1998,2885177
PAN,1999,2943120
PAN,2000,3001731
PAN,2001,3061024
PAN,2002,3120990
PAN,2003,3181608
PAN,2004,3243311
PAN,2005,3305868
PAN,2006,3368573
PAN,2007,3431614
PAN,2008,3495276
PAN,2009,3559343
PAN,2010,3623617
PAN,2011,3688674
PAN,2012,3754862
PAN,2013,3821556
PAN,2014,3888793
PAN,2015,3957099
PAN,2016,4026336
PAN,2017,4096063
PAN,2018,4165255
PAN,2019,4232532
PAN,2020,4294396
PAN,2021,4351267
PAN,2022,4408581
PAN,2023,4468087
PER,1960,10172207
PER,1961,10478096
PER,1962,10792094
PER,1963,11112665
PER,1964,11442301
PER,1965,11781581
PER,1966,12127990
PER,1967,12481626
PER,1968,12843249
PER,1969,13213739
PER,1970,13562371
PER,1971,13911968
PER,1972,14292437
PER,1973,14674785
PER,1974,15057175
PER,1975,15441497
PER,1976,15826813
PER,1977,16224613
PER,1978,16638480
PER,1979,17059185
PER,1980,17492406
PER,1981,17932344
PER,1982,18374372
PER,1983,18826906
PER,1984,19285646
PER,1985,19746610
PER,1986,20208437
PER,1987,20671360
PER,1988,21143799
PER,1989,21624311
PER,1990,22109099
PER,1991,22583006
PER,1992,23047248
PER,1993,23513882
PER,1994,23983258
PER,1995,24449055
PER,1996,24907304
PER,1997,25365386
PER,1998,25818226
PER,1999,26252239
PER,2000,26654439
PER,2001,27014909
PER,2002,27334503
PER,2003,27623341
PER,2004,27893911
PER,2005,28147267
PER,2006,28381078
PER,2007,28600387
PER,2008,28806185
PER,2009,29009326
PER,2010,29229572
PER,2011,29477721
PER,2012,29749589
PER,2013,30038809
PER,2014,30353951
PER,2015,30711863
PER,2016,31132779
PER,2017,31605486
PER,2018,32203944
PER,2019,32824861
PER,2020,33304756
PER,2021,33715471
PER,2022,34049588
PER,2023,34352719
PHI,1960,28486871
PHI,1961,29342411
PHI,1962,30185979
PHI,1963,31043711
PHI,1964,31916622
PHI,1965,32805538
PHI,1966,33704749
PHI,1967,34616857
PHI,1968,35544973
PHI,1969,36477170
PHI,1970,37435586
PHI,1971,38421746
PHI,1972,39412479
PHI,1973,40406234
PHI,1974,41388324
PHI,1975,42394433
PHI,1976,43474370
PHI,1977,44646518
PHI,1978,45890739
PHI,1979,47154232
PHI,1980,48419546
PHI,1981,49679330
PHI,1982,50938522
PHI,1983,52219685
PHI,1984,53514959
PHI,1985,54812660
PHI,1986,56109838
PHI,1987,57415175
PHI,1988,58755923
PHI,1989,60127343
PHI,1990,61558898
PHI,1991,63039751
PHI,1992,64543525
PHI,1993,66083321
PHI,1994,67650283
PHI,1995,69250468
PHI,1996,70944969
PHI,1997,72718837
PHI,1998,74491918
PHI,1999,76249064
PHI,2000,77958223
PHI,2001,79626086
PHI,2002,81285572
PHI,2003,82942837
PHI,2004,84607501
PHI,2005,86261250
PHI,2006,87901835
PHI,2007,89561377
PHI,2008,91252326
PHI,2009,92946951
PHI,2010,94636700
PHI,2011,96337913
PHI,2012,98032317
PHI,2013,99700107
PHI,2014,101325201
PHI,2015,103031365
PHI,2016,104875266
PHI,2017,106738501
PHI,2018,108568836
PHI,2019,110380804
PHI,2020,112190977
PHI,2021,113880328
PHI,2022,115559009
PHI,2023,117337368
PLW,1960,9446
PLW,1961,9639
PLW,1962,9851
PLW,1963,10076
PLW,1964,10318
PLW,1965,10563
PLW,1966,10813
PLW,1967,10992
PLW,1968,11079
PLW,1969,11159
PLW,1970,11366
PLW,1971,11740
PLW,1972,12172
PLW,1973,12541
PLW,1974,12662
PLW,1975,12607
PLW,1976,12539
PLW,1977,12463
PLW,1978,12387
PLW,1979,12300
PLW,1980,12252
PLW,1981,12386
PLW,1982,12666
PLW,1983,12973
PLW,1984,13299
PLW,1985,13644
PLW,1986,13985
PLW,1987,14309
PLW,1988,14632
PLW,1989,14957
PLW,1990,15293
PLW,1991,15640
PLW,1992,16004
PLW,1993,16380
PLW,1994,16770
PLW,1995,17209
PLW,1996,17732
PLW,1997,18297
PLW,1998,18852
PLW,1999,19380
PLW,2000,19726
PLW,2001,19828
PLW,2002,19851
PLW,2003,19880
PLW,2004,19907
PLW,2005,19831
PLW,2006,19619
PLW,2007,19366
PLW,2008,19102
PLW,2009,18826
PLW,2010,18540
PLW,2011,18240
PLW,2012,17946
PLW,2013,17805
PLW,2014,17796
PLW,2015,17794
PLW,2016,17816
PLW,2017,17837
PLW,2018,17864
PLW,2019,17916
PLW,2020,17972
PLW,2021,18024
PLW,2022,18055
PLW,2023,18058
PNG,1960,1985666
PNG,1961,2035672
PNG,1962,2082562
PNG,1963,2129222
PNG,1964,2175409
PNG,1965,2222178
PNG,1966,2271490
PNG,1967,2322647
PNG,1968,2375356
PNG,1969,2430922
PNG,1970,2489059
PNG,1971,2549315
PNG,1972,2610700
PNG,1973,2672144
PNG,1974,2733313
PNG,1975,2794462
PNG,1976,2855837
PNG,1977,2917572
PNG,1978,2979606
PNG,1979,3041902
PNG,1980,3104788
PNG,1981,3169073
PNG,1982,3235264
PNG,1983,3303677
PNG,1984,3374465
PNG,1985,3447579
PNG,1986,3522916
PNG,1987,3600343
PNG,1988,3679651
PNG,1989,3764112
PNG,1990,3864972
PNG,1991,3990995
PNG,1992,4136644
PNG,1993,4291588
PNG,1994,4451694
PNG,1995,4616439
PNG,1996,4785895
PNG,1997,4960439
PNG,1998,5138829
PNG,1999,5321388
PNG,2000,5508297
PNG,2001,5698489
PNG,2002,5892596
PNG,2003,6090980
PNG,2004,6293166
PNG,2005,6498818
PNG,2006,6708217
PNG,2007,6921066
PNG,2008,7137988
PNG,2009,7358890
PNG,2010,7583269
PNG,2011,7806637
PNG,2012,8026545
PNG,2013,8245627
PNG,2014,8464153
PNG,2015,8682174
PNG,2016,8899169
PNG,2017,9114796
PNG,2018,9329227
PNG,2019,9542486
PNG,2020,9749640
PNG,2021,9949437
PNG,2022,10142619
PNG,2023,10329931
POL,1960,29637450
POL,1961,29964000
POL,1962,30308500
POL,1963,30712000
POL,1964,31139450
POL,1965,31444950
POL,1966,31681000
POL,1967,31987155
POL,1968,32294655
POL,1969,32548300
POL,1970,32664300
POL,1971,32783500
POL,1972,33055650
POL,1973,33357200
POL,1974,33678899
POL,1975,34015199
POL,1976,34356300
POL,1977,34689050
POL,1978,34965600
POL,1979,35247217
POL,1980,35574150
POL,1981,35898587
POL,1982,36230481
POL,1983,36571808
POL,1984,36904134
POL,1985,37201885
POL,1986,37456119
POL,1987,37668045
POL,1988,37824487
POL,1989,37961529
POL,1990,38110782
POL,1991,38246193
POL,1992,38363667
POL,1993,38461408
POL,1994,38542652
POL,1995,38594998
POL,1996,38624370
POL,1997,38649660
POL,1998,38663481
POL,1999,38660271
POL,2000,38258629
POL,2001,38248076
POL,2002,38230364
POL,2003,38204570
POL,2004,38182222
POL,2005,38165445
POL,2006,38141267
POL,2007,38120560
POL,2008,38125759
POL,2009,38151603
POL,2010,38042794
POL,2011,38063255
POL,2012,38063164
POL,2013,38040196
POL,2014,38011735
POL,2015,37986412
POL,2016,37970087
POL,2017,37974826
POL,2018,37974750
POL,2019,37965475
POL,2020,37899070
POL,2021,37747124
POL,2022,36821749
POL,2023,36685849
POR,1960,8857716
POR,1961,8929316
POR,1962,8993985
POR,1963,9030355
POR,1964,9035365
POR,1965,8998595
POR,1966,8930990
POR,1967,8874520
POR,1968,8836650
POR,1969,8757705
POR,1970,8680431
POR,1971,8643756
POR,1972,8630430
POR,1973,8633100
POR,1974,8754365
POR,1975,9093470
POR,1976,9355810
POR,1977,9455675
POR,1978,9558250
POR,1979,9661265
POR,1980,9766312
POR,1981,9851362
POR,1982,9911771
POR,1983,9957865
POR,1984,9996232
POR,1985,10023613
POR,1986,10032734
POR,1987,10030031
POR,1988,10019610
POR,1989,10005000
POR,1990,9983218
POR,1991,9960235
POR,1992,9952494
POR,1993,9964675
POR,1994,9991525
POR,1995,10026176
POR,1996,10063945
POR,1997,10108977
POR,1998,10160196
POR,1999,10217828
POR,2000,10289898
POR,2001,10362722
POR,2002,10419631
POR,2003,10458821
POR,2004,10483861
POR,2005,10503330
POR,2006,10522288
POR,2007,10542964
POR,2008,10558177
POR,2009,10568247
POR,2010,10573100
POR,2011,10557560
POR,2012,10514844
POR,2013,10457295
POR,2014,10401062
POR,2015,10358076
POR,2016,10325452
POR,2017,10300300
POR,2018,10283822
POR,2019,10286263
POR,2020,10297081
POR,2021,10361831
POR,2022,10409704
POR,2023,10525347
PRK,1960,11655666
PRK,1961,11916515
PRK,1962,12180505
PRK,1963,12475236
PRK,1964,12787523
PRK,1965,13105946
PRK,1966,13444048
PRK,1967,13821409
PRK,1968,14216305
PRK,1969,14605481
PRK,1970,14996879
PRK,1971,15381626
PRK,1972,15768363
PRK,1973,16128122
PRK,1974,16437002
PRK,1975,16723252
PRK,1976,16987170
PRK,1977,17231389
PRK,1978,17472094
PRK,1979,17719172
PRK,1980,17973650
PRK,1981,18235202
PRK,1982,18502087
PRK,1983,18771363
PRK,1984,19045154
PRK,1985,19325487
PRK,1986,19613038
PRK,1987,19903893
PRK,1988,20197464
PRK,1989,20494965
PRK,1990,20799523
PRK,1991,21115534
PRK,1992,21439991
PRK,1993,21773017
PRK,1994,22105225
PRK,1995,22385536
PRK,1996,22614347
PRK,1997,22827373
PRK,1998,23023636
PRK,1999,23204498
PRK,2000,23367059
PRK,2001,23512522
PRK,2002,23638411
PRK,2003,23781707
PRK,2004,23948930
PRK,2005,24100982
PRK,2006,24235761
PRK,2007,24356506
PRK,2008,24469047
PRK,2009,24581509
PRK,2010,24686435
PRK,2011,24783789
PRK,2012,24887770
PRK,2013,25001819
PRK,2014,25126131
PRK,2015,25258015
PRK,2016,25389611
PRK,2017,25516321
PRK,2018,25638149
PRK,2019,25755441
PRK,2020,25867467
PRK,2021,25971909
PRK,2022,26069416
PRK,2023,26160821
QAT,1960,36385
QAT,1961,40111
QAT,1962,45123
QAT,1963,50950
QAT,1964,57531
QAT,1965,64843
QAT,1966,73102
QAT,1967,82517
QAT,1968,93022
QAT,1969,104517
QAT,1970,118007
QAT,1971,133096
QAT,1972,148338
QAT,1973,163734
QAT,1974,179299
QAT,1975,195043
QAT,1976,210990
QAT,1977,227177
QAT,1978,243624
QAT,1979,260368
QAT,1980,277450
QAT,1981,294887
QAT,1982,312608
QAT,1983,330454
QAT,1984,348241
QAT,1985,365868
QAT,1986,382328
QAT,1987,397391
QAT,1988,412142
QAT,1989,426896
QAT,1990,441675
QAT,1991,456486
QAT,1992,471293
QAT,1993,486041
QAT,1994,500683
QAT,1995,515133
QAT,1996,529265
QAT,1997,550591
QAT,1998,580997
QAT,1999,613302
QAT,2000,645937
QAT,2001,678831
QAT,2002,713186
QAT,2003,748525
QAT,2004,777943
QAT,2005,848710
QAT,2006,1015060
QAT,2007,1231893
QAT,2008,1444277
QAT,2009,1610274
QAT,2010,1713504
QAT,2011,1804171
QAT,2012,1905660
QAT,2013,2035501
QAT,2014,2214465
QAT,2015,2414573
QAT,2016,2595166
QAT,2017,2711755
QAT,2018,2766732
QAT,2019,2807235
QAT,2020,2760385
QAT,2021,2688235
QAT,2022,2695122
QAT,2023,2716391
ROU,1960,18406905
ROU,1961,18555250
ROU,1962,18676550
ROU,1963,18797850
ROU,1964,18919126
ROU,1965,19031576
ROU,1966,19215450
ROU,1967,19534242
ROU,1968,19799831
ROU,1969,20009141
ROU,1970,20250398
ROU,1971,20461567
ROU,1972,20657957
ROU,1973,20835681
ROU,1974,21029429
ROU,1975,21293583
ROU,1976,21551634
ROU,1977,21756096
ROU,1978,21951464
ROU,1979,22090488
ROU,1980,22207282
ROU,1981,22353070
ROU,1982,22475741
ROU,1983,22560478
ROU,1984,22640547
ROU,1985,22732999
ROU,1986,22836841
ROU,1987,22949430
ROU,1988,23057662
ROU,1989,23161458
ROU,1990,23201835
ROU,1991,23001155
ROU,1992,22794284
ROU,1993,22763280
ROU,1994,22730211
ROU,1995,22684270
ROU,1996,22619004
ROU,1997,22553978
ROU,1998,22507344
ROU,1999,22472040
ROU,2000,22442971
ROU,2001,22131970
ROU,2002,21730496
ROU,2003,21574326
ROU,2004,21451748
ROU,2005,21319685
ROU,2006,21193760
ROU,2007,20882982
ROU,2008,20537875
ROU,2009,20367487
ROU,2010,20246871
ROU,2011,20147528
ROU,2012,20058035
ROU,2013,19983693
ROU,2014,19908979
ROU,2015,19815616
ROU,2016,19702267
ROU,2017,19588715
ROU,2018,19473970
ROU,2019,19371648
ROU,2020,19265250
ROU,2021,19122059
ROU,2022,19047009
ROU,2023,19056116
RSA,1960,16520441
RSA,1961,16989464
RSA,1962,17503133
RSA,1963,18042215
RSA,1964,18603097
RSA,1965,19187194
RSA,1966,19789771
RSA,1967,20410677
RSA,1968,21050540
RSA,1969,21704214
RSA,1970,22368306
RSA,1971,23031441
RSA,1972,23698507
RSA,1973,24382513
RSA,1974,25077016
RSA,1975,25777964
RSA,1976,26480300
RSA,1977,27199838
RSA,1978,27943445
RSA,1979,28697014
RSA,1980,29463549
RSA,1981,30232561
RSA,1982,31022417
RSA,1983,31865176
RSA,1984,32768207
RSA,1985,33752964
RSA,1986,34877834
RSA,1987,36119333
RSA,1988,37393853
RSA,1989,38668684
RSA,1990,39877570
RSA,1991,40910959
RSA,1992,41760755
RSA,1993,42525440
RSA,1994,43267982
RSA,1995,43986084
RSA,1996,44661603
RSA,1997,45285048
RSA,1998,45852166
RSA,1999,46364681
RSA,2000,46813266
RSA,2001,47229714
RSA,2002,47661514
RSA,2003,48104048
RSA,2004,48556071
RSA,2005,49017147
RSA,2006,49491756
RSA,2007,49996094
RSA,2008,50565812
RSA,2009,51170779
RSA,2010,51784921
RSA,2011,52443325
RSA,2012,53145033
RSA,2013,53873616
RSA,2014,54729551
RSA,2015,55876504
RSA,2016,56422274
RSA,2017,56641209
RSA,2018,57339635
RSA,2019,58087055
RSA,2020,58801927
RSA,2021,59392255
RSA,2022,59893885
RSA,2023,60414495
RUS,1960,119897000
RUS,1961,121236000
RUS,1962,122591000
RUS,1963,123960000
RUS,1964,125345000
RUS,1965,126745000
RUS,1966,127468000
RUS,1967,128196000
RUS,1968,128928000
RUS,1969,129664000
RUS,1970,130404000
RUS,1971,131155000
RUS,1972,131909000
RUS,1973,132669000
RUS,1974,133432000
RUS,1975,134200000
RUS,1976,135147000
RUS,1977,136100000
RUS,1978,137060000
RUS,1979,138027000
RUS,1980,139010000
RUS,1981,139941000
RUS,1982,140823000
RUS,1983,141668000
RUS,1984,142745000
RUS,1985,143858000
RUS,1986,144894000
RUS,1987,145908000
RUS,1988,146857000
RUS,1989,147721000
RUS,1990,147969406
RUS,1991,148394216
RUS,1992,148538197
RUS,1993,148458777
RUS,1994,148407912
RUS,1995,148375787
RUS,1996,148160129
RUS,1997,147915361
RUS,1998,147670784
RUS,1999,147214776
RUS,2000,146596869
RUS,2001,145976482
RUS,2002,145306497
RUS,2003,144648618
RUS,2004,144067316
RUS,2005,143518814
RUS,2006,143049637
RUS,2007,142805114
RUS,2008,142742366
RUS,2009,142785348
RUS,2010,142849468
RUS,2011,143018195
RUS,2012,143378447
RUS,2013,143805638
RUS,2014,144237223
RUS,2015,144640716
RUS,2016,145015460
RUS,2017,145293260
RUS,2018,145398106
RUS,2019,145453291
RUS,2020,145245148
RUS,2021,144746762
RUS,2022,144236933
RUS,2023,143826130
RWA,1960,2966162
RWA,1961,3046654
RWA,1962,3122124
RWA,1963,3191311
RWA,1964,3263640
RWA,1965,3348631
RWA,1966,3444021
RWA,1967,3549461
RWA,1968,3662010
RWA,1969,3777879
RWA,1970,3896367
RWA,1971,4015403
RWA,1972,4135579
RWA,1973,4259484
RWA,1974,4386369
RWA,1975,4515756
RWA,1976,4648207
RWA,1977,4783252
RWA,1978,4921953
RWA,1979,5074374
RWA,1980,5247532
RWA,1981,5441966
RWA,1982,5652900
RWA,1983,5859396
RWA,1984,6056729
RWA,1985,6266752
RWA,1986,6497804
RWA,1987,6735829
RWA,1988,6953975
RWA,1989,7141974
RWA,1990,7319962
RWA,1991,7485681
RWA,1992,7657208
RWA,1993,7904740
RWA,1994,6732665
RWA,1995,5686897
RWA,1996,6715510
RWA,1997,7666732
RWA,1998,7914645
RWA,1999,8009587
RWA,2000,8109989
RWA,2001,8223941
RWA,2002,8372306
RWA,2003,8567992
RWA,2004,8791853
RWA,2005,9026299
RWA,2006,9270066
RWA,2007,9523168
RWA,2008,9781996
RWA,2009,10043737
RWA,2010,10309031
RWA,2011,10576932
RWA,2012,10840334
RWA,2013,11101350
RWA,2014,11368451
RWA,2015,11642959
RWA,2016,11930899
RWA,2017,12230339
RWA,2018,12531808
RWA,2019,12835028
RWA,2020,13146362
RWA,2021,13461888
RWA,2022,13776698
RWA,2023,14094683
SEN,1960,3273177
SEN,1961,3367082
SEN,1962,3463524
SEN,1963,3562469
SEN,1964,3664599
SEN,1965,3770874
SEN,1966,3881994
SEN,1967,3997869
SEN,1968,4117659
SEN,1969,4240859
SEN,1970,4367744
SEN,1971,4498616
SEN,1972,4633452
SEN,1973,4772039
SEN,1974,4911421
SEN,1975,5047922
SEN,1976,5181195
SEN,1977,5308297
SEN,1978,5433225
SEN,1979,5564474
SEN,1980,5703869
SEN,1981,5852029
SEN,1982,6008392
SEN,1983,6171874
SEN,1984,6341801
SEN,1985,6520705
SEN,1986,6710885
SEN,1987,6909837
SEN,1988,7113636
SEN,1989,7321832
SEN,1990,7536001
SEN,1991,7754289
SEN,1992,7974514
SEN,1993,8196551
SEN,1994,8416997
SEN,1995,8632681
SEN,1996,8843423
SEN,1997,9051539
SEN,1998,9261526
SEN,1999,9478564
SEN,2000,9704287
SEN,2001,9938027
SEN,2002,10180950
SEN,2003,10434504
SEN,2004,10698691
SEN,2005,10974057
SEN,2006,11263387
SEN,2007,11563869
SEN,2008,11872929
SEN,2009,12195029
SEN,2010,12530121
SEN,2011,12875880
SEN,2012,13231833
SEN,2013,13595566
SEN,2014,13970308
SEN,2015,14356181
SEN,2016,14751356
SEN,2017,15157793
SEN,2018,15574909
SEN,2019,16000781
SEN,2020,16436120
SEN,2021,16876720
SEN,2022,17316449
SEN,2023,17763163
SIN,1960,1646400
SIN,1961,1702400
SIN,1962,1750200
SIN,1963,1795000
SIN,1964,1841600
SIN,1965,1886900
SIN,1966,1934400
SIN,1967,1977600
SIN,1968,2012000
SIN,1969,2042500
SIN,1970,2074507
SIN,1971,2112900
SIN,1972,2152400
SIN,1973,2193000
SIN,1974,2229800
SIN,1975,2262600
SIN,1976,2293300
SIN,1977,2325300
SIN,1978,2353600
SIN,1979,2383500
SIN,1980,2413945
SIN,1981,2532835
SIN,1982,2646466
SIN,1983,2681061
SIN,1984,2732221
SIN,1985,2735957
SIN,1986,2733373
SIN,1987,2774789
SIN,1988,2846108
SIN,1989,2930901
SIN,1990,3047132
SIN,1991,3135083
SIN,1992,3230698
SIN,1993,3313471
SIN,1994,3419048
SIN,1995,3524506
SIN,1996,3670704
SIN,1997,3796038
SIN,1998,3927213
SIN,1999,3958723
SIN,2000,4027887
SIN,2001,4138012
SIN,2002,4175950
SIN,2003,4114826
SIN,2004,4166664
SIN,2005,4265762
SIN,2006,4401365
SIN,2007,4588599
SIN,2008,4839396
SIN,2009,4987573
SIN,2010,5076732
SIN,2011,5183688
SIN,2012,5312437
SIN,2013,5399162
SIN,2014,5469724
SIN,2015,5535002
SIN,2016,5607283
SIN,2017,5612253
SIN,2018,5638676
SIN,2019,5703569
SIN,2020,5685807
SIN,2021,5453566
SIN,2022,5637022
SIN,2023,5917648
SLE,1960,2301310
SLE,1961,2341065
SLE,1962,2382914
SLE,1963,2426750
SLE,1964,2472686
SLE,1965,2520576
SLE,1966,2569736
SLE,1967,2620396
SLE,1968,2672370
SLE,1969,2724901
SLE,1970,2778557
SLE,1971,2832392
SLE,1972,2886642
SLE,1973,2942333
SLE,1974,2998843
SLE,1975,3055916
SLE,1976,3112863
SLE,1977,3172195
SLE,1978,3235170
SLE,1979,3300032
SLE,1980,3367477
SLE,1981,3437108
SLE,1982,3509197
SLE,1983,3585773
SLE,1984,3666262
SLE,1985,3749419
SLE,1986,3842917
SLE,1987,3947865
SLE,1988,4056215
SLE,1989,4159163
SLE,1990,4325388
SLE,1991,4378169
SLE,1992,4301566
SLE,1993,4295689
SLE,1994,4314953
SLE,1995,4324149
SLE,1996,4347370
SLE,1997,4405028
SLE,1998,4449975
SLE,1999,4475145
SLE,2000,4584067
SLE,2001,4857096
SLE,2002,5140113
SLE,2003,5350907
SLE,2004,5533329
SLE,2005,5683334
SLE,2006,5809774
SLE,2007,5939163
SLE,2008,6090860
SLE,2009,6259842
SLE,2010,6436698
SLE,2011,6612385
SLE,2012,6788587
SLE,2013,6964859
SLE,2014,7140688
SLE,2015,7314773
SLE,2016,7493913
SLE,2017,7677565
SLE,2018,7861281
SLE,2019,8046828
SLE,2020,8233970
SLE,2021,8420641
SLE,2022,8605718
SLE,2023,8791092
SMR,1960,15556
SMR,1961,15895
SMR,1962,16242
SMR,1963,16583
SMR,1964,16926
SMR,1965,17273
SMR,1966,17588
SMR,1967,17907
SMR,1968,18291
SMR,1969,18403
SMR,1970,18169
SMR,1971,18212
SMR,1972,18575
SMR,1973,19010
SMR,1974,19439
SMR,1975,19803
SMR,1976,20160
SMR,1977,20482
SMR,1978,20795
SMR,1979,21087
SMR,1980,21346
SMR,1981,21596
SMR,1982,21804
SMR,1983,21973
SMR,1984,22096
SMR,1985,22241
SMR,1986,22390
SMR,1987,22437
SMR,1988,22542
SMR,1989,22803
SMR,1990,23132
SMR,1991,23459
SMR,1992,23808
SMR,1993,24181
SMR,1994,24535
SMR,1995,24886
SMR,1996,25235
SMR,1997,25596
SMR,1998,25997
SMR,1999,26404
SMR,2000,26823
SMR,2001,27335
SMR,2002,27969
SMR,2003,28601
SMR,2004,29093
SMR,2005,29508
SMR,2006,29959
SMR,2007,30372
SMR,2008,30700
SMR,2009,31059
SMR,2010,31608
SMR,2011,32495
SMR,2012,33132
SMR,2013,33285
SMR,2014,33389
SMR,2015,33570
SMR,2016,33834
SMR,2017,34056
SMR,2018,34156
SMR,2019,34178
SMR,2020,34007
SMR,2021,33745
SMR,2022,33660
SMR,2023,33642
SOM,1960,2870732
SOM,1961,2945662
SOM,1962,3022827
SOM,1963,3102170
SOM,1964,3183590
SOM,1965,3267593
SOM,1966,3353665
SOM,1967,3441799
SOM,1968,3532420
SOM,1969,3625274
SOM,1970,3720977
SOM,1971,3818389
SOM,1972,3918220
SOM,1973,4022336
SOM,1974,4125823
SOM,1975,4228289
SOM,1976,4333779
SOM,1977,4449505
SOM,1978,4777703
SOM,1979,5408813
SOM,1980,5892224
SOM,1981,5934938
SOM,1982,5951805
SOM,1983,6142513
SOM,1984,6369020
SOM,1985,6630637
SOM,1986,6908579
SOM,1987,7158004
SOM,1988,7160461
SOM,1989,7035378
SOM,1990,6999096
SOM,1991,6732702
SOM,1992,6428141
SOM,1993,6620729
SOM,1994,6959828
SOM,1995,7210930
SOM,1996,7472450
SOM,1997,7734313
SOM,1998,8056862
SOM,1999,8384479
SOM,2000,8721465
SOM,2001,9070747
SOM,2002,9411103
SOM,2003,9758281
SOM,2004,10117354
SOM,2005,10467292
SOM,2006,10784973
SOM,2007,11118092
SOM,2008,11444870
SOM,2009,11730037
SOM,2010,12026649
SOM,2011,12216837
SOM,2012,12440326
SOM,2013,12852485
SOM,2014,13309235
SOM,2015,13763906
SOM,2016,14292847
SOM,2017,14864221
SOM,2018,15411094
SOM,2019,15981300
SOM,2020,16537016
SOM,2021,17065581
SOM,2022,17597511
SOM,2023,18143378
SRB,1960,6608000
SRB,1961,6655000
SRB,1962,6696000
SRB,1963,6732000
SRB,1964,6765000
SRB,1965,6794000
SRB,1966,6841000
SRB,1967,6880000
SRB,1968,6915000
SRB,1969,6945000
SRB,1970,6972000
SRB,1971,7013000
SRB,1972,7053000
SRB,1973,7091000
SRB,1974,7128000
SRB,1975,7163000
SRB,1976,7214000
SRB,1977,7258000
SRB,1978,7297000
SRB,1979,7332000
SRB,1980,7362000
SRB,1981,7405000
SRB,1982,7440000
SRB,1983,7468000
SRB,1984,7489000
SRB,1985,7504000
SRB,1986,7536000
SRB,1987,7558000
SRB,1988,7572000
SRB,1989,7581000
SRB,1990,7586000
SRB,1991,7595636
SRB,1992,7646424
SRB,1993,7699307
SRB,1994,7734639
SRB,1995,7625357
SRB,1996,7617794
SRB,1997,7596501
SRB,1998,7567745
SRB,1999,7540401
SRB,2000,7516346
SRB,2001,7503433
SRB,2002,7496522
SRB,2003,7480591
SRB,2004,7463157
SRB,2005,7440769
SRB,2006,7411569
SRB,2007,7381579
SRB,2008,7350222
SRB,2009,7320807
SRB,2010,7291436
SRB,2011,7234099
SRB,2012,7199077
SRB,2013,7164132
SRB,2014,7130576
SRB,2015,7095383
SRB,2016,7058322
SRB,2017,7020858
SRB,2018,6982604
SRB,2019,6945235
SRB,2020,6899126
SRB,2021,6834326
SRB,2022,6664449
SRB,2023,6618026
SSD,1960,2907724
SSD,1961,2948953
SSD,1962,2992270
SSD,1963,3036238
SSD,1964,3088701
SSD,1965,3143622
SSD,1966,3185305
SSD,1967,3221957
SSD,1968,3261725
SSD,1969,3301892
SSD,1970,3342410
SSD,1971,3396808
SSD,1972,3464715
SSD,1973,3542465
SSD,1974,3629608
SSD,1975,3718279
SSD,1976,3808615
SSD,1977,3901044
SSD,1978,3995911
SSD,1979,4092792
SSD,1980,4192012
SSD,1981,4293866
SSD,1982,4398297
SSD,1983,4502541
SSD,1984,4603039
SSD,1985,4706975
SSD,1986,4819667
SSD,1987,4893809
SSD,1988,4814879
SSD,1989,4706626
SSD,1990,4750817
SSD,1991,4867185
SSD,1992,4956969
SSD,1993,5018172
SSD,1994,5142863
SSD,1995,5302042
SSD,1996,5434894
SSD,1997,5589410
SSD,1998,5699436
SSD,1999,5850145
SSD,2000,6114440
SSD,2001,6394431
SSD,2002,6686100
SSD,2003,6992367
SSD,2004,7317118
SSD,2005,7662654
SSD,2006,8029517
SSD,2007,8417823
SSD,2008,8823888
SSD,2009,9229227
SSD,2010,9714419
SSD,2011,10243050
SSD,2012,10701604
SSD,2013,11106031
SSD,2014,11213284
SSD,2015,11194299
SSD,2016,11066105
SSD,2017,10658226
SSD,2018,10395329
SSD,2019,10447666
SSD,2020,10606227
SSD,2021,10748272
SSD,2022,10913164
SSD,2023,11088796
STP,1960,68038
STP,1961,68705
STP,1962,69520
STP,1963,70272
STP,1964,70992
STP,1965,71730
STP,1966,72567
STP,1967,73564
STP,1968,74739
STP,1969,76059
STP,1970,77583
STP,1971,79226
STP,1972,80835
STP,1973,82472
STP,1974,84189
STP,1975,86037
STP,1976,88078
STP,1977,90299
STP,1978,92659
STP,1979,95017
STP,1980,97210
STP,1981,99170
STP,1982,100931
STP,1983,102650
STP,1984,104497
STP,1985,106607
STP,1986,108966
STP,1987,111610
STP,1988,114513
STP,1989,117445
STP,1990,120343
STP,1991,123084
STP,1992,125648
STP,1993,128182
STP,1994,130666
STP,1995,133077
STP,1996,135412
STP,1997,137656
STP,1998,139790
STP,1999,141808
STP,2000,143714
STP,2001,146258
STP,2002,149841
STP,2003,153762
STP,2004,157697
STP,2005,161680
STP,2006,165725
STP,2007,169845
STP,2008,174004
STP,2009,178128
STP,2010,182138
STP,2011,186044
STP,2012,189924
STP,2013,193757
STP,2014,197497
STP,2015,201124
STP,2016,204632
STP,2017,208036
STP,2018,211344
STP,2019,214599
STP,2020,218641
STP,2021,223107
STP,2022,227380
STP,2023,231856
SUI,1960,5327827
SUI,1961,5434294
SUI,1962,5573815
SUI,1963,5694247
SUI,1964,5789228
SUI,1965,5856472
SUI,1966,5918002
SUI,1967,5991785
SUI,1968,6067714
SUI,1969,6136387
SUI,1970,6180877
SUI,1971,6213399
SUI,1972,6260956
SUI,1973,6307347
SUI,1974,6341405
SUI,1975,6338632
SUI,1976,6302504
SUI,1977,6281174
SUI,1978,6281738
SUI,1979,6294365
SUI,1980,6319408
SUI,1981,6354074
SUI,1982,6391309
SUI,1983,6418773
SUI,1984,6441865
SUI,1985,6470365
SUI,1986,6504124
SUI,1987,6545106
SUI,1988,6593386
SUI,1989,6646912
SUI,1990,6715519
SUI,1991,6799978
SUI,1992,6875364
SUI,1993,6938265
SUI,1994,6993795
SUI,1995,7040687
SUI,1996,7071850
SUI,1997,7088906
SUI,1998,7110001
SUI,1999,7143991
SUI,2000,7184250
SUI,2001,7229854
SUI,2002,7284753
SUI,2003,7339001
SUI,2004,7389625
SUI,2005,7437115
SUI,2006,7483934
SUI,2007,7551117
SUI,2008,7647675
SUI,2009,7743831
SUI,2010,7824909
SUI,2011,7912398
SUI,2012,7996861
SUI,2013,8089346
SUI,2014,8188649
SUI,2015,8282396
SUI,2016,8373338
SUI,2017,8451840
SUI,2018,8514329
SUI,2019,8575280
SUI,2020,8638167
SUI,2021,8704546
SUI,2022,8775760
SUI,2023,8849852
SUR,1960,268396
SUR,1961,277969
SUR,1962,288291
SUR,1963,299332
SUR,1964,310288
SUR,1965,321069
SUR,1966,332142
SUR,1967,343620
SUR,1968,355468
SUR,1969,367618
SUR,1970,379918
SUR,1971,392026
SUR,1972,397529
SUR,1973,396331
SUR,1974,394519
SUR,1975,392137
SUR,1976,389231
SUR,1977,385810
SUR,1978,381885
SUR,1979,377362
SUR,1980,375112
SUR,1981,375859
SUR,1982,377288
SUR,1983,379409
SUR,1984,382617
SUR,1985,387171
SUR,1986,392372
SUR,1987,396867
SUR,1988,402139
SUR,1989,408360
SUR,1990,412756
SUR,1991,415981
SUR,1992,419521
SUR,1993,422375
SUR,1994,426548
SUR,1995,434490
SUR,1996,443834
SUR,1997,452887
SUR,1998,461749
SUR,1999,470458
SUR,2000,478998
SUR,2001,487394
SUR,2002,495666
SUR,2003,503780
SUR,2004,510572
SUR,2005,516220
SUR,2006,522023
SUR,2007,527946
SUR,2008,533938
SUR,2009,539987
SUR,2010,546080
SUR,2011,552146
SUR,2012,558111
SUR,2013,563947
SUR,2014,569682
SUR,2015,575475
SUR,2016,581453
SUR,2017,587559
SUR,2018,593715
SUR,2019,600301
SUR,2020,607065
SUR,2021,612985
SUR,2022,618040
SUR,2023,623236
SVK,1960,4068095
SVK,1961,4191667
SVK,1962,4238188
SVK,1963,4282017
SVK,1964,4327341
SVK,1965,4370983
SVK,1966,4411666
SVK,1967,4449367
SVK,1968,4483915
SVK,1969,4518607
SVK,1970,4538223
SVK,1971,4557449
SVK,1972,4596622
SVK,1973,4641445
SVK,1974,4689623
SVK,1975,4739105
SVK,1976,4789507
SVK,1977,4840501
SVK,1978,4890125
SVK,1979,4938973
SVK,1980,4979815
SVK,1981,5016105
SVK,1982,5055099
SVK,1983,5091971
SVK,1984,5127097
SVK,1985,5161768
SVK,1986,5193838
SVK,1987,5222840
SVK,1988,5250596
SVK,1989,5275942
SVK,1990,5299187
SVK,1991,5303294
SVK,1992,5305016
SVK,1993,5325305
SVK,1994,5346331
SVK,1995,5361999
SVK,1996,5373361
SVK,1997,5383291
SVK,1998,5390516
SVK,1999,5396020
SVK,2000,5388720
SVK,2001,5378867
SVK,2002,5376912
SVK,2003,5373374
SVK,2004,5372280
SVK,2005,5372807
SVK,2006,5373054
SVK,2007,5374622
SVK,2008,5379233
SVK,2009,5386406
SVK,2010,5391428
SVK,2011,5398384
SVK,2012,5407579
SVK,2013,5413393
SVK,2014,5418649
SVK,2015,5423801
SVK,2016,5430798
SVK,2017,5439232
SVK,2018,5446771
SVK,2019,5454147
SVK,2020,5458827
SVK,2021,5447247
SVK,2022,5431752
SVK,2023,5426740
SWE,1960,7484656
SWE,1961,7519998
SWE,1962,7561588
SWE,1963,7604328
SWE,1964,7661354
SWE,1965,7733853
SWE,1966,7807797
SWE,1967,7867931
SWE,1968,7912273
SWE,1969,7968072
SWE,1970,8042801
SWE,1971,8098334
SWE,1972,8122300
SWE,1973,8136312
SWE,1974,8159955
SWE,1975,8192437
SWE,1976,8222286
SWE,1977,8251540
SWE,1978,8275599
SWE,1979,8293678
SWE,1980,8310531
SWE,1981,8320503
SWE,1982,8325263
SWE,1983,8329033
SWE,1984,8336605
SWE,1985,8350386
SWE,1986,8369829
SWE,1987,8397804
SWE,1988,8436489
SWE,1989,8492964
SWE,1990,8558835
SWE,1991,8617375
SWE,1992,8668067
SWE,1993,8718561
SWE,1994,8780745
SWE,1995,8826939
SWE,1996,8840998
SWE,1997,8846062
SWE,1998,8850974
SWE,1999,8857874
SWE,2000,8872109
SWE,2001,8895960
SWE,2002,8924958
SWE,2003,8958229
SWE,2004,8993531
SWE,2005,9029572
SWE,2006,9080505
SWE,2007,9148092
SWE,2008,9219637
SWE,2009,9298515
SWE,2010,9378126
SWE,2011,9449213
SWE,2012,9519374
SWE,2013,9600379
SWE,2014,9696110
SWE,2015,9799186
SWE,2016,9923085
SWE,2017,10057698
SWE,2018,10175214
SWE,2019,10278887
SWE,2020,10353442
SWE,2021,10415811
SWE,2022,10486941
SWE,2023,10536632
SWZ,1960,345065
SWZ,1961,352971
SWZ,1962,361070
SWZ,1963,369527
SWZ,1964,378531
SWZ,1965,388317
SWZ,1966,398861
SWZ,1967,409638
SWZ,1968,420373
SWZ,1969,431366
SWZ,1970,442865
SWZ,1971,454913
SWZ,1972,467512
SWZ,1973,480668
SWZ,1974,494624
SWZ,1975,509535
SWZ,1976,525457
SWZ,1977,542328
SWZ,1978,560236
SWZ,1979,579091
SWZ,1980,598564
SWZ,1981,616210
SWZ,1982,634439
SWZ,1983,655505
SWZ,1984,677303
SWZ,1985,702400
SWZ,1986,730150
SWZ,1987,758669
SWZ,1988,794434
SWZ,1989,825952
SWZ,1990,854011
SWZ,1991,889712
SWZ,1992,925165
SWZ,1993,953451
SWZ,1994,953737
SWZ,1995,953573
SWZ,1996,973587
SWZ,1997,990734
SWZ,1998,1005158
SWZ,1999,1018370
SWZ,2000,1030496
SWZ,2001,1041396
SWZ,2002,1050809
SWZ,2003,1058797
SWZ,2004,1065764
SWZ,2005,1071886
SWZ,2006,1077735
SWZ,2007,1084008
SWZ,2008,1089870
SWZ,2009,1094886
SWZ,2010,1099920
SWZ,2011,1105371
SWZ,2012,1111444
SWZ,2013,1118319
SWZ,2014,1125865
SWZ,2015,1133936
SWZ,2016,1142524
SWZ,2017,1151390
SWZ,2018,1160428
SWZ,2019,1169613
SWZ,2020,1180655
SWZ,2021,1192271
SWZ,2022,1201670
SWZ,2023,1210822
SYR,1960,4610712
SYR,1961,4751534
SYR,1962,4894995
SYR,1963,5045245
SYR,1964,5202846
SYR,1965,5368451
SYR,1966,5542003
SYR,1967,5723306
SYR,1968,5912715
SYR,1969,6111364
SYR,1970,6319199
SYR,1971,6538526
SYR,1972,6768544
SYR,1973,7003114
SYR,1974,7244901
SYR,1975,7497126
SYR,1976,7758673
SYR,1977,8029313
SYR,1978,8310217
SYR,1979,8600747
SYR,1980,8898954
SYR,1981,9203635
SYR,1982,9510754
SYR,1983,9835461
SYR,1984,10183138
SYR,1985,10540926
SYR,1986,10907619
SYR,1987,11281107
SYR,1988,11657772
SYR,1989,12034097
SYR,1990,12408996
SYR,1991,12782281
SYR,1992,13156406
SYR,1993,13537060
SYR,1994,13922626
SYR,1995,14313450
SYR,1996,14708879
SYR,1997,15103996
SYR,1998,15500542
SYR,1999,15901201
SYR,2000,16307654
SYR,2001,16727948
SYR,2002,17164021
SYR,2003,17611356
SYR,2004,18084007
SYR,2005,18583557
SYR,2006,19432009
SYR,2007,20703005
SYR,2008,21474059
SYR,2009,21827220
SYR,2010,22337563
SYR,2011,22730733
SYR,2012,22605577
SYR,2013,21495821
SYR,2014,20072232
SYR,2015,19205178
SYR,2016,18964252
SYR,2017,18983373
SYR,2018,19333463
SYR,2019,20098251
SYR,2020,20772595
SYR,2021,21324367
SYR,2022,22125249
SYR,2023,23227014
THA,1960,26596584
THA,1961,27399963
THA,1962,28242174
THA,1963,29114124
THA,1964,30013573
THA,1965,30940270
THA,1966,31883754
THA,1967,32839341
THA,1968,33807357
THA,1969,34787583
THA,1970,35791728
THA,1971,36807997
THA,1972,37834384
THA,1973,38873060
THA,1974,39900961
THA,1975,40908471
THA,1976,41882128
THA,1977,42843802
THA,1978,43806715
THA,1979,44760091
THA,1980,45737753
THA,1981,46727292
THA,1982,47700340
THA,1983,48670565
THA,1984,49636724
THA,1985,50594940
THA,1986,51542094
THA,1987,52479181
THA,1988,53410965
THA,1989,54324004
THA,1990,55228410
THA,1991,56099865
THA,1992,56939020
THA,1993,57776082
THA,1994,58610010
THA,1995,59424834
THA,1996,60211096
THA,1997,60989108
THA,1998,61745217
THA,1999,62442651
THA,2000,63066603
THA,2001,63649892
THA,2002,64222580
THA,2003,64776956
THA,2004,65311166
THA,2005,65821360
THA,2006,66319525
THA,2007,66826754
THA,2008,67328239
THA,2009,67813654
THA,2010,68270489
THA,2011,68712846
THA,2012,69157023
THA,2013,69578602
THA,2014,69960943
THA,2015,70294397
THA,2016,70607037
THA,2017,70898202
THA,2018,71127802
THA,2019,71307763
THA,2020,71475664
THA,2021,71601103
THA,2022,71697030
THA,2023,71801279
TJK,1960,2131992
TJK,1961,2208026
TJK,1962,2287181
TJK,1963,2368868
TJK,1964,2452671
TJK,1965,2538295
TJK,1966,2625653
TJK,1967,2714959
TJK,1968,2806566
TJK,1969,2899854
TJK,1970,2993019
TJK,1971,3085961
TJK,1972,3180461
TJK,1973,3277487
TJK,1974,3377758
TJK,1975,3482125
TJK,1976,3590606
TJK,1977,3703010
TJK,1978,3818114
TJK,1979,3932682
TJK,1980,4045965
TJK,1981,4160745
TJK,1982,4278908
TJK,1983,4401502
TJK,1984,4529501
TJK,1985,4660598
TJK,1986,4798281
TJK,1987,4946293
TJK,1988,5100020
TJK,1989,5264332
TJK,1990,5417860
TJK,1991,5556306
TJK,1992,5656208
TJK,1993,5717806
TJK,1994,5803993
TJK,1995,5916173
TJK,1996,6035600
TJK,1997,6117069
TJK,1998,6156805
TJK,1999,6189565
TJK,2000,6272998
TJK,2001,6408810
TJK,2002,6541755
TJK,2003,6672492
TJK,2004,6801204
TJK,2005,6929145
TJK,2006,7057417
TJK,2007,7188391
TJK,2008,7324627
TJK,2009,7468596
TJK,2010,7621779
TJK,2011,7784819
TJK,2012,7956382
TJK,2013,8136610
TJK,2014,8326348
TJK,2015,8524063
TJK,2016,8725318
TJK,2017,8925525
TJK,2018,9128132
TJK,2019,9337003
TJK,2020,9543207
TJK,2021,9750064
TJK,2022,9952787
TJK,2023,10143543
TKM,1960,1602052
TKM,1961,1658569
TKM,1962,1716868
TKM,1963,1776387
TKM,1964,1836621
TKM,1965,1897095
TKM,1966,1957557
TKM,1967,2018024
TKM,1968,2078581
TKM,1969,2139557
TKM,1970,2201432
TKM,1971,2264434
TKM,1972,2328374
TKM,1973,2393323
TKM,1974,2459325
TKM,1975,2525760
TKM,1976,2592280
TKM,1977,2659019
TKM,1978,2726327
TKM,1979,2794392
TKM,1980,2862903
TKM,1981,2932934
TKM,1982,3005972
TKM,1983,3082202
TKM,1984,3162165
TKM,1985,3246887
TKM,1986,3336773
TKM,1987,3430501
TKM,1988,3525110
TKM,1989,3621303
TKM,1990,3720278
TKM,1991,3821782
TKM,1992,3926369
TKM,1993,4031698
TKM,1994,4133037
TKM,1995,4226623
TKM,1996,4301093
TKM,1997,4363672
TKM,1998,4431517
TKM,1999,4501079
TKM,2000,4569132
TKM,2001,4635094
TKM,2002,4698968
TKM,2003,4758988
TKM,2004,4819792
TKM,2005,4885775
TKM,2006,4954029
TKM,2007,5024894
TKM,2008,5100083
TKM,2009,5180957
TKM,2010,5267970
TKM,2011,5360811
TKM,2012,5458682
TKM,2013,5560095
TKM,2014,5663152
TKM,2015,5766431
TKM,2016,5868561
TKM,2017,5968383
TKM,2018,6065066
TKM,2019,6158420
TKM,2020,6250438
TKM,2021,6341855
TKM,2022,6430770
TKM,2023,6516100
TLS,1960,468573
TLS,1961,475796
TLS,1962,483324
TLS,1963,491117
TLS,1964,499136
TLS,1965,507477
TLS,1966,516197
TLS,1967,525274
TLS,1968,534649
TLS,1969,544242
TLS,1970,554021
TLS,1971,563953
TLS,1972,574014
TLS,1973,584035
TLS,1974,592277
TLS,1975,600126
TLS,1976,609650
TLS,1977,619308
TLS,1978,627671
TLS,1979,634549
TLS,1980,642224
TLS,1981,649250
TLS,1982,655112
TLS,1983,662412
TLS,1984,671373
TLS,1985,682109
TLS,1986,694250
TLS,1987,707762
TLS,1988,722690
TLS,1989,739735
TLS,1990,758106
TLS,1991,772655
TLS,1992,783705
TLS,1993,795179
TLS,1994,807115
TLS,1995,819226
TLS,1996,831269
TLS,1997,843341
TLS,1998,855409
TLS,1999,866649
TLS,2000,878360
TLS,2001,893001
TLS,2002,909639
TLS,2003,926721
TLS,2004,945989
TLS,2005,969313
TLS,2006,994564
TLS,2007,1019362
TLS,2008,1043076
TLS,2009,1065540
TLS,2010,1088486
TLS,2011,1112976
TLS,2012,1137676
TLS,2013,1161555
TLS,2014,1184830
TLS,2015,1205813
TLS,2016,1224562
TLS,2017,1243235
TLS,2018,1261845
TLS,2019,1280438
TLS,2020,1299995
TLS,2021,1320942
TLS,2022,1341296
TLS,2023,1360596
TTO,1960,847063
TTO,1961,865028
TTO,1962,881519
TTO,1963,897658
TTO,1964,913399
TTO,1965,928462
TTO,1966,942599
TTO,1967,955681
TTO,1968,967699
TTO,1969,978642
TTO,1970,988890
TTO,1971,1000130
TTO,1972,1013031
TTO,1973,1026563
TTO,1974,1040291
TTO,1975,1054017
TTO,1976,1067696
TTO,1977,1081693
TTO,1978,1096569
TTO,1979,1112310
TTO,1980,1127852
TTO,1981,1142695
TTO,1982,1157140
TTO,1983,1171273
TTO,1984,1184747
TTO,1985,1199785
TTO,1986,1216370
TTO,1987,1231442
TTO,1988,1244633
TTO,1989,1256210
TTO,1990,1266518
TTO,1991,1276224
TTO,1992,1285502
TTO,1993,1293974
TTO,1994,1301393
TTO,1995,1307822
TTO,1996,1313434
TTO,1997,1318171
TTO,1998,1322572
TTO,1999,1327063
TTO,2000,1332203
TTO,2001,1338567
TTO,2002,1345964
TTO,2003,1353548
TTO,2004,1361172
TTO,2005,1369075
TTO,2006,1376919
TTO,2007,1384861
TTO,2008,1392803
TTO,2009,1401191
TTO,2010,1410296
TTO,2011,1420020
TTO,2012,1430377
TTO,2013,1440729
TTO,2014,1450661
TTO,2015,1460177
TTO,2016,1469330
TTO,2017,1478607
TTO,2018,1504709
TTO,2019,1519955
TTO,2020,1518147
TTO,2021,1525663
TTO,2022,1531044
TTO,2023,1534937
TUN,1960,4195467
TUN,1961,4236386
TUN,1962,4281744
TUN,1963,4332926
TUN,1964,4389417
TUN,1965,4457282
TUN,1966,4548972
TUN,1967,4661271
TUN,1968,4785003
TUN,1969,4915162
TUN,1970,5047404
TUN,1971,5182040
TUN,1972,5320148
TUN,1973,5463650
TUN,1974,5613116
TUN,1975,5769074
TUN,1976,5929998
TUN,1977,6092769
TUN,1978,6254876
TUN,1979,6416191
TUN,1980,6578156
TUN,1981,6744050
TUN,1982,6914963
TUN,1983,7091270
TUN,1984,7279157
TUN,1985,7476092
TUN,1986,7675499
TUN,1987,7874302
TUN,1988,8068788
TUN,1989,8256396
TUN,1990,8440023
TUN,1991,8622853
TUN,1992,8802540
TUN,1993,8977173
TUN,1994,9143141
TUN,1995,9294102
TUN,1996,9430550
TUN,1997,9557948
TUN,1998,9677148
TUN,1999,9788067
TUN,2000,9893316
TUN,2001,9995123
TUN,2002,10094561
TUN,2003,10193798
TUN,2004,10292225
TUN,2005,10388344
TUN,2006,10483558
TUN,2007,10580395
TUN,2008,10680380
TUN,2009,10784504
TUN,2010,10895063
TUN,2011,11032528
TUN,2012,11174383
TUN,2013,11300284
TUN,2014,11428948
TUN,2015,11557779
TUN,2016,11685667
TUN,2017,11811443
TUN,2018,11933041
TUN,2019,12049314
TUN,2020,12161723
TUN,2021,12262946
TUN,2022,12356117
TUN,2023,12458223
TUR,1960,27510980
TUR,1961,28255002
TUR,1962,29033647
TUR,1963,29827877
TUR,1964,30612821
TUR,1965,31374536
TUR,1966,32172785
TUR,1967,33026490
TUR,1968,33884075
TUR,1969,34721990
TUR,1970,35540990
TUR,1971,36359957
TUR,1972,37188035
TUR,1973,38028236
TUR,1974,38863420
TUR,1975,39673590
TUR,1976,40500997
TUR,1977,41385656
TUR,1978,42292206
TUR,1979,43187476
TUR,1980,44089069
TUR,1981,44981877
TUR,1982,45949991
TUR,1983,47026425
TUR,1984,48106764
TUR,1985,49175673
TUR,1986,50223885
TUR,1987,51250152
TUR,1988,52275890
TUR,1989,53305234
TUR,1990,54324142
TUR,1991,55321172
TUR,1992,56302037
TUR,1993,57296008
TUR,1994,58310245
TUR,1995,59305490
TUR,1996,60293786
TUR,1997,61277426
TUR,1998,62242204
TUR,1999,63185615
TUR,2000,64113547
TUR,2001,65072018
TUR,2002,65988663
TUR,2003,66867327
TUR,2004,67785075
TUR,2005,68704715
TUR,2006,69601333
TUR,2007,70158112
TUR,2008,71051678
TUR,2009,72039206
TUR,2010,73142150
TUR,2011,74223629
TUR,2012,75175827
TUR,2013,76147624
TUR,2014,77181884
TUR,2015,78218479
TUR,2016,79277962
TUR,2017,80312698
TUR,2018,81407204
TUR,2019,82579440
TUR,2020,83384680
TUR,2021,84147318
TUR,2022,84979913
TUR,2023,85326000
TUV,1960,5404
TUV,1961,5436
TUV,1962,5471
TUV,1963,5503
TUV,1964,5525
TUV,1965,5548
TUV,1966,5591
TUV,1967,5657
TUV,1968,5729
TUV,1969,5779
TUV,1970,5814
TUV,1971,5854
TUV,1972,5891
TUV,1973,5934
TUV,1974,6100
TUV,1975,6381
TUV,1976,6677
TUV,1977,6984
TUV,1978,7297
TUV,1979,7552
TUV,1980,7731
TUV,1981,7874
TUV,1982,7993
TUV,1983,8099
TUV,1984,8197
TUV,1985,8329
TUV,1986,8496
TUV,1987,8665
TUV,1988,8844
TUV,1989,9017
TUV,1990,9182
TUV,1991,9354
TUV,1992,9466
TUV,1993,9517
TUV,1994,9559
TUV,1995,9585
TUV,1996,9611
TUV,1997,9630
TUV,1998,9634
TUV,1999,9640
TUV,2000,9638
TUV,2001,9621
TUV,2002,9609
TUV,2003,9668
TUV,2004,9791
TUV,2005,9912
TUV,2006,10030
TUV,2007,10149
TUV,2008,10272
TUV,2009,10408
TUV,2010,10550
TUV,2011,10700
TUV,2012,10854
TUV,2013,10918
TUV,2014,10899
TUV,2015,10877
TUV,2016,10852
TUV,2017,10828
TUV,2018,10865
TUV,2019,10956
TUV,2020,11069
TUV,2021,11204
TUV,2022,11312
TUV,2023,11396
UAE,1960,133426
UAE,1961,140984
UAE,1962,148877
UAE,1963,157006
UAE,1964,165305
UAE,1965,173797
UAE,1966,182509
UAE,1967,191404
UAE,1968,213582
UAE,1969,253261
UAE,1970,298084
UAE,1971,344513
UAE,1972,392368
UAE,1973,441546
UAE,1974,491955
UAE,1975,543394
UAE,1976,614177
UAE,1977,706861
UAE,1978,805231
UAE,1979,908452
UAE,1980,1014048
UAE,1981,1100180
UAE,1982,1167856
UAE,1983,1237572
UAE,1984,1308331
UAE,1985,1379536
UAE,1986,1468697
UAE,1987,1575909
UAE,1988,1683681
UAE,1989,1791840
UAE,1990,1900151
UAE,1991,2008383
UAE,1992,2116231
UAE,1993,2223284
UAE,1994,2329024
UAE,1995,2433988
UAE,1996,2572735
UAE,1997,2746119
UAE,1998,2921130
UAE,1999,3097563
UAE,2000,3275333
UAE,2001,3454198
UAE,2002,3633655
UAE,2003,3813443
UAE,2004,3993339
UAE,2005,4280993
UAE,2006,4898954
UAE,2007,5872624
UAE,2008,6988685
UAE,2009,7992644
UAE,2010,8481771
UAE,2011,8575205
UAE,2012,8664969
UAE,2013,8751847
UAE,2014,8835951
UAE,2015,8916899
UAE,2016,8994263
UAE,2017,9068296
UAE,2018,9140169
UAE,2019,9211657
UAE,2020,9287289
UAE,2021,9365145
UAE,2022,9441129
UAE,2023,9516871
UGA,1960,7617746
UGA,1961,7838440
UGA,1962,8068828
UGA,1963,8311013
UGA,1964,8564755
UGA,1965,8829056
UGA,1966,9104743
UGA,1967,9393432
UGA,1968,9696370
UGA,1969,10006526
UGA,1970,10317212
UGA,1971,10616338
UGA,1972,10885563
UGA,1973,11146099
UGA,1974,11428676
UGA,1975,11730959
UGA,1976,12045227
UGA,1977,12369253
UGA,1978,12701999
UGA,1979,13011511
UGA,1980,13284026
UGA,1981,13563558
UGA,1982,13880052
UGA,1983,14228932
UGA,1984,14617944
UGA,1985,15038915
UGA,1986,15486807
UGA,1987,15974216
UGA,1988,16489323
UGA,1989,17028543
UGA,1990,17586630
UGA,1991,18171935
UGA,1992,18801966
UGA,1993,19462958
UGA,1994,20125021
UGA,1995,20680831
UGA,1996,21249572
UGA,1997,21876935
UGA,1998,22537658
UGA,1999,23279247
UGA,2000,24020697
UGA,2001,24763325
UGA,2002,25545090
UGA,2003,26354736
UGA,2004,27146084
UGA,2005,27946588
UGA,2006,28773227
UGA,2007,29629804
UGA,2008,30509862
UGA,2009,31412520
UGA,2010,32341728
UGA,2011,33295738
UGA,2012,34273295
UGA,2013,35273570
UGA,2014,36336539
UGA,2015,37477356
UGA,2016,38748299
UGA,2017,40127085
UGA,2018,41515395
UGA,2019,42949080
UGA,2020,44404611
UGA,2021,45853778
UGA,2022,47249585
UGA,2023,48582334
UKR,1960,42767251
UKR,1961,43365219
UKR,1962,43924755
UKR,1963,44445903
UKR,1964,44941406
UKR,1965,45387091
UKR,1966,45809120
UKR,1967,46235370
UKR,1968,46635196
UKR,1969,46990889
UKR,1970,47279086
UKR,1971,47597756
UKR,1972,47974187
UKR,1973,48301548
UKR,1974,48602694
UKR,1975,48892187
UKR,1976,49144535
UKR,1977,49357430
UKR,1978,49536615
UKR,1979,49739734
UKR,1980,49973920
UKR,1981,50221000
UKR,1982,50384000
UKR,1983,50564000
UKR,1984,50754000
UKR,1985,50917000
UKR,1986,51097000
UKR,1987,51293000
UKR,1988,51521000
UKR,1989,51773000
UKR,1990,51891400
UKR,1991,52000500
UKR,1992,52150400
UKR,1993,52179200
UKR,1994,51921400
UKR,1995,51512800
UKR,1996,51057800
UKR,1997,50594600
UKR,1998,50144500
UKR,1999,49674000
UKR,2000,49176500
UKR,2001,48662400
UKR,2002,48202470
UKR,2003,47812949
UKR,2004,47451626
UKR,2005,47105171
UKR,2006,46787786
UKR,2007,46509355
UKR,2008,46258189
UKR,2009,46053331
UKR,2010,45870741
UKR,2011,45706086
UKR,2012,45593342
UKR,2013,45489648
UKR,2014,45272155
UKR,2015,45167350
UKR,2016,45038236
UKR,2017,44880758
UKR,2018,44690584
UKR,2019,44474512
UKR,2020,44207754
UKR,2021,43848986
UKR,2022,38000000
UKR,2023,37000000
USA,1960,180671000
USA,1961,183691000
USA,1962,186538000
USA,1963,189242000
USA,1964,191889000
USA,1965,194303000
USA,1966,196560000
USA,1967,198712000
USA,1968,200706000
USA,1969,202677000
USA,1970,205052000
USA,1971,207661000
USA,1972,209896000
USA,1973,211909000
USA,1974,213854000
USA,1975,215973000
USA,1976,218035000
USA,1977,220239000
USA,1978,222585000
USA,1979,225055000
USA,1980,227225000
USA,1981,229466000
USA,1982,231664000
USA,1983,233792000
USA,1984,235825000
USA,1985,237924000
USA,1986,240133000
USA,1987,242289000
USA,1988,244499000
USA,1989,246819000
USA,1990,249623000
USA,1991,252981000
USA,1992,256514000
USA,1993,259919000
USA,1994,263126000
USA,1995,266278000
USA,1996,269394000
USA,1997,272657000
USA,1998,275854000
USA,1999,279040000
USA,2000,282162411
USA,2001,284968955
USA,2002,287625193
USA,2003,290107933
USA,2004,292805298
USA,2005,295516599
USA,2006,298379912
USA,2007,301231207
USA,2008,304093966
USA,2009,306771529
USA,2010,309327143
USA,2011,311583481
USA,2012,313877662
USA,2013,316059947
USA,2014,318386329
USA,2015,320738994
USA,2016,323071755
USA,2017,325122128
USA,2018,326838199
USA,2019,328329953
USA,2020,331526933
USA,2021,332048977
USA,2022,333271411
USA,2023,334914895
UZB,1960,8372311
UZB,1961,8692048
UZB,1962,9038222
UZB,1963,9394588
UZB,1964,9758147
UZB,1965,10130096
UZB,1966,10504969
UZB,1967,10881533
UZB,1968,11261600
UZB,1969,11641640
UZB,1970,12011361
UZB,1971,12370120
UZB,1972,12733242
UZB,1973,13107928
UZB,1974,13494711
UZB,1975,13894347
UZB,1976,14307397
UZB,1977,14731709
UZB,1978,15154314
UZB,1979,15558907
UZB,1980,15947129
UZB,1981,16335642
UZB,1982,16735643
UZB,1983,17152857
UZB,1984,17594364
UZB,1985,18063201
UZB,1986,18560008
UZB,1987,19077170
UZB,1988,19600028
UZB,1989,20102902
UZB,1990,20510000
UZB,1991,20952000
UZB,1992,21449000
UZB,1993,21942000
UZB,1994,22377000
UZB,1995,22785000
UZB,1996,23225000
UZB,1997,23667000
UZB,1998,24051000
UZB,1999,24311650
UZB,2000,24650400
UZB,2001,24964450
UZB,2002,25271850
UZB,2003,25567650
UZB,2004,25864350
UZB,2005,26167000
UZB,2006,26488250
UZB,2007,26868000
UZB,2008,27302800
UZB,2009,27767400
UZB,2010,28562400
UZB,2011,29339400
UZB,2012,29774500
UZB,2013,30243200
UZB,2014,30757700
UZB,2015,31298900
UZB,2016,31847900
UZB,2017,32388600
UZB,2018,32956100
UZB,2019,33580350
UZB,2020,34232050
UZB,2021,34915100
UZB,2022,35648100
UZB,2023,36412350
VEN,1960,8156937
VEN,1961,8453106
VEN,1962,8754082
VEN,1963,9059953
VEN,1964,9371333
VEN,1965,9688138
VEN,1966,10010685
VEN,1967,10338848
VEN,1968,10672654
VEN,1969,11011335
VEN,1970,11355475
VEN,1971,11705674
VEN,1972,12061621
VEN,1973,12424804
VEN,1974,12796220
VEN,1975,13176387
VEN,1976,13566112
VEN,1977,13965250
VEN,1978,14372959
VEN,1979,14788523
VEN,1980,15210443
VEN,1981,15638426
VEN,1982,16071654
VEN,1983,16509596
VEN,1984,16953234
VEN,1985,17402304
VEN,1986,17860872
VEN,1987,18328655
VEN,1988,18800770
VEN,1989,19275292
VEN,1990,19750579
VEN,1991,20226214
VEN,1992,20700461
VEN,1993,21172100
VEN,1994,21640833
VEN,1995,22107286
VEN,1996,22572110
VEN,1997,23037561
VEN,1998,23503819
VEN,1999,23966960
VEN,2000,24427729
VEN,2001,24880203
VEN,2002,25330929
VEN,2003,25782029
VEN,2004,26226927
VEN,2005,26668785
VEN,2006,27102081
VEN,2007,27525097
VEN,2008,27933833
VEN,2009,28327892
VEN,2010,28715022
VEN,2011,29096159
VEN,2012,29470426
VEN,2013,29838021
VEN,2014,30193258
VEN,2015,30529716
VEN,2016,30741464
VEN,2017,30563433
VEN,2018,29825653
VEN,2019,28971683
VEN,2020,28490453
VEN,2021,28199867
VEN,2022,28301696
VEN,2023,28838499
VIE,1960,32718461
VIE,1961,33621982
VIE,1962,34533889
VIE,1963,35526727
VIE,1964,36509166
VIE,1965,37466077
VIE,1966,38388210
VIE,1967,39282564
VIE,1968,40145287
VIE,1969,41015865
VIE,1970,41928849
VIE,1971,42916624
VIE,1972,43906019
VIE,1973,44891281
VIE,1974,45898698
VIE,1975,46969616
VIE,1976,48163573
VIE,1977,49418150
VIE,1978,50701458
VIE,1979,51831389
VIE,1980,52968270
VIE,1981,54280394
VIE,1982,55632153
VIE,1983,57011444
VIE,1984,58406863
VIE,1985,59811313
VIE,1986,61221107
VIE,1987,62630787
VIE,1988,64037514
VIE,1989,65466361
VIE,1990,66912613
VIE,1991,68358820
VIE,1992,69788747
VIE,1993,71176405
VIE,1994,72501087
VIE,1995,73759110
VIE,1996,74946448
VIE,1997,76058603
VIE,1998,77128424
VIE,1999,78123713
VIE,2000,79001142
VIE,2001,79817777
VIE,2002,80642308
VIE,2003,81475825
VIE,2004,82311227
VIE,2005,83142095
VIE,2006,83951800
VIE,2007,84762269
VIE,2008,85597241
VIE,2009,86482923
VIE,2010,87411012
VIE,2011,88349117
VIE,2012,89301326
VIE,2013,90267739
VIE,2014,91235504
VIE,2015,92191398
VIE,2016,93126529
VIE,2017,94033048
VIE,2018,94914330
VIE,2019,95776716
VIE,2020,96648685
VIE,2021,97468029
VIE,2022,98186856
VIE,2023,98858950
YEM,1960,5542459
YEM,1961,5646668
YEM,1962,5753386
YEM,1963,5860197
YEM,1964,5973803
YEM,1965,6097298
YEM,1966,6228430
YEM,1967,6368014
YEM,1968,6515904
YEM,1969,6673981
YEM,1970,6843607
YEM,1971,7024196
YEM,1972,7215835
YEM,1973,7417736
YEM,1974,7630190
YEM,1975,7855657
YEM,1976,8094985
YEM,1977,8348182
YEM,1978,8615301
YEM,1979,8899922
YEM,1980,9204938
YEM,1981,9529105
YEM,1982,9872292
YEM,1983,10237391
YEM,1984,10625687
YEM,1985,11036918
YEM,1986,11465444
YEM,1987,11915563
YEM,1988,12387238
YEM,1989,12872362
YEM,1990,13375121
YEM,1991,13895851
YEM,1992,14433771
YEM,1993,14988047
YEM,1994,15553171
YEM,1995,16103339
YEM,1996,16614326
YEM,1997,17108681
YEM,1998,17608133
YEM,1999,18114552
YEM,2000,18628700
YEM,2001,19143457
YEM,2002,19660653
YEM,2003,20188799
YEM,2004,20733406
YEM,2005,21320671
YEM,2006,21966298
YEM,2007,22641538
YEM,2008,23329004
YEM,2009,24029589
YEM,2010,24743946
YEM,2011,25475610
YEM,2012,26223391
YEM,2013,26984002
YEM,2014,27753304
YEM,2015,28516545
YEM,2016,29274002
YEM,2017,30034389
YEM,2018,30790513
YEM,2019,31546691
YEM,2020,32284046
YEM,2021,32981641
YEM,2022,33696614
YEM,2023,34449825
